發生年度,發生月份,發生日期,發生時間,事故類別名稱,處理單位名稱警局層,發生地點,天候名稱,光線名稱,道路類別-第1當事者-名稱,速限-第1當事者,道路型態大類別名稱,道路型態子類別名稱,事故位置大類別名稱,事故位置子類別名稱,路面狀況-路面鋪裝名稱,路面狀況-路面狀態名稱,路面狀況-路面缺陷名稱,道路障礙-障礙物名稱,道路障礙-視距品質名稱,道路障礙-視距名稱,號誌-號誌種類名稱,號誌-號誌動作名稱,車道劃分設施-分向設施大類別名稱,車道劃分設施-分向設施子類別名稱,車道劃分設施-分道設施-快車道或一般車道間名稱,車道劃分設施-分道設施-快慢車道間名稱,車道劃分設施-分道設施-路面邊線名稱,事故類型及型態大類別名稱,事故類型及型態子類別名稱,肇因研判大類別名稱-主要,肇因研判子類別名稱-主要,死亡受傷人數,當事者順位,當事者區分-類別-大類別名稱-車種,當事者區分-類別-子類別名稱-車種,當事者屬-性-別名稱,當事者事故發生時年齡,保護裝備名稱,行動電話或電腦或其他相類功能裝置名稱,當事者行動狀態大類別名稱,當事者行動狀態子類別名稱,車輛撞擊部位大類別名稱-最初,車輛撞擊部位子類別名稱-最初,車輛撞擊部位大類別名稱-其他,車輛撞擊部位子類別名稱-其他,肇因研判大類別名稱-個別,肇因研判子類別名稱-個別,肇事逃逸類別名稱-是否肇逃,經度,緯度
2020,1,20200101,141500,A1,高雄市政府警察局,高雄市小港區沿海二路山明783燈桿號前0.0公尺,晴,日間自然光線,市區道路,50,單路部分,直路,路段,機車專用道,柏油,乾燥,無缺陷,無障礙物,良好,良好,無號誌,無號誌,中央分向島,寛式(50公分以上),車道線(無標記),寛式快慢車道分隔島(50公分以上),有,汽(機)車本身,路上翻車、摔倒,駕駛人,未依規定減速,死亡1;受傷0,2,,,無或物(動物、堆置物),109,,,,,,,,,無(非車輛駕駛人因素),尚未發現肇事因素,否,120.372052,22.541141
2020,1,20200101,141500,A1,高雄市政府警察局,高雄市小港區沿海二路山明783燈桿號前0.0公尺,晴,日間自然光線,市區道路,50,單路部分,直路,路段,機車專用道,柏油,乾燥,無缺陷,無障礙物,良好,良好,無號誌,無號誌,中央分向島,寛式(50公分以上),車道線(無標記),寛式快慢車道分隔島(50公分以上),有,汽(機)車本身,路上翻車、摔倒,駕駛人,未依規定減速,死亡1;受傷0,1,機車,普通重型,男,22,戴安全帽或繫安全帶(使用幼童安全椅),未使用,車的狀態,向前直行中,機車,右側車身,機車,右側車身,駕駛人,未依規定減速,否,120.372052,22.541141
2020,1,20200101,175800,A1,新北市政府警察局,新北市新店區祥和路 / 新北市新店區車子路,陰,夜間(或隧道、地下道、涵洞)有照明,市區道路,50,交岔路,三岔路,交叉路口,交叉路口內,柏油,乾燥,無缺陷,無障礙物,良好,良好,行車管制號誌,正常,中央分向島,窄式無柵欄,未繪設車道線,未繪設快慢車道分隔線,無,車與車,側撞,駕駛人,違反號誌管制或指揮,死亡1;受傷1,1,機車,普通重型,男,61,戴安全帽或繫安全帶(使用幼童安全椅),未使用,車的狀態,左轉彎,機車,左側車身,機車,左側車身,駕駛人,違反號誌管制或指揮,否,121.504547,24.957630
2020,1,20200101,175800,A1,新北市政府警察局,新北市新店區祥和路 / 新北市新店區車子路,陰,夜間(或隧道、地下道、涵洞)有照明,市區道路,50,交岔路,三岔路,交叉路口,交叉路口內,柏油,乾燥,無缺陷,無障礙物,良好,良好,行車管制號誌,正常,中央分向島,窄式無柵欄,未繪設車道線,未繪設快慢車道分隔線,無,車與車,側撞,駕駛人,違反號誌管制或指揮,死亡1;受傷1,2,機車,大型重型2(250-550C.C.),男,37,戴安全帽或繫安全帶(使用幼童安全椅),未使用,車的狀態,向前直行中,機車,前車頭,機車,前車頭,駕駛人,未注意車前狀態,否,121.504547,24.957630
2020,1,20200101,215700,A1,臺中市政府警察局,臺中市潭子區東寶里雅潭路二段75號前0.0公尺,晴,夜間(或隧道、地下道、涵洞)有照明,市區道路,50,交岔路,三岔路,交叉路口,交叉口附近,柏油,乾燥,無缺陷,無障礙物,良好,良好,無號誌,無號誌,中央分向島,寛式(50公分以上),車道線(無標記),快慢車道分隔線,有,車與車,其他,駕駛人,未注意車前狀態,死亡1;受傷1,1,機車,普通重型,女,21,戴安全帽或繫安全帶(使用幼童安全椅),未使用,車的狀態,向前直行中,機車,前車頭,,,駕駛人,未注意車前狀態,否,120.695863,24.216056
2020,1,20200101,215700,A1,臺中市政府警察局,臺中市潭子區東寶里雅潭路二段75號前0.0公尺,晴,夜間(或隧道、地下道、涵洞)有照明,市區道路,50,交岔路,三岔路,交叉路口,交叉口附近,柏油,乾燥,無缺陷,無障礙物,良好,良好,無號誌,無號誌,中央分向島,寛式(50公分以上),車道線(無標記),快慢車道分隔線,有,車與車,其他,駕駛人,未注意車前狀態,死亡1;受傷1,2,機車,普通重型,女,28,戴安全帽或繫安全帶(使用幼童安全椅),未使用,車的狀態,迴轉或橫越道路中,機車,前車頭,,,駕駛人,迴轉未依規定,否,120.695863,24.216056
2020,1,20200102,054000,A1,彰化縣警察局,彰化縣和美鎮地潭里彰新路6段182號前0.0公尺前,晴,夜間(或隧道、地下道、涵洞)有照明,縣道,50,單路部分,直路,路段,慢車道,柏油,乾燥,無缺陷,無障礙物,良好,良好,無號誌,無號誌,雙向禁止超車線,無標記,未繪設車道線,快慢車道分隔線,有,車與車,追撞,駕駛人,未注意車前狀態,死亡1;受傷1,3,,,無或物(動物、堆置物),0,,,,,,,,,無(非車輛駕駛人因素),尚未發現肇事因素,否,120.508579,24.140725
2020,1,20200102,054000,A1,彰化縣警察局,彰化縣和美鎮地潭里彰新路6段182號前0.0公尺前,晴,夜間(或隧道、地下道、涵洞)有照明,縣道,50,單路部分,直路,路段,慢車道,柏油,乾燥,無缺陷,無障礙物,良好,良好,無號誌,無號誌,雙向禁止超車線,無標記,未繪設車道線,快慢車道分隔線,有,車與車,追撞,駕駛人,未注意車前狀態,死亡1;受傷1,2,慢車,腳踏自行車,男,71,其他(行人、慢車駕駛人),非汽(機)車駕駛人,人的狀態,不明,其他,非汽(機)車,,,無(車輛駕駛人因素),尚未發現肇事因素,否,120.508579,24.140725
2020,1,20200102,054000,A1,彰化縣警察局,彰化縣和美鎮地潭里彰新路6段182號前0.0公尺前,晴,夜間(或隧道、地下道、涵洞)有照明,縣道,50,單路部分,直路,路段,慢車道,柏油,乾燥,無缺陷,無障礙物,良好,良好,無號誌,無號誌,雙向禁止超車線,無標記,未繪設車道線,快慢車道分隔線,有,車與車,追撞,駕駛人,未注意車前狀態,死亡1;受傷1,1,小貨車(含客、貨兩用),自用,男,61,戴安全帽或繫安全帶(使用幼童安全椅),未使用,車的狀態,向前直行中,汽車,前車頭,,,駕駛人,未注意車前狀態,否,120.508579,24.140725
2020,1,20200102,084000,A1,嘉義縣警察局,嘉義縣梅山鄉永興村台3線271.2公里,晴,日間自然光線,省道,60,單路部分,坡路,路段,路肩、路緣,柏油,乾燥,無缺陷,無障礙物,良好,良好,無號誌,無號誌,雙向禁止超車線,附標記,車道線(無標記),快慢車道分隔線,有,汽(機)車本身,撞路樹、電桿,駕駛人,未注意車前狀態,死亡1;受傷0,2,,,無或物(動物、堆置物),-1,,,,,,,,,無(非車輛駕駛人因素),尚未發現肇事因素,否,120.559040,23.565369
2020,1,20200102,084000,A1,嘉義縣警察局,嘉義縣梅山鄉永興村台3線271.2公里,晴,日間自然光線,省道,60,單路部分,坡路,路段,路肩、路緣,柏油,乾燥,無缺陷,無障礙物,良好,良好,無號誌,無號誌,雙向禁止超車線,附標記,車道線(無標記),快慢車道分隔線,有,汽(機)車本身,撞路樹、電桿,駕駛人,未注意車前狀態,死亡1;受傷0,1,小貨車(含客、貨兩用),自用,男,70,不明,不明,車的狀態,向前直行中,汽車,右前車頭(身),,,駕駛人,未注意車前狀態,否,120.559040,23.565369
2020,1,20200102,090000,A1,雲林縣警察局,雲林縣斗六市大同路34號前,晴,日間自然光線,市區道路,50,單路部分,直路,路段,慢車道,柏油,乾燥,無缺陷,無障礙物,良好,良好,無號誌,無號誌,雙向禁止超車線,無標記,車道線(無標記),快慢車道分隔線,有,人與汽(機)車,其他,駕駛人,倒車未依規定,死亡1;受傷0,2,人,行人,女,71,其他(行人、慢車駕駛人),非汽(機)車駕駛人,人的狀態,其他,其他,非汽(機)車,,,無(非車輛駕駛人因素),尚未發現肇事因素,否,120.541703,23.710441
2020,1,20200102,090000,A1,雲林縣警察局,雲林縣斗六市大同路34號前,晴,日間自然光線,市區道路,50,單路部分,直路,路段,慢車道,柏油,乾燥,無缺陷,無障礙物,良好,良好,無號誌,無號誌,雙向禁止超車線,無標記,車道線(無標記),快慢車道分隔線,有,人與汽(機)車,其他,駕駛人,倒車未依規定,死亡1;受傷0,1,小貨車(含客、貨兩用),自用,男,78,戴安全帽或繫安全帶(使用幼童安全椅),未使用,車的狀態,倒車,汽車,右側車身,,,駕駛人,倒車未依規定,否,120.541703,23.710441
2020,1,20200102,090000,A1,雲林縣警察局,雲林縣斗六市大同路34號前,晴,日間自然光線,市區道路,50,單路部分,直路,路段,慢車道,柏油,乾燥,無缺陷,無障礙物,良好,良好,無號誌,無號誌,雙向禁止超車線,無標記,車道線(無標記),快慢車道分隔線,有,人與汽(機)車,其他,駕駛人,倒車未依規定,死亡1;受傷0,3,小貨車(含客、貨兩用),自用,男,37,戴安全帽或繫安全帶(使用幼童安全椅),未使用,車的狀態,向前直行中,汽車,左前車頭(身),,,無(車輛駕駛人因素),尚未發現肇事因素,否,120.541703,23.710441
2020,1,20200102,164000,A1,臺中市政府警察局,臺中市沙鹿區竹林里中山路前0.0公尺,晴,晨或暮光,市區道路,50,單路部分,直路,路段,快車道,柏油,乾燥,無缺陷,無障礙物,良好,良好,無號誌,無號誌,雙向禁止超車線,附標記,未繪設車道線,快慢車道分隔線,無,車與車,對撞,駕駛人,逆向行駛,死亡2;受傷2,1,小客車,租賃車,男,27,戴安全帽或繫安全帶(使用幼童安全椅),未使用,車的狀態,向前直行中,汽車,前車頭,,,駕駛人,逆向行駛,否,120.580210,24.242317
2020,1,20200102,164000,A1,臺中市政府警察局,臺中市沙鹿區竹林里中山路前0.0公尺,晴,晨或暮光,市區道路,50,單路部分,直路,路段,快車道,柏油,乾燥,無缺陷,無障礙物,良好,良好,無號誌,無號誌,雙向禁止超車線,附標記,未繪設車道線,快慢車道分隔線,無,車與車,對撞,駕駛人,逆向行駛,死亡2;受傷2,2,機車,普通重型,男,21,戴安全帽或繫安全帶(使用幼童安全椅),未使用,車的狀態,向前直行中,機車,前車頭,,,無(車輛駕駛人因素),尚未發現肇事因素,否,120.580210,24.242317
2020,1,20200102,164000,A1,臺中市政府警察局,臺中市沙鹿區竹林里中山路前0.0公尺,晴,晨或暮光,市區道路,50,單路部分,直路,路段,快車道,柏油,乾燥,無缺陷,無障礙物,良好,良好,無號誌,無號誌,雙向禁止超車線,附標記,未繪設車道線,快慢車道分隔線,無,車與車,對撞,駕駛人,逆向行駛,死亡2;受傷2,3,人,乘客,男,20,戴安全帽或繫安全帶(使用幼童安全椅),非汽(機)車駕駛人,人的狀態,其他,其他,非汽(機)車,,,無(非車輛駕駛人因素),尚未發現肇事因素,否,120.580210,24.242317
2020,1,20200102,164000,A1,臺中市政府警察局,臺中市沙鹿區竹林里中山路前0.0公尺,晴,晨或暮光,市區道路,50,單路部分,直路,路段,快車道,柏油,乾燥,無缺陷,無障礙物,良好,良好,無號誌,無號誌,雙向禁止超車線,附標記,未繪設車道線,快慢車道分隔線,無,車與車,對撞,駕駛人,逆向行駛,死亡2;受傷2,4,人,乘客,女,22,戴安全帽或繫安全帶(使用幼童安全椅),非汽(機)車駕駛人,人的狀態,其他,其他,非汽(機)車,,,無(非車輛駕駛人因素),尚未發現肇事因素,否,120.580210,24.242317
2020,1,20200102,192100,A1,新北市政府警察局,新北市板橋區板城路85之1號前0.0公尺,晴,夜間(或隧道、地下道、涵洞)有照明,市區道路,50,單路部分,直路,路段,一般車道(未劃分快慢車道),柏油,乾燥,無缺陷,道路工事(程)中,良好,良好,無號誌,無號誌,雙向禁止超車線,無標記,未繪設車道線,快慢車道分隔線,無,汽(機)車本身,撞工程施工,駕駛人,未注意車前狀態,死亡1;受傷0,2,,,無或物(動物、堆置物),36,,,,,,,,,交通管制(設施),其他交通管制不當,否,121.448327,24.996772
2020,1,20200102,192100,A1,新北市政府警察局,新北市板橋區板城路85之1號前0.0公尺,晴,夜間(或隧道、地下道、涵洞)有照明,市區道路,50,單路部分,直路,路段,一般車道(未劃分快慢車道),柏油,乾燥,無缺陷,道路工事(程)中,良好,良好,無號誌,無號誌,雙向禁止超車線,無標記,未繪設車道線,快慢車道分隔線,無,汽(機)車本身,撞工程施工,駕駛人,未注意車前狀態,死亡1;受傷0,1,機車,普通重型,男,25,戴安全帽或繫安全帶(使用幼童安全椅),未使用,車的狀態,向前直行中,機車,前車頭,機車,前車頭,駕駛人,未注意車前狀態,否,121.448327,24.996772
2020,1,20200102,192100,A1,新北市政府警察局,新北市板橋區板城路85之1號前0.0公尺,晴,夜間(或隧道、地下道、涵洞)有照明,市區道路,50,單路部分,直路,路段,一般車道(未劃分快慢車道),柏油,乾燥,無缺陷,道路工事(程)中,良好,良好,無號誌,無號誌,雙向禁止超車線,無標記,未繪設車道線,快慢車道分隔線,無,汽(機)車本身,撞工程施工,駕駛人,未注意車前狀態,死亡1;受傷0,4,其他車,動力機械,男,55,戴安全帽或繫安全帶(使用幼童安全椅),未使用,車的狀態,等待(引擎未熄火),其他,不明,其他,不明,無(車輛駕駛人因素),尚未發現肇事因素,否,121.448327,24.996772
2020,1,20200102,192100,A1,新北市政府警察局,新北市板橋區板城路85之1號前0.0公尺,晴,夜間(或隧道、地下道、涵洞)有照明,市區道路,50,單路部分,直路,路段,一般車道(未劃分快慢車道),柏油,乾燥,無缺陷,道路工事(程)中,良好,良好,無號誌,無號誌,雙向禁止超車線,無標記,未繪設車道線,快慢車道分隔線,無,汽(機)車本身,撞工程施工,駕駛人,未注意車前狀態,死亡1;受傷0,3,大貨車,營業用,男,62,戴安全帽或繫安全帶(使用幼童安全椅),未使用,車的狀態,等待(引擎未熄火),汽車,後車尾,汽車,後車尾,無(車輛駕駛人因素),尚未發現肇事因素,否,121.448327,24.996772
2020,1,20200102,224400,A1,新北市政府警察局,新北市八里區龍米路2段前0.0公尺,晴,日間自然光線,市區道路,50,單路部分,彎曲路及附近,路段,一般車道(未劃分快慢車道),柏油,乾燥,無缺陷,無障礙物,良好,良好,無號誌,無號誌,中央分向島,寛式(50公分以上),車道線(無標記),快慢車道分隔線,無,汽(機)車本身,撞護欄(樁),駕駛人,超速失控,死亡1;受傷0,2,,,無或物(動物、堆置物),0,,,,,,,,,無(非車輛駕駛人因素),動物竄出,否,121.435911,25.156852
2020,1,20200102,224400,A1,新北市政府警察局,新北市八里區龍米路2段前0.0公尺,晴,日間自然光線,市區道路,50,單路部分,彎曲路及附近,路段,一般車道(未劃分快慢車道),柏油,乾燥,無缺陷,無障礙物,良好,良好,無號誌,無號誌,中央分向島,寛式(50公分以上),車道線(無標記),快慢車道分隔線,無,汽(機)車本身,撞護欄(樁),駕駛人,超速失控,死亡1;受傷0,1,機車,普通重型,男,19,戴安全帽或繫安全帶(使用幼童安全椅),未使用,車的狀態,向前直行中,機車,前車頭,機車,前車頭,駕駛人,超速失控,否,121.435911,25.156852
2020,1,20200103,023800,A1,新北市政府警察局,新北市中和區景平路 / 新北市中和區景安路,陰,夜間(或隧道、地下道、涵洞)有照明,市區道路,30,交岔路,四岔路,交叉路口,交叉路口內,柏油,乾燥,無缺陷,無障礙物,良好,良好,行車管制號誌(附設行人專用號誌),正常,中央分向島,寛式(50公分以上),禁止變換車道線(無標記),未繪設快慢車道分隔線,無,人與汽(機)車,穿越道路中,駕駛人,搶越行人穿越道,死亡1;受傷0,1,小貨車(含客、貨兩用),自用,男,71,戴安全帽或繫安全帶(使用幼童安全椅),未使用,車的狀態,向前直行中,汽車,前車頭,汽車,前車頭,駕駛人,搶越行人穿越道,否,121.505006,24.993558
2020,1,20200103,023800,A1,新北市政府警察局,新北市中和區景平路 / 新北市中和區景安路,陰,夜間(或隧道、地下道、涵洞)有照明,市區道路,30,交岔路,四岔路,交叉路口,交叉路口內,柏油,乾燥,無缺陷,無障礙物,良好,良好,行車管制號誌(附設行人專用號誌),正常,中央分向島,寛式(50公分以上),禁止變換車道線(無標記),未繪設快慢車道分隔線,無,人與汽(機)車,穿越道路中,駕駛人,搶越行人穿越道,死亡1;受傷0,2,人,行人,男,78,其他(行人、慢車駕駛人),非汽(機)車駕駛人,人的狀態,步行,其他,非汽(機)車,其他,非汽(機)車,行人(或乘客),未依標誌、標線、號誌或手勢指揮穿越道路,否,121.505006,24.993558
2020,1,20200103,061029,A1,臺南市政府警察局,臺南市下營區開化里區道南61線口 / 臺南市下營區省道臺19甲線,霧或煙,夜間(或隧道、地下道、涵洞)有照明,鄉道,50,交岔路,三岔路,交叉路口,交叉路口內,柏油,乾燥,無缺陷,無障礙物,良好,良好,閃光號誌,正常,雙向禁止超車線,無標記,未繪設車道線,未繪設快慢車道分隔線,有,汽(機)車本身,撞號誌、標誌桿,駕駛人,未注意車前狀態,死亡1;受傷0,2,,,無或物(動物、堆置物),-1,,,,,,,,,無(非車輛駕駛人因素),尚未發現肇事因素,否,120.272070,23.206481
2020,1,20200103,061029,A1,臺南市政府警察局,臺南市下營區開化里區道南61線口 / 臺南市下營區省道臺19甲線,霧或煙,夜間(或隧道、地下道、涵洞)有照明,鄉道,50,交岔路,三岔路,交叉路口,交叉路口內,柏油,乾燥,無缺陷,無障礙物,良好,良好,閃光號誌,正常,雙向禁止超車線,無標記,未繪設車道線,未繪設快慢車道分隔線,有,汽(機)車本身,撞號誌、標誌桿,駕駛人,未注意車前狀態,死亡1;受傷0,1,小客車,自用,男,81,未戴案全帽或未繫安全帶(未使用幼童安全椅),不明,車的狀態,向前直行中,汽車,前車頭,,,駕駛人,未注意車前狀態,否,120.272070,23.206481
2020,1,20200103,074313,A1,桃園市政府警察局,桃園市龍潭區上華里中正路上華段81號前0.0公尺附近,晴,日間自然光線,市區道路,50,單路部分,直路,路段,一般車道(未劃分快慢車道),柏油,乾燥,無缺陷,無障礙物,良好,良好,無號誌,無號誌,中央分向島,寛式(50公分以上),車道線(無標記),未繪設快慢車道分隔線,有,車與車,同向擦撞,駕駛人,變換車道或方向不當,死亡1;受傷0,2,小客車,自用,男,43,戴安全帽或繫安全帶(使用幼童安全椅),未使用,車的狀態,向前直行中,汽車,前車頭,,,駕駛人,未注意車前狀態,否,121.223038,24.853138
2020,1,20200103,074313,A1,桃園市政府警察局,桃園市龍潭區上華里中正路上華段81號前0.0公尺附近,晴,日間自然光線,市區道路,50,單路部分,直路,路段,一般車道(未劃分快慢車道),柏油,乾燥,無缺陷,無障礙物,良好,良好,無號誌,無號誌,中央分向島,寛式(50公分以上),車道線(無標記),未繪設快慢車道分隔線,有,車與車,同向擦撞,駕駛人,變換車道或方向不當,死亡1;受傷0,1,機車,普通重型,男,76,戴安全帽或繫安全帶(使用幼童安全椅),未使用,車的狀態,向左變換車道,機車,左側車身,,,駕駛人,變換車道或方向不當,否,121.223038,24.853138
2020,1,20200103,085600,A1,臺北市政府警察局,臺北市南港區研究院路2段 / 臺北市南港區研究院路2段,晴,日間自然光線,市區道路,50,交岔路,三岔路,交叉路口,交叉路口內,柏油,乾燥,無缺陷,無障礙物,良好,良好,無號誌,無號誌,中央分向島,寛式(50公分以上),車道線(無標記),未繪設快慢車道分隔線,有,人與汽(機)車,穿越道路中,駕駛人,搶越行人穿越道,死亡1;受傷0,1,小客車,自用,男,23,戴安全帽或繫安全帶(使用幼童安全椅),不明,車的狀態,向前直行中,汽車,右前車頭(身),汽車,右前車頭(身),駕駛人,搶越行人穿越道,否,121.615942,25.044450
2020,1,20200103,085600,A1,臺北市政府警察局,臺北市南港區研究院路2段 / 臺北市南港區研究院路2段,晴,日間自然光線,市區道路,50,交岔路,三岔路,交叉路口,交叉路口內,柏油,乾燥,無缺陷,無障礙物,良好,良好,無號誌,無號誌,中央分向島,寛式(50公分以上),車道線(無標記),未繪設快慢車道分隔線,有,人與汽(機)車,穿越道路中,駕駛人,搶越行人穿越道,死亡1;受傷0,2,人,行人,女,85,其他(行人、慢車駕駛人),非汽(機)車駕駛人,人的狀態,步行,其他,非汽(機)車,其他,非汽(機)車,無(非車輛駕駛人因素),尚未發現肇事因素,否,121.615942,25.044450
2020,1,20200103,091000,A1,桃園市政府警察局,桃園市平鎮區快速路一段P276梁柱處附近,晴,日間自然光線,市區道路,50,單路部分,直路,路段,路肩、路緣,柏油,乾燥,無缺陷,無障礙物,良好,良好,無號誌,無號誌,中央分向島,寛式(50公分以上),車道線(無標記),未繪設快慢車道分隔線,有,車與車,追撞,駕駛人,未注意車前狀態,死亡1;受傷0,1,機車,普通重型,男,27,戴安全帽或繫安全帶(使用幼童安全椅),未使用,車的狀態,向前直行中,機車,前車頭,,,駕駛人,未注意車前狀態,否,121.239370,24.900388
2020,1,20200103,091000,A1,桃園市政府警察局,桃園市平鎮區快速路一段P276梁柱處附近,晴,日間自然光線,市區道路,50,單路部分,直路,路段,路肩、路緣,柏油,乾燥,無缺陷,無障礙物,良好,良好,無號誌,無號誌,中央分向島,寛式(50公分以上),車道線(無標記),未繪設快慢車道分隔線,有,車與車,追撞,駕駛人,未注意車前狀態,死亡1;受傷0,2,小貨車(含客、貨兩用),自用,男,41,戴安全帽或繫安全帶(使用幼童安全椅),未使用,車的狀態,等待(引擎未熄火),汽車,左後車尾(身),,,其他,違規停車或暫停不當而肇事,否,121.239370,24.900388
2020,1,20200103,102900,A1,臺中市政府警察局,臺中市南屯區文山里保安一街前0.0公尺,晴,日間自然光線,市區道路,50,交岔路,四岔路,交叉路口,交叉路口內,柏油,乾燥,無缺陷,無障礙物,良好,良好,無號誌,無號誌,雙向禁止超車線,無標記,未繪設車道線,未繪設快慢車道分隔線,有,車與車,路口交岔撞,駕駛人,未依規定讓車,死亡1;受傷0,3,小貨車(含客、貨兩用),自用,男,55,不明,不明,車的狀態,靜止(引擎熄火),其他,不明,,,其他,違規停車或暫停不當而肇事,否,120.612124,24.145660
2020,1,20200103,102900,A1,臺中市政府警察局,臺中市南屯區文山里保安一街前0.0公尺,晴,日間自然光線,市區道路,50,交岔路,四岔路,交叉路口,交叉路口內,柏油,乾燥,無缺陷,無障礙物,良好,良好,無號誌,無號誌,雙向禁止超車線,無標記,未繪設車道線,未繪設快慢車道分隔線,有,車與車,路口交岔撞,駕駛人,未依規定讓車,死亡1;受傷0,2,機車,普通重型,男,30,戴安全帽或繫安全帶(使用幼童安全椅),未使用,車的狀態,向前直行中,機車,前車頭,,,駕駛人,未依規定減速,否,120.612124,24.145660
2020,1,20200103,102900,A1,臺中市政府警察局,臺中市南屯區文山里保安一街前0.0公尺,晴,日間自然光線,市區道路,50,交岔路,四岔路,交叉路口,交叉路口內,柏油,乾燥,無缺陷,無障礙物,良好,良好,無號誌,無號誌,雙向禁止超車線,無標記,未繪設車道線,未繪設快慢車道分隔線,有,車與車,路口交岔撞,駕駛人,未依規定讓車,死亡1;受傷0,1,小貨車(含客、貨兩用),自用,男,33,戴安全帽或繫安全帶(使用幼童安全椅),未使用,車的狀態,向前直行中,汽車,右前車頭(身),,,駕駛人,未依規定讓車,否,120.612124,24.145660
2020,1,20200103,141700,A1,臺中市政府警察局,臺中市南屯區文山里向上路五段前0.0公尺,晴,日間自然光線,市區道路,40,交岔路,四岔路,交叉路口,交叉路口內,柏油,乾燥,無缺陷,無障礙物,良好,良好,行車管制號誌,正常,無,無分向設施,未繪設車道線,未繪設快慢車道分隔線,無,車與車,側撞,其他,不明原因肇事,死亡2;受傷1,1,曳引車,營業用,男,38,戴安全帽或繫安全帶(使用幼童安全椅),未使用,車的狀態,向前直行中,汽車,右前車頭(身),,,其他,不明原因肇事,否,120.608047,24.151047
2020,1,20200103,141700,A1,臺中市政府警察局,臺中市南屯區文山里向上路五段前0.0公尺,晴,日間自然光線,市區道路,40,交岔路,四岔路,交叉路口,交叉路口內,柏油,乾燥,無缺陷,無障礙物,良好,良好,行車管制號誌,正常,無,無分向設施,未繪設車道線,未繪設快慢車道分隔線,無,車與車,側撞,其他,不明原因肇事,死亡2;受傷1,3,人,乘客,女,56,戴安全帽或繫安全帶(使用幼童安全椅),未使用,人的狀態,其他,其他,不明,,,無(非車輛駕駛人因素),尚未發現肇事因素,否,120.608047,24.151047
2020,1,20200103,141700,A1,臺中市政府警察局,臺中市南屯區文山里向上路五段前0.0公尺,晴,日間自然光線,市區道路,40,交岔路,四岔路,交叉路口,交叉路口內,柏油,乾燥,無缺陷,無障礙物,良好,良好,行車管制號誌,正常,無,無分向設施,未繪設車道線,未繪設快慢車道分隔線,無,車與車,側撞,其他,不明原因肇事,死亡2;受傷1,2,小貨車(含客、貨兩用),自用,男,58,戴安全帽或繫安全帶(使用幼童安全椅),未使用,車的狀態,左轉彎,汽車,右側車身,,,無(車輛駕駛人因素),尚未發現肇事因素,否,120.608047,24.151047
2020,1,20200103,161300,A1,桃園市政府警察局,桃園市大溪區石園路463巷(電桿130號前),晴,日間自然光線,市區道路,40,單路部分,直路,路段,一般車道(未劃分快慢車道),柏油,乾燥,無缺陷,無障礙物,良好,良好,無號誌,無號誌,無,無分向設施,未繪設車道線,未繪設快慢車道分隔線,有,車與車,同向擦撞,駕駛人,未保持行車安全間隔,死亡1;受傷0,1,機車,普通重型,男,38,戴安全帽或繫安全帶(使用幼童安全椅),未使用,車的狀態,向前直行中,機車,左側車身,,,駕駛人,未保持行車安全間隔,否,121.261532,24.870444
2020,1,20200103,161300,A1,桃園市政府警察局,桃園市大溪區石園路463巷(電桿130號前),晴,日間自然光線,市區道路,40,單路部分,直路,路段,一般車道(未劃分快慢車道),柏油,乾燥,無缺陷,無障礙物,良好,良好,無號誌,無號誌,無,無分向設施,未繪設車道線,未繪設快慢車道分隔線,有,車與車,同向擦撞,駕駛人,未保持行車安全間隔,死亡1;受傷0,2,曳引車,營業用,男,33,戴安全帽或繫安全帶(使用幼童安全椅),未使用,車的狀態,向前直行中,汽車,右側車身,,,無(車輛駕駛人因素),尚未發現肇事因素,否,121.261532,24.870444
2020,1,20200104,062500,A1,屏東縣政府警察局,屏東縣屏東市博愛路附近 / 屏東縣屏東市崇武路附近,晴,日間自然光線,市區道路,50,交岔路,三岔路,交叉路口,交叉口附近,柏油,乾燥,無缺陷,無障礙物,良好,良好,無號誌,無號誌,雙向禁止超車線,無標記,車道線(無標記),快慢車道分隔線,有,人與汽(機)車,穿越道路中,駕駛人,未注意車前狀態,死亡1;受傷0,1,小客車,自用,男,45,戴安全帽或繫安全帶(使用幼童安全椅),未使用,車的狀態,向前直行中,汽車,前車頭,,,駕駛人,未注意車前狀態,否,120.480737,22.684497
2020,1,20200104,062500,A1,屏東縣政府警察局,屏東縣屏東市博愛路附近 / 屏東縣屏東市崇武路附近,晴,日間自然光線,市區道路,50,交岔路,三岔路,交叉路口,交叉口附近,柏油,乾燥,無缺陷,無障礙物,良好,良好,無號誌,無號誌,雙向禁止超車線,無標記,車道線(無標記),快慢車道分隔線,有,人與汽(機)車,穿越道路中,駕駛人,未注意車前狀態,死亡1;受傷0,2,人,行人,女,86,其他(行人、慢車駕駛人),非汽(機)車駕駛人,人的狀態,靜立(止),其他,非汽(機)車,,,無(非車輛駕駛人因素),尚未發現肇事因素,否,120.480737,22.684497