發生年度,發生月份,發生日期,發生時間,事故類別名稱,處理單位名稱警局層,發生地點,天候名稱,光線名稱,道路類別-第1當事者-名稱,速限-第1當事者,道路型態大類別名稱,道路型態子類別名稱,事故位置大類別名稱,事故位置子類別名稱,路面狀況-路面鋪裝名稱,路面狀況-路面狀態名稱,路面狀況-路面缺陷名稱,道路障礙-障礙物名稱,道路障礙-視距品質名稱,道路障礙-視距名稱,號誌-號誌種類名稱,號誌-號誌動作名稱,車道劃分設施-分向設施大類別名稱,車道劃分設施-分向設施子類別名稱,車道劃分設施-分道設施-快車道或一般車道間名稱,車道劃分設施-分道設施-快慢車道間名稱,車道劃分設施-分道設施-路面邊線名稱,事故類型及型態大類別名稱,事故類型及型態子類別名稱,肇因研判大類別名稱-主要,肇因研判子類別名稱-主要,死亡受傷人數,當事者順位,當事者區分-類別-大類別名稱-車種,當事者區分-類別-子類別名稱-車種,當事者屬-性-別名稱,當事者事故發生時年齡,保護裝備名稱,行動電話或電腦或其他相類功能裝置名稱,當事者行動狀態大類別名稱,當事者行動狀態子類別名稱,車輛撞擊部位大類別名稱-最初,車輛撞擊部位子類別名稱-最初,車輛撞擊部位大類別名稱-其他,車輛撞擊部位子類別名稱-其他,肇因研判大類別名稱-個別,肇因研判子類別名稱-個別,肇事逃逸類別名稱-是否肇逃,經度,緯度
2020,1,20200117,083800,A1,雲林縣警察局,雲林縣虎尾鎮林森路2段口 / 雲林縣虎尾鎮吉安街口,晴,日間自然光線,村里道路,50,交岔路,四岔路,交叉路口,交叉路口內,柏油,乾燥,無缺陷,無障礙物,良好,良好,閃光號誌,正常,雙向禁止超車線,無標記,未繪設車道線,未繪設快慢車道分隔線,有,車與車,路口交岔撞,駕駛人,未依規定讓車,死亡1;受傷1,2,機車,普通重型,女,62,不明,未使用,車的狀態,向前直行中,機車,前車頭,,,駕駛人,未注意車前狀態,否,120.423694,23.699277
2020,1,20200117,083800,A1,雲林縣警察局,雲林縣虎尾鎮林森路2段口 / 雲林縣虎尾鎮吉安街口,晴,日間自然光線,村里道路,50,交岔路,四岔路,交叉路口,交叉路口內,柏油,乾燥,無缺陷,無障礙物,良好,良好,閃光號誌,正常,雙向禁止超車線,無標記,未繪設車道線,未繪設快慢車道分隔線,有,車與車,路口交岔撞,駕駛人,未依規定讓車,死亡1;受傷1,1,機車,普通重型,女,63,戴安全帽或繫安全帶(使用幼童安全椅),未使用,車的狀態,向前直行中,機車,右側車身,,,駕駛人,未依規定讓車,否,120.423694,23.699277
2020,1,20200117,090000,A1,臺北市政府警察局,臺北市中正區水源路1-9號前0.0公尺,陰,日間自然光線,市區道路,30,單路部分,直路,路段,一般車道(未劃分快慢車道),柏油,濕潤,無缺陷,無障礙物,良好,良好,無號誌,無號誌,無,無分向設施,未繪設車道線,未繪設快慢車道分隔線,無,汽(機)車本身,其他,其他,不明原因肇事,死亡1;受傷0,2,,,無或物(動物、堆置物),0,,,,,,,,,無(非車輛駕駛人因素),尚未發現肇事因素,否,121.527472,25.013183
2020,1,20200117,090000,A1,臺北市政府警察局,臺北市中正區水源路1-9號前0.0公尺,陰,日間自然光線,市區道路,30,單路部分,直路,路段,一般車道(未劃分快慢車道),柏油,濕潤,無缺陷,無障礙物,良好,良好,無號誌,無號誌,無,無分向設施,未繪設車道線,未繪設快慢車道分隔線,無,汽(機)車本身,其他,其他,不明原因肇事,死亡1;受傷0,1,機車,普通重型,女,29,戴安全帽或繫安全帶(使用幼童安全椅),未使用,車的狀態,其他,機車,左側車身,機車,左側車身,其他,不明原因肇事,否,121.527472,25.013183
2020,1,20200117,114500,A1,新北市政府警察局,新北市深坑區北深路1段 / 新北市深坑區深南路,雨,日間自然光線,縣道,40,交岔路,三岔路,交叉路口,交叉路口內,柏油,濕潤,無缺陷,無障礙物,良好,良好,行車管制號誌(附設行人專用號誌),正常,雙向禁止超車線,無標記,未繪設車道線,未繪設快慢車道分隔線,有,車與車,側撞,駕駛人,未依規定讓車,死亡1;受傷0,1,小貨車(含客、貨兩用),自用,男,33,戴安全帽或繫安全帶(使用幼童安全椅),未使用,車的狀態,左轉彎,汽車,右前車頭(身),汽車,右前車頭(身),駕駛人,未依規定讓車,否,121.622037,25.004816
2020,1,20200117,114500,A1,新北市政府警察局,新北市深坑區北深路1段 / 新北市深坑區深南路,雨,日間自然光線,縣道,40,交岔路,三岔路,交叉路口,交叉路口內,柏油,濕潤,無缺陷,無障礙物,良好,良好,行車管制號誌(附設行人專用號誌),正常,雙向禁止超車線,無標記,未繪設車道線,未繪設快慢車道分隔線,有,車與車,側撞,駕駛人,未依規定讓車,死亡1;受傷0,2,機車,普通重型,男,32,戴安全帽或繫安全帶(使用幼童安全椅),未使用,車的狀態,向前直行中,機車,右側車身,機車,右側車身,無(車輛駕駛人因素),尚未發現肇事因素,否,121.622037,25.004816
2020,1,20200117,121000,A1,新北市政府警察局,新北市土城區復興街 / 新北市土城區勝利街,陰,日間自然光線,市區道路,30,交岔路,四岔路,交叉路口,交叉路口內,柏油,濕潤,無缺陷,無障礙物,良好,良好,無號誌,無號誌,無,無分向設施,未繪設車道線,未繪設快慢車道分隔線,有,車與車,路口交岔撞,駕駛人,未依規定讓車,死亡1;受傷0,2,機車,普通重型,女,42,戴安全帽或繫安全帶(使用幼童安全椅),未使用,車的狀態,向前直行中,機車,前車頭,機車,前車頭,駕駛人,未依規定減速,否,121.428530,24.969319
2020,1,20200117,121000,A1,新北市政府警察局,新北市土城區復興街 / 新北市土城區勝利街,陰,日間自然光線,市區道路,30,交岔路,四岔路,交叉路口,交叉路口內,柏油,濕潤,無缺陷,無障礙物,良好,良好,無號誌,無號誌,無,無分向設施,未繪設車道線,未繪設快慢車道分隔線,有,車與車,路口交岔撞,駕駛人,未依規定讓車,死亡1;受傷0,1,小貨車(含客、貨兩用),自用,男,57,戴安全帽或繫安全帶(使用幼童安全椅),未使用,車的狀態,向前直行中,汽車,右前車頭(身),汽車,右前車頭(身),駕駛人,未依規定讓車,否,121.428530,24.969319
2020,1,20200117,153100,A1,臺中市政府警察局,臺中市豐原區南陽里南陽路59巷25-6號前0.0公尺,晴,日間自然光線,市區道路,30,交岔路,三岔路,交叉路口,交叉路口內,柏油,乾燥,無缺陷,無障礙物,良好,良好,無號誌,無號誌,無,無分向設施,未繪設車道線,未繪設快慢車道分隔線,無,車與車,其他,駕駛人,未依規定讓車,死亡1;受傷0,2,機車,普通重型,男,70,戴安全帽或繫安全帶(使用幼童安全椅),未使用,車的狀態,向前直行中,其他,不明,,,駕駛人,未注意車前狀態,否,120.730970,24.237530
2020,1,20200117,153100,A1,臺中市政府警察局,臺中市豐原區南陽里南陽路59巷25-6號前0.0公尺,晴,日間自然光線,市區道路,30,交岔路,三岔路,交叉路口,交叉路口內,柏油,乾燥,無缺陷,無障礙物,良好,良好,無號誌,無號誌,無,無分向設施,未繪設車道線,未繪設快慢車道分隔線,無,車與車,其他,駕駛人,未依規定讓車,死亡1;受傷0,1,小貨車(含客、貨兩用),自用,男,59,戴安全帽或繫安全帶(使用幼童安全椅),未使用,車的狀態,右轉彎,汽車,左前車頭(身),,,駕駛人,未依規定讓車,否,120.730970,24.237530
2020,1,20200117,170008,A1,南投縣政府警察局,南投縣草屯鎮新豐里中正路與中正路1178巷口,晴,日間自然光線,省道,60,交岔路,四岔路,路段,一般車道(未劃分快慢車道),柏油,乾燥,無缺陷,無障礙物,良好,良好,無號誌,無號誌,無,無分向設施,未繪設車道線,未繪設快慢車道分隔線,有,人與汽(機)車,穿越道路中,行人(或乘客),穿越道路未注意左右來車,死亡1;受傷1,2,機車,普通重型,女,29,戴安全帽或繫安全帶(使用幼童安全椅),未使用,車的狀態,向前直行中,機車,前車頭,,,駕駛人,未依規定減速,否,120.688073,23.991751
2020,1,20200117,170008,A1,南投縣政府警察局,南投縣草屯鎮新豐里中正路與中正路1178巷口,晴,日間自然光線,省道,60,交岔路,四岔路,路段,一般車道(未劃分快慢車道),柏油,乾燥,無缺陷,無障礙物,良好,良好,無號誌,無號誌,無,無分向設施,未繪設車道線,未繪設快慢車道分隔線,有,人與汽(機)車,穿越道路中,行人(或乘客),穿越道路未注意左右來車,死亡1;受傷1,1,人,行人,女,74,其他(行人、慢車駕駛人),非汽(機)車駕駛人,人的狀態,其他,其他,非汽(機)車,,,行人(或乘客),穿越道路未注意左右來車,否,120.688073,23.991751
2020,1,20200117,205300,A1,雲林縣警察局,雲林縣虎尾鎮埒內里葉厝15電桿旁路口,晴,夜間(或隧道、地下道、涵洞)有照明,村里道路,50,交岔路,四岔路,交叉路口,交叉路口內,柏油,乾燥,無缺陷,無障礙物,良好,良好,無號誌,無號誌,無,無分向設施,未繪設車道線,未繪設快慢車道分隔線,有,車與車,路口交岔撞,駕駛人,未依規定讓車,死亡1;受傷0,1,機車,普通重型,男,59,不明,不明,車的狀態,向前直行中,機車,前車頭,,,駕駛人,未依規定讓車,否,120.447399,23.731014
2020,1,20200117,205300,A1,雲林縣警察局,雲林縣虎尾鎮埒內里葉厝15電桿旁路口,晴,夜間(或隧道、地下道、涵洞)有照明,村里道路,50,交岔路,四岔路,交叉路口,交叉路口內,柏油,乾燥,無缺陷,無障礙物,良好,良好,無號誌,無號誌,無,無分向設施,未繪設車道線,未繪設快慢車道分隔線,有,車與車,路口交岔撞,駕駛人,未依規定讓車,死亡1;受傷0,2,小客車,自用,男,35,戴安全帽或繫安全帶(使用幼童安全椅),未使用,車的狀態,向前直行中,汽車,左前車頭(身),,,駕駛人,未注意車前狀態,否,120.447399,23.731014
2020,1,20200117,220000,A1,臺南市政府警察局,臺南市柳營區士林里仁愛路071號路燈旁,晴,夜間(或隧道、地下道、涵洞)有照明,鄉道,50,單路部分,直路,路段,路肩、路緣,柏油,乾燥,無缺陷,無障礙物,良好,良好,無號誌,無號誌,行車分向線,無標記,未繪設車道線,未繪設快慢車道分隔線,有,汽(機)車本身,撞路樹、電桿,駕駛人,未注意車前狀態,死亡1;受傷0,2,,,無或物(動物、堆置物),-1,,,,,,,,,無(非車輛駕駛人因素),尚未發現肇事因素,否,120.303070,23.280175
2020,1,20200117,220000,A1,臺南市政府警察局,臺南市柳營區士林里仁愛路071號路燈旁,晴,夜間(或隧道、地下道、涵洞)有照明,鄉道,50,單路部分,直路,路段,路肩、路緣,柏油,乾燥,無缺陷,無障礙物,良好,良好,無號誌,無號誌,行車分向線,無標記,未繪設車道線,未繪設快慢車道分隔線,有,汽(機)車本身,撞路樹、電桿,駕駛人,未注意車前狀態,死亡1;受傷0,1,小客車,自用,男,53,未戴案全帽或未繫安全帶(未使用幼童安全椅),未使用,車的狀態,向前直行中,汽車,前車頭,,,駕駛人,未注意車前狀態,否,120.303070,23.280175
2020,1,20200118,080807,A1,臺南市政府警察局,臺南市學甲區新達里華宗路448號前,晴,日間自然光線,省道,50,單路部分,直路,路段,快車道,柏油,乾燥,無缺陷,無障礙物,良好,良好,無號誌,無號誌,行車分向線,無標記,車道線(無標記),快慢車道分隔線,有,人與汽(機)車,同向通行中,駕駛人,起步未注意其他車(人)安全,死亡1;受傷0,1,大貨車,營業用,男,43,戴安全帽或繫安全帶(使用幼童安全椅),未使用,車的狀態,起步,汽車,前車頭,,,駕駛人,起步未注意其他車(人)安全,是,120.182708,23.234414
2020,1,20200118,080807,A1,臺南市政府警察局,臺南市學甲區新達里華宗路448號前,晴,日間自然光線,省道,50,單路部分,直路,路段,快車道,柏油,乾燥,無缺陷,無障礙物,良好,良好,無號誌,無號誌,行車分向線,無標記,車道線(無標記),快慢車道分隔線,有,人與汽(機)車,同向通行中,駕駛人,起步未注意其他車(人)安全,死亡1;受傷0,2,人,行人,女,85,其他(行人、慢車駕駛人),非汽(機)車駕駛人,人的狀態,步行,其他,非汽(機)車,,,行人(或乘客),其他引起事故之疏失或行為,否,120.182708,23.234414
2020,1,20200118,113800,A1,彰化縣警察局,彰化縣伸港鄉全興村中興路3段308號前0.0公尺,晴,日間自然光線,省道,60,交岔路,三岔路,交叉路口,交叉路口內,柏油,乾燥,無缺陷,無障礙物,良好,良好,無號誌,無號誌,無,無分向設施,未繪設車道線,未繪設快慢車道分隔線,無,車與車,其他,駕駛人,未依規定讓車,死亡1;受傷0,1,機車,普通重型,男,91,戴安全帽或繫安全帶(使用幼童安全椅),未使用,車的狀態,迴轉或橫越道路中,機車,左側車身,,,駕駛人,未依規定讓車,否,120.493180,24.170913
2020,1,20200118,113800,A1,彰化縣警察局,彰化縣伸港鄉全興村中興路3段308號前0.0公尺,晴,日間自然光線,省道,60,交岔路,三岔路,交叉路口,交叉路口內,柏油,乾燥,無缺陷,無障礙物,良好,良好,無號誌,無號誌,無,無分向設施,未繪設車道線,未繪設快慢車道分隔線,無,車與車,其他,駕駛人,未依規定讓車,死亡1;受傷0,2,小貨車(含客、貨兩用),營業用,男,44,戴安全帽或繫安全帶(使用幼童安全椅),未使用,車的狀態,向前直行中,汽車,前車頭,,,駕駛人,未注意車前狀態,否,120.493180,24.170913
2020,1,20200118,153400,A1,高雄市政府警察局,高雄市大樹區三和路三和橋處號前0.0公尺,晴,日間自然光線,市區道路,40,單路部分,彎曲路及附近,路段,一般車道(未劃分快慢車道),柏油,乾燥,無缺陷,無障礙物,不良,彎道,無號誌,無號誌,行車分向線,無標記,未繪設車道線,未繪設快慢車道分隔線,有,車與車,其他,駕駛人,未依規定減速,死亡1;受傷0,1,機車,普通重型,男,18,戴安全帽或繫安全帶(使用幼童安全椅),未使用,車的狀態,向前直行中,其他,不明,其他,不明,駕駛人,未依規定減速,否,120.433113,22.723888
2020,1,20200118,153400,A1,高雄市政府警察局,高雄市大樹區三和路三和橋處號前0.0公尺,晴,日間自然光線,市區道路,40,單路部分,彎曲路及附近,路段,一般車道(未劃分快慢車道),柏油,乾燥,無缺陷,無障礙物,不良,彎道,無號誌,無號誌,行車分向線,無標記,未繪設車道線,未繪設快慢車道分隔線,有,車與車,其他,駕駛人,未依規定減速,死亡1;受傷0,2,小客車,自用,女,39,戴安全帽或繫安全帶(使用幼童安全椅),未使用,車的狀態,向前直行中,汽車,右前車頭(身),汽車,右前車頭(身),無(車輛駕駛人因素),尚未發現肇事因素,否,120.433113,22.723888
2020,1,20200118,164542,A1,國道公路警察局,臺南市善化區國道3號 347公里100.0公尺處南側向中線,晴,日間自然光線,國道,110,單路部分,直路,路段,快車道,柏油,乾燥,無缺陷,無障礙物,良好,良好,無號誌,無號誌,中央分向島,窄式附柵欄,車道線(附標記),未繪設快慢車道分隔線,有,汽(機)車本身,路上翻車、摔倒,機件,車輪脫落或輪胎爆裂,死亡1;受傷1,2,,,無或物(動物、堆置物),-1,,,,,,,,,無(非車輛駕駛人因素),尚未發現肇事因素,否,120.334184,23.137403
2020,1,20200118,164542,A1,國道公路警察局,臺南市善化區國道3號 347公里100.0公尺處南側向中線,晴,日間自然光線,國道,110,單路部分,直路,路段,快車道,柏油,乾燥,無缺陷,無障礙物,良好,良好,無號誌,無號誌,中央分向島,窄式附柵欄,車道線(附標記),未繪設快慢車道分隔線,有,汽(機)車本身,路上翻車、摔倒,機件,車輪脫落或輪胎爆裂,死亡1;受傷1,4,,,無或物(動物、堆置物),-1,,,,,,,,,無(非車輛駕駛人因素),尚未發現肇事因素,否,120.334184,23.137403
2020,1,20200118,164542,A1,國道公路警察局,臺南市善化區國道3號 347公里100.0公尺處南側向中線,晴,日間自然光線,國道,110,單路部分,直路,路段,快車道,柏油,乾燥,無缺陷,無障礙物,良好,良好,無號誌,無號誌,中央分向島,窄式附柵欄,車道線(附標記),未繪設快慢車道分隔線,有,汽(機)車本身,路上翻車、摔倒,機件,車輪脫落或輪胎爆裂,死亡1;受傷1,3,人,乘客,男,76,戴安全帽或繫安全帶(使用幼童安全椅),非汽(機)車駕駛人,人的狀態,其他,其他,不明,,,無(非車輛駕駛人因素),尚未發現肇事因素,否,120.334184,23.137403
2020,1,20200118,164542,A1,國道公路警察局,臺南市善化區國道3號 347公里100.0公尺處南側向中線,晴,日間自然光線,國道,110,單路部分,直路,路段,快車道,柏油,乾燥,無缺陷,無障礙物,良好,良好,無號誌,無號誌,中央分向島,窄式附柵欄,車道線(附標記),未繪設快慢車道分隔線,有,汽(機)車本身,路上翻車、摔倒,機件,車輪脫落或輪胎爆裂,死亡1;受傷1,1,小貨車(含客、貨兩用),自用,男,71,未戴案全帽或未繫安全帶(未使用幼童安全椅),未使用,車的狀態,向前直行中,汽車,左後車尾(身),汽車,前車頭,機件,車輪脫落或輪胎爆裂,否,120.334184,23.137403
2020,1,20200118,170000,A1,新北市政府警察局,新北市三重區仁華街 / 新北市三重區仁華街,晴,日間自然光線,市區道路,50,交岔路,四岔路,交叉路口,交叉路口內,柏油,乾燥,無缺陷,無障礙物,良好,良好,無號誌,無號誌,無,無分向設施,未繪設車道線,未繪設快慢車道分隔線,有,車與車,路口交岔撞,駕駛人,未依規定讓車,死亡1;受傷0,3,機車,普通重型,女,61,不明,不明,車的狀態,靜止(引擎熄火),其他,不明,其他,不明,無(車輛駕駛人因素),尚未發現肇事因素,否,121.484853,25.082933
2020,1,20200118,170000,A1,新北市政府警察局,新北市三重區仁華街 / 新北市三重區仁華街,晴,日間自然光線,市區道路,50,交岔路,四岔路,交叉路口,交叉路口內,柏油,乾燥,無缺陷,無障礙物,良好,良好,無號誌,無號誌,無,無分向設施,未繪設車道線,未繪設快慢車道分隔線,有,車與車,路口交岔撞,駕駛人,未依規定讓車,死亡1;受傷0,1,機車,普通重型,男,65,戴安全帽或繫安全帶(使用幼童安全椅),未使用,車的狀態,向前直行中,機車,左側車身,機車,左側車身,駕駛人,未依規定讓車,否,121.484853,25.082933
2020,1,20200118,170000,A1,新北市政府警察局,新北市三重區仁華街 / 新北市三重區仁華街,晴,日間自然光線,市區道路,50,交岔路,四岔路,交叉路口,交叉路口內,柏油,乾燥,無缺陷,無障礙物,良好,良好,無號誌,無號誌,無,無分向設施,未繪設車道線,未繪設快慢車道分隔線,有,車與車,路口交岔撞,駕駛人,未依規定讓車,死亡1;受傷0,2,小貨車(含客、貨兩用),自用,男,32,戴安全帽或繫安全帶(使用幼童安全椅),未使用,車的狀態,向前直行中,汽車,前車頭,汽車,前車頭,駕駛人,未依規定減速,否,121.484853,25.082933
2020,1,20200118,193100,A1,嘉義市政府警察局,嘉義市西區湖內里民生南路933附1號前0.0公尺,晴,夜間(或隧道、地下道、涵洞)有照明,市區道路,50,單路部分,直路,路段,慢車道,柏油,乾燥,無缺陷,無障礙物,良好,良好,無號誌,無號誌,行車分向線,無標記,未繪設車道線,快慢車道分隔線,無,車與車,對撞,駕駛人,逆向行駛,死亡1;受傷1,1,慢車,微型電動二輪車,女,46,不明,未使用,車的狀態,向前直行中,其他,非汽(機)車,,,駕駛人,逆向行駛,否,120.435069,23.454730
2020,1,20200118,193100,A1,嘉義市政府警察局,嘉義市西區湖內里民生南路933附1號前0.0公尺,晴,夜間(或隧道、地下道、涵洞)有照明,市區道路,50,單路部分,直路,路段,慢車道,柏油,乾燥,無缺陷,無障礙物,良好,良好,無號誌,無號誌,行車分向線,無標記,未繪設車道線,快慢車道分隔線,無,車與車,對撞,駕駛人,逆向行駛,死亡1;受傷1,2,機車,普通重型,男,49,戴安全帽或繫安全帶(使用幼童安全椅),未使用,車的狀態,向前直行中,機車,前車頭,,,駕駛人,未注意車前狀態,否,120.435069,23.454730
2020,1,20200118,211442,A1,宜蘭縣政府警察局,宜蘭縣三星鄉上將路五段口 / 宜蘭縣三星鄉廣富路口,陰,夜間(或隧道、地下道、涵洞)有照明,縣道,60,交岔路,四岔路,交叉路口,交叉路口內,柏油,乾燥,無缺陷,其他障礙物,良好,良好,無號誌,無號誌,雙向禁止超車線,無標記,車道線(無標記),快慢車道分隔線,有,車與車,路口交岔撞,駕駛人,未注意車前狀態,死亡1;受傷2,3,人,乘客,男,19,不明,不明,人的狀態,其他,其他,非汽(機)車,,,無(非車輛駕駛人因素),尚未發現肇事因素,否,121.675614,24.676789
2020,1,20200118,211442,A1,宜蘭縣政府警察局,宜蘭縣三星鄉上將路五段口 / 宜蘭縣三星鄉廣富路口,陰,夜間(或隧道、地下道、涵洞)有照明,縣道,60,交岔路,四岔路,交叉路口,交叉路口內,柏油,乾燥,無缺陷,其他障礙物,良好,良好,無號誌,無號誌,雙向禁止超車線,無標記,車道線(無標記),快慢車道分隔線,有,車與車,路口交岔撞,駕駛人,未注意車前狀態,死亡1;受傷2,1,機車,普通重型,男,19,不明,不明,車的狀態,向前直行中,機車,右側車身,機車,前車頭,駕駛人,未注意車前狀態,否,121.675614,24.676789
2020,1,20200118,211442,A1,宜蘭縣政府警察局,宜蘭縣三星鄉上將路五段口 / 宜蘭縣三星鄉廣富路口,陰,夜間(或隧道、地下道、涵洞)有照明,縣道,60,交岔路,四岔路,交叉路口,交叉路口內,柏油,乾燥,無缺陷,其他障礙物,良好,良好,無號誌,無號誌,雙向禁止超車線,無標記,車道線(無標記),快慢車道分隔線,有,車與車,路口交岔撞,駕駛人,未注意車前狀態,死亡1;受傷2,2,小貨車(含客、貨兩用),自用,男,65,戴安全帽或繫安全帶(使用幼童安全椅),未使用,車的狀態,向前直行中,汽車,前車頭,,,駕駛人,未注意車前狀態,否,121.675614,24.676789
2020,1,20200119,092354,A1,屏東縣政府警察局,屏東縣南州鄉萬華路段,晴,夜間(或隧道、地下道、涵洞)有照明,鄉道,50,單路部分,直路,路段,路肩、路緣,柏油,乾燥,無缺陷,無障礙物,良好,良好,無號誌,無號誌,行車分向線,無標記,未繪設車道線,未繪設快慢車道分隔線,有,汽(機)車本身,撞路樹、電桿,駕駛人,未注意車前狀態,死亡1;受傷0,2,,,無或物(動物、堆置物),-1,,,,,,,,,無(非車輛駕駛人因素),尚未發現肇事因素,否,120.504788,22.462323
2020,1,20200119,092354,A1,屏東縣政府警察局,屏東縣南州鄉萬華路段,晴,夜間(或隧道、地下道、涵洞)有照明,鄉道,50,單路部分,直路,路段,路肩、路緣,柏油,乾燥,無缺陷,無障礙物,良好,良好,無號誌,無號誌,行車分向線,無標記,未繪設車道線,未繪設快慢車道分隔線,有,汽(機)車本身,撞路樹、電桿,駕駛人,未注意車前狀態,死亡1;受傷0,1,機車,普通重型,男,19,戴安全帽或繫安全帶(使用幼童安全椅),不明,車的狀態,向前直行中,機車,前車頭,機車,左側車身,駕駛人,未注意車前狀態,否,120.504788,22.462323
2020,1,20200119,095600,A1,新北市政府警察局,新北市蘆洲區永樂街 / 新北市蘆洲區環堤大道路,晴,日間自然光線,市區道路,50,交岔路,三岔路,交叉路口,交叉路口內,柏油,乾燥,無缺陷,無障礙物,良好,良好,無號誌,無號誌,中央分向島,寛式(50公分以上),車道線(無標記),未繪設快慢車道分隔線,無,車與車,側撞,駕駛人,未依規定讓車,死亡1;受傷0,1,小客車,自用,男,42,不明,不明,車的狀態,左轉彎,汽車,前車頭,汽車,前車頭,駕駛人,未依規定讓車,否,121.456540,25.090520
2020,1,20200119,095600,A1,新北市政府警察局,新北市蘆洲區永樂街 / 新北市蘆洲區環堤大道路,晴,日間自然光線,市區道路,50,交岔路,三岔路,交叉路口,交叉路口內,柏油,乾燥,無缺陷,無障礙物,良好,良好,無號誌,無號誌,中央分向島,寛式(50公分以上),車道線(無標記),未繪設快慢車道分隔線,無,車與車,側撞,駕駛人,未依規定讓車,死亡1;受傷0,2,小客車,自用,男,34,不明,不明,車的狀態,向前直行中,汽車,右側車身,汽車,右側車身,駕駛人,未依規定減速,否,121.456540,25.090520
2020,1,20200119,095600,A1,新北市政府警察局,新北市蘆洲區永樂街 / 新北市蘆洲區環堤大道路,晴,日間自然光線,市區道路,50,交岔路,三岔路,交叉路口,交叉路口內,柏油,乾燥,無缺陷,無障礙物,良好,良好,無號誌,無號誌,中央分向島,寛式(50公分以上),車道線(無標記),未繪設快慢車道分隔線,無,車與車,側撞,駕駛人,未依規定讓車,死亡1;受傷0,3,人,行人,女,11,其他(行人、慢車駕駛人),非汽(機)車駕駛人,人的狀態,步行,其他,非汽(機)車,其他,非汽(機)車,無(非車輛駕駛人因素),尚未發現肇事因素,否,121.456540,25.090520
2020,1,20200119,184000,A1,高雄市政府警察局,高雄市大樹區三和路三和橋處號前0.0公尺,晴,夜間(或隧道、地下道、涵洞)有照明,市區道路,40,單路部分,彎曲路及附近,路段,一般車道(未劃分快慢車道),柏油,乾燥,無缺陷,無障礙物,良好,良好,無號誌,無號誌,行車分向線,無標記,未繪設車道線,未繪設快慢車道分隔線,有,車與車,對向擦撞,駕駛人,未依規定減速,死亡1;受傷1,1,機車,普通重型,女,18,戴安全帽或繫安全帶(使用幼童安全椅),未使用,車的狀態,向前直行中,其他,不明,其他,不明,駕駛人,未依規定減速,否,120.433400,22.723760
2020,1,20200119,184000,A1,高雄市政府警察局,高雄市大樹區三和路三和橋處號前0.0公尺,晴,夜間(或隧道、地下道、涵洞)有照明,市區道路,40,單路部分,彎曲路及附近,路段,一般車道(未劃分快慢車道),柏油,乾燥,無缺陷,無障礙物,良好,良好,無號誌,無號誌,行車分向線,無標記,未繪設車道線,未繪設快慢車道分隔線,有,車與車,對向擦撞,駕駛人,未依規定減速,死亡1;受傷1,3,人,乘客,女,18,其他(行人、慢車駕駛人),非汽(機)車駕駛人,人的狀態,不明,其他,非汽(機)車,其他,非汽(機)車,無(非車輛駕駛人因素),尚未發現肇事因素,否,120.433400,22.723760
2020,1,20200119,184000,A1,高雄市政府警察局,高雄市大樹區三和路三和橋處號前0.0公尺,晴,夜間(或隧道、地下道、涵洞)有照明,市區道路,40,單路部分,彎曲路及附近,路段,一般車道(未劃分快慢車道),柏油,乾燥,無缺陷,無障礙物,良好,良好,無號誌,無號誌,行車分向線,無標記,未繪設車道線,未繪設快慢車道分隔線,有,車與車,對向擦撞,駕駛人,未依規定減速,死亡1;受傷1,2,小客車,自用,男,27,戴安全帽或繫安全帶(使用幼童安全椅),未使用,車的狀態,向前直行中,汽車,左前車頭(身),汽車,左前車頭(身),無(車輛駕駛人因素),尚未發現肇事因素,否,120.433400,22.723760
2020,1,20200119,190316,A1,苗栗縣警察局,苗栗縣大湖鄉苗62線2.4公里處西向,陰,夜間(或隧道、地下道、涵洞)無照明,鄉道,50,單路部分,彎曲路及附近,路段,一般車道(未劃分快慢車道),柏油,乾燥,無缺陷,無障礙物,良好,良好,無號誌,無號誌,雙向禁止超車線,無標記,未繪設車道線,未繪設快慢車道分隔線,有,汽(機)車本身,撞護欄(樁),駕駛人,未注意車前狀態,死亡1;受傷1,2,,,無或物(動物、堆置物),-1,,,,,,,,,無(非車輛駕駛人因素),尚未發現肇事因素,否,120.892927,24.443518
2020,1,20200119,190316,A1,苗栗縣警察局,苗栗縣大湖鄉苗62線2.4公里處西向,陰,夜間(或隧道、地下道、涵洞)無照明,鄉道,50,單路部分,彎曲路及附近,路段,一般車道(未劃分快慢車道),柏油,乾燥,無缺陷,無障礙物,良好,良好,無號誌,無號誌,雙向禁止超車線,無標記,未繪設車道線,未繪設快慢車道分隔線,有,汽(機)車本身,撞護欄(樁),駕駛人,未注意車前狀態,死亡1;受傷1,3,人,乘客,女,45,戴安全帽或繫安全帶(使用幼童安全椅),未使用,人的狀態,靜立(止),其他,非汽(機)車,,,無(非車輛駕駛人因素),尚未發現肇事因素,否,120.892927,24.443518
2020,1,20200119,190316,A1,苗栗縣警察局,苗栗縣大湖鄉苗62線2.4公里處西向,陰,夜間(或隧道、地下道、涵洞)無照明,鄉道,50,單路部分,彎曲路及附近,路段,一般車道(未劃分快慢車道),柏油,乾燥,無缺陷,無障礙物,良好,良好,無號誌,無號誌,雙向禁止超車線,無標記,未繪設車道線,未繪設快慢車道分隔線,有,汽(機)車本身,撞護欄(樁),駕駛人,未注意車前狀態,死亡1;受傷1,1,機車,大型重型1(550C.C.以上),男,47,戴安全帽或繫安全帶(使用幼童安全椅),未使用,車的狀態,向前直行中,機車,右側車身,,,駕駛人,未注意車前狀態,否,120.892927,24.443518