發生年度,發生月份,發生日期,發生時間,事故類別名稱,處理單位名稱警局層,發生地點,天候名稱,光線名稱,道路類別-第1當事者-名稱,速限-第1當事者,道路型態大類別名稱,道路型態子類別名稱,事故位置大類別名稱,事故位置子類別名稱,路面狀況-路面鋪裝名稱,路面狀況-路面狀態名稱,路面狀況-路面缺陷名稱,道路障礙-障礙物名稱,道路障礙-視距品質名稱,道路障礙-視距名稱,號誌-號誌種類名稱,號誌-號誌動作名稱,車道劃分設施-分向設施大類別名稱,車道劃分設施-分向設施子類別名稱,車道劃分設施-分道設施-快車道或一般車道間名稱,車道劃分設施-分道設施-快慢車道間名稱,車道劃分設施-分道設施-路面邊線名稱,事故類型及型態大類別名稱,事故類型及型態子類別名稱,肇因研判大類別名稱-主要,肇因研判子類別名稱-主要,死亡受傷人數,當事者順位,當事者區分-類別-大類別名稱-車種,當事者區分-類別-子類別名稱-車種,當事者屬-性-別名稱,當事者事故發生時年齡,保護裝備名稱,行動電話或電腦或其他相類功能裝置名稱,當事者行動狀態大類別名稱,當事者行動狀態子類別名稱,車輛撞擊部位大類別名稱-最初,車輛撞擊部位子類別名稱-最初,車輛撞擊部位大類別名稱-其他,車輛撞擊部位子類別名稱-其他,肇因研判大類別名稱-個別,肇因研判子類別名稱-個別,肇事逃逸類別名稱-是否肇逃,經度,緯度
2020,1,20200119,235826,A1,臺南市政府警察局,臺南市東區裕農路口 / 臺南市東區裕農三街口,晴,夜間(或隧道、地下道、涵洞)有照明,市區道路,50,交岔路,三岔路,交叉路口,交叉路口內,柏油,乾燥,無缺陷,無障礙物,良好,良好,行車管制號誌(附設行人專用號誌),正常,無,無分向設施,未繪設車道線,未繪設快慢車道分隔線,無,車與車,側撞,駕駛人,未依規定讓車,死亡1;受傷1,2,機車,普通重型,男,18,戴安全帽或繫安全帶(使用幼童安全椅),未使用,車的狀態,向前直行中,機車,前車頭,,,駕駛人,未注意車前狀態,否,120.239389,22.988985
2020,1,20200119,235826,A1,臺南市政府警察局,臺南市東區裕農路口 / 臺南市東區裕農三街口,晴,夜間(或隧道、地下道、涵洞)有照明,市區道路,50,交岔路,三岔路,交叉路口,交叉路口內,柏油,乾燥,無缺陷,無障礙物,良好,良好,行車管制號誌(附設行人專用號誌),正常,無,無分向設施,未繪設車道線,未繪設快慢車道分隔線,無,車與車,側撞,駕駛人,未依規定讓車,死亡1;受傷1,3,人,乘客,男,19,戴安全帽或繫安全帶(使用幼童安全椅),未使用,人的狀態,其他,其他,非汽(機)車,,,無(非車輛駕駛人因素),尚未發現肇事因素,否,120.239389,22.988985
2020,1,20200119,235826,A1,臺南市政府警察局,臺南市東區裕農路口 / 臺南市東區裕農三街口,晴,夜間(或隧道、地下道、涵洞)有照明,市區道路,50,交岔路,三岔路,交叉路口,交叉路口內,柏油,乾燥,無缺陷,無障礙物,良好,良好,行車管制號誌(附設行人專用號誌),正常,無,無分向設施,未繪設車道線,未繪設快慢車道分隔線,無,車與車,側撞,駕駛人,未依規定讓車,死亡1;受傷1,1,小貨車(含客、貨兩用),自用,女,66,戴安全帽或繫安全帶(使用幼童安全椅),未使用,車的狀態,左轉彎,汽車,右前車頭(身),,,駕駛人,未依規定讓車,否,120.239389,22.988985
2020,1,20200120,075500,A1,嘉義縣警察局,嘉義縣中埔鄉同仁村同仁32-1號(台3線292公里300公尺處),晴,日間自然光線,省道,50,單路部分,彎曲路及附近,路段,一般車道(未劃分快慢車道),柏油,乾燥,無缺陷,無障礙物,不良,彎道,無號誌,無號誌,雙向禁止超車線,附標記,未繪設車道線,未繪設快慢車道分隔線,有,車與車,對向擦撞,駕駛人,酒醉(後)駕駛失控,死亡1;受傷0,1,機車,普通重型,女,41,戴安全帽或繫安全帶(使用幼童安全椅),未使用,車的狀態,向前直行中,機車,前車頭,,,駕駛人,酒醉(後)駕駛失控,否,120.511510,23.403914
2020,1,20200120,075500,A1,嘉義縣警察局,嘉義縣中埔鄉同仁村同仁32-1號(台3線292公里300公尺處),晴,日間自然光線,省道,50,單路部分,彎曲路及附近,路段,一般車道(未劃分快慢車道),柏油,乾燥,無缺陷,無障礙物,不良,彎道,無號誌,無號誌,雙向禁止超車線,附標記,未繪設車道線,未繪設快慢車道分隔線,有,車與車,對向擦撞,駕駛人,酒醉(後)駕駛失控,死亡1;受傷0,2,小客車,自用,男,47,戴安全帽或繫安全帶(使用幼童安全椅),未使用,車的狀態,向前直行中,汽車,前車頭,,,無(車輛駕駛人因素),尚未發現肇事因素,否,120.511510,23.403914
2020,1,20200120,110705,A1,國道公路警察局,新北市鶯歌區國道3號 52公里900.0公尺處南側向外側,晴,日間自然光線,國道,90,單路部分,直路,路段,快車道,柏油,乾燥,無缺陷,無障礙物,良好,良好,無號誌,無號誌,中央分向島,寛式(50公分以上),車道線(附標記),未繪設快慢車道分隔線,有,車與車,追撞,駕駛人,未保持行車安全距離,死亡1;受傷1,5,人,乘客,男,28,戴安全帽或繫安全帶(使用幼童安全椅),未使用,人的狀態,不明,其他,不明,,,無(非車輛駕駛人因素),尚未發現肇事因素,否,121.334524,24.938709
2020,1,20200120,110705,A1,國道公路警察局,新北市鶯歌區國道3號 52公里900.0公尺處南側向外側,晴,日間自然光線,國道,90,單路部分,直路,路段,快車道,柏油,乾燥,無缺陷,無障礙物,良好,良好,無號誌,無號誌,中央分向島,寛式(50公分以上),車道線(附標記),未繪設快慢車道分隔線,有,車與車,追撞,駕駛人,未保持行車安全距離,死亡1;受傷1,6,人,乘客,女,51,戴安全帽或繫安全帶(使用幼童安全椅),未使用,人的狀態,不明,其他,不明,,,無(非車輛駕駛人因素),尚未發現肇事因素,否,121.334524,24.938709
2020,1,20200120,110705,A1,國道公路警察局,新北市鶯歌區國道3號 52公里900.0公尺處南側向外側,晴,日間自然光線,國道,90,單路部分,直路,路段,快車道,柏油,乾燥,無缺陷,無障礙物,良好,良好,無號誌,無號誌,中央分向島,寛式(50公分以上),車道線(附標記),未繪設快慢車道分隔線,有,車與車,追撞,駕駛人,未保持行車安全距離,死亡1;受傷1,4,小客車,租賃車,男,47,戴安全帽或繫安全帶(使用幼童安全椅),未使用,車的狀態,向前直行中,汽車,前車頭,,,駕駛人,未保持行車安全距離,否,121.334524,24.938709
2020,1,20200120,110705,A1,國道公路警察局,新北市鶯歌區國道3號 52公里900.0公尺處南側向外側,晴,日間自然光線,國道,90,單路部分,直路,路段,快車道,柏油,乾燥,無缺陷,無障礙物,良好,良好,無號誌,無號誌,中央分向島,寛式(50公分以上),車道線(附標記),未繪設快慢車道分隔線,有,車與車,追撞,駕駛人,未保持行車安全距離,死亡1;受傷1,1,大貨車,營業用,男,33,戴安全帽或繫安全帶(使用幼童安全椅),未使用,車的狀態,向前直行中,汽車,前車頭,汽車,後車尾,駕駛人,未保持行車安全距離,否,121.334524,24.938709
2020,1,20200120,110705,A1,國道公路警察局,新北市鶯歌區國道3號 52公里900.0公尺處南側向外側,晴,日間自然光線,國道,90,單路部分,直路,路段,快車道,柏油,乾燥,無缺陷,無障礙物,良好,良好,無號誌,無號誌,中央分向島,寛式(50公分以上),車道線(附標記),未繪設快慢車道分隔線,有,車與車,追撞,駕駛人,未保持行車安全距離,死亡1;受傷1,3,小客車,自用,男,50,戴安全帽或繫安全帶(使用幼童安全椅),未使用,車的狀態,等待(引擎未熄火),汽車,後車尾,,,無(車輛駕駛人因素),尚未發現肇事因素,否,121.334524,24.938709
2020,1,20200120,110705,A1,國道公路警察局,新北市鶯歌區國道3號 52公里900.0公尺處南側向外側,晴,日間自然光線,國道,90,單路部分,直路,路段,快車道,柏油,乾燥,無缺陷,無障礙物,良好,良好,無號誌,無號誌,中央分向島,寛式(50公分以上),車道線(附標記),未繪設快慢車道分隔線,有,車與車,追撞,駕駛人,未保持行車安全距離,死亡1;受傷1,2,小貨車(含客、貨兩用),自用,男,47,戴安全帽或繫安全帶(使用幼童安全椅),未使用,車的狀態,等待(引擎未熄火),汽車,後車尾,汽車,前車頭,無(車輛駕駛人因素),尚未發現肇事因素,否,121.334524,24.938709
2020,1,20200120,165006,A1,宜蘭縣政府警察局,宜蘭縣南澳鄉金岳橋南端與宜55線路口,晴,日間自然光線,縣道,40,單路部分,彎曲路及附近,路段,一般車道(未劃分快慢車道),柏油,乾燥,無缺陷,無障礙物,良好,良好,無號誌,無號誌,雙向禁止超車線,無標記,車道線(無標記),未繪設快慢車道分隔線,有,汽(機)車本身,撞橋樑、建築物,駕駛人,未注意車前狀態,死亡1;受傷0,2,,,無或物(動物、堆置物),-1,,,,,,,,,無(非車輛駕駛人因素),尚未發現肇事因素,否,121.779511,24.467098
2020,1,20200120,165006,A1,宜蘭縣政府警察局,宜蘭縣南澳鄉金岳橋南端與宜55線路口,晴,日間自然光線,縣道,40,單路部分,彎曲路及附近,路段,一般車道(未劃分快慢車道),柏油,乾燥,無缺陷,無障礙物,良好,良好,無號誌,無號誌,雙向禁止超車線,無標記,車道線(無標記),未繪設快慢車道分隔線,有,汽(機)車本身,撞橋樑、建築物,駕駛人,未注意車前狀態,死亡1;受傷0,1,機車,普通重型,男,82,戴安全帽或繫安全帶(使用幼童安全椅),未使用,車的狀態,右轉彎,機車,前車頭,,,駕駛人,未注意車前狀態,否,121.779511,24.467098
2020,1,20200121,001400,A1,金門縣警察局,金門縣金沙鎮陽沙路3144燈桿路段,晴,夜間(或隧道、地下道、涵洞)有照明,村里道路,40,單路部分,直路,其他,其他,柏油,乾燥,無缺陷,無障礙物,良好,良好,無號誌,無號誌,無,無分向設施,未繪設車道線,未繪設快慢車道分隔線,有,汽(機)車本身,撞路樹、電桿,駕駛人,酒醉(後)駕駛失控,死亡1;受傷0,2,,,無或物(動物、堆置物),-1,,,,,,,,,無(非車輛駕駛人因素),尚未發現肇事因素,否,118.431543,24.480513
2020,1,20200121,001400,A1,金門縣警察局,金門縣金沙鎮陽沙路3144燈桿路段,晴,夜間(或隧道、地下道、涵洞)有照明,村里道路,40,單路部分,直路,其他,其他,柏油,乾燥,無缺陷,無障礙物,良好,良好,無號誌,無號誌,無,無分向設施,未繪設車道線,未繪設快慢車道分隔線,有,汽(機)車本身,撞路樹、電桿,駕駛人,酒醉(後)駕駛失控,死亡1;受傷0,1,小客車,自用,男,35,不明,不明,車的狀態,向前直行中,汽車,前車頭,汽車,前車頭,駕駛人,酒醉(後)駕駛失控,否,118.431543,24.480513
2020,1,20200121,013500,A1,新北市政府警察局,新北市林口區臺61線道路前0.0公尺,晴,夜間(或隧道、地下道、涵洞)有照明,省道,80,單路部分,直路,路段,快車道,柏油,乾燥,無缺陷,無障礙物,良好,良好,無號誌,無號誌,中央分向島,窄式附柵欄,車道線(無標記),未繪設快慢車道分隔線,有,車與車,側撞,駕駛人,未注意車前狀態,死亡1;受傷1,1,曳引車,營業用,男,29,不明,不明,車的狀態,向前直行中,汽車,前車頭,汽車,前車頭,駕駛人,未注意車前狀態,否,121.367766,25.135696
2020,1,20200121,013500,A1,新北市政府警察局,新北市林口區臺61線道路前0.0公尺,晴,夜間(或隧道、地下道、涵洞)有照明,省道,80,單路部分,直路,路段,快車道,柏油,乾燥,無缺陷,無障礙物,良好,良好,無號誌,無號誌,中央分向島,窄式附柵欄,車道線(無標記),未繪設快慢車道分隔線,有,車與車,側撞,駕駛人,未注意車前狀態,死亡1;受傷1,2,曳引車,營業用,男,45,不明,不明,車的狀態,向前直行中,汽車,前車頭,汽車,前車頭,駕駛人,未注意車前狀態,否,121.367766,25.135696
2020,1,20200121,022646,A1,新竹縣政府警察局,新竹縣新豐鄉松柏林路坑子口105-20號前0.0公尺,晴,夜間(或隧道、地下道、涵洞)有照明,村里道路,50,單路部分,直路,路段,一般車道(未劃分快慢車道),柏油,乾燥,有坑洞,道路工事(程)中,良好,良好,無號誌,無號誌,行車分向線,無標記,未繪設車道線,未繪設快慢車道分隔線,有,汽(機)車本身,其他,駕駛人,未注意車前狀態,死亡1;受傷0,2,,,無或物(動物、堆置物),-1,,,,,,,,,交通管制(設施),其他交通管制不當,否,120.979068,24.882118
2020,1,20200121,022646,A1,新竹縣政府警察局,新竹縣新豐鄉松柏林路坑子口105-20號前0.0公尺,晴,夜間(或隧道、地下道、涵洞)有照明,村里道路,50,單路部分,直路,路段,一般車道(未劃分快慢車道),柏油,乾燥,有坑洞,道路工事(程)中,良好,良好,無號誌,無號誌,行車分向線,無標記,未繪設車道線,未繪設快慢車道分隔線,有,汽(機)車本身,其他,駕駛人,未注意車前狀態,死亡1;受傷0,1,機車,普通重型,女,56,戴安全帽或繫安全帶(使用幼童安全椅),未使用,車的狀態,向前直行中,機車,左側車身,機車,左側車身,駕駛人,未注意車前狀態,否,120.979068,24.882118
2020,1,20200121,062518,A1,新竹市警察局,新竹市北區中央路口 / 新竹市北區中正路口,晴,日間自然光線,市區道路,50,交岔路,四岔路,交叉路口,交叉口附近,柏油,乾燥,無缺陷,無障礙物,良好,良好,行車管制號誌(附設行人專用號誌),正常,雙向禁止超車線,無標記,車道線(無標記),未繪設快慢車道分隔線,有,人與汽(機)車,穿越道路中,駕駛人,搶越行人穿越道,死亡1;受傷0,1,大客車,公營客運,男,55,不明,不明,車的狀態,左轉彎,汽車,左側車身,,,駕駛人,搶越行人穿越道,否,120.969152,24.805852
2020,1,20200121,062518,A1,新竹市警察局,新竹市北區中央路口 / 新竹市北區中正路口,晴,日間自然光線,市區道路,50,交岔路,四岔路,交叉路口,交叉口附近,柏油,乾燥,無缺陷,無障礙物,良好,良好,行車管制號誌(附設行人專用號誌),正常,雙向禁止超車線,無標記,車道線(無標記),未繪設快慢車道分隔線,有,人與汽(機)車,穿越道路中,駕駛人,搶越行人穿越道,死亡1;受傷0,2,人,行人,女,66,其他(行人、慢車駕駛人),非汽(機)車駕駛人,人的狀態,步行,其他,非汽(機)車,,,無(非車輛駕駛人因素),尚未發現肇事因素,否,120.969152,24.805852
2020,1,20200121,064500,A1,高雄市政府警察局,高雄市三民區九如三路 / 高雄市三民區中峰街,晴,日間自然光線,市區道路,50,交岔路,四岔路,交叉路口,交叉路口內,柏油,乾燥,無缺陷,無障礙物,良好,良好,行車管制號誌,正常,無,無分向設施,未繪設車道線,未繪設快慢車道分隔線,無,汽(機)車本身,撞號誌、標誌桿,駕駛人,未注意車前狀態,死亡2;受傷0,2,,,無或物(動物、堆置物),109,,,,,,,,,無(非車輛駕駛人因素),尚未發現肇事因素,否,120.289182,22.642825
2020,1,20200121,064500,A1,高雄市政府警察局,高雄市三民區九如三路 / 高雄市三民區中峰街,晴,日間自然光線,市區道路,50,交岔路,四岔路,交叉路口,交叉路口內,柏油,乾燥,無缺陷,無障礙物,良好,良好,行車管制號誌,正常,無,無分向設施,未繪設車道線,未繪設快慢車道分隔線,無,汽(機)車本身,撞號誌、標誌桿,駕駛人,未注意車前狀態,死亡2;受傷0,1,小客車,自用,男,41,戴安全帽或繫安全帶(使用幼童安全椅),未使用,車的狀態,向前直行中,汽車,前車頭,汽車,前車頭,駕駛人,未注意車前狀態,否,120.289182,22.642825
2020,1,20200121,064500,A1,高雄市政府警察局,高雄市三民區九如三路 / 高雄市三民區中峰街,晴,日間自然光線,市區道路,50,交岔路,四岔路,交叉路口,交叉路口內,柏油,乾燥,無缺陷,無障礙物,良好,良好,行車管制號誌,正常,無,無分向設施,未繪設車道線,未繪設快慢車道分隔線,無,汽(機)車本身,撞號誌、標誌桿,駕駛人,未注意車前狀態,死亡2;受傷0,3,人,乘客,女,37,戴安全帽或繫安全帶(使用幼童安全椅),非汽(機)車駕駛人,人的狀態,其他,其他,非汽(機)車,其他,非汽(機)車,無(非車輛駕駛人因素),尚未發現肇事因素,否,120.289182,22.642825
2020,1,20200121,151007,A1,臺南市政府警察局,臺南市歸仁區武東里台39慢車道往南陸橋與歸仁二路,晴,日間自然光線,省道,50,單路部分,直路,路段,慢車道,柏油,乾燥,無缺陷,無障礙物,良好,良好,無號誌,無號誌,中央分向島,寛式(50公分以上),車道線(無標記),寛式快慢車道分隔島(50公分以上),無,汽(機)車本身,撞護欄(樁),駕駛人,未注意車前狀態,死亡1;受傷2,2,,,無或物(動物、堆置物),-1,,,,,,,,,無(非車輛駕駛人因素),尚未發現肇事因素,否,120.282635,22.931674
2020,1,20200121,151007,A1,臺南市政府警察局,臺南市歸仁區武東里台39慢車道往南陸橋與歸仁二路,晴,日間自然光線,省道,50,單路部分,直路,路段,慢車道,柏油,乾燥,無缺陷,無障礙物,良好,良好,無號誌,無號誌,中央分向島,寛式(50公分以上),車道線(無標記),寛式快慢車道分隔島(50公分以上),無,汽(機)車本身,撞護欄(樁),駕駛人,未注意車前狀態,死亡1;受傷2,1,機車,普通重型,女,29,戴安全帽或繫安全帶(使用幼童安全椅),未使用,車的狀態,向前直行中,機車,右側車身,,,駕駛人,未注意車前狀態,否,120.282635,22.931674
2020,1,20200121,151007,A1,臺南市政府警察局,臺南市歸仁區武東里台39慢車道往南陸橋與歸仁二路,晴,日間自然光線,省道,50,單路部分,直路,路段,慢車道,柏油,乾燥,無缺陷,無障礙物,良好,良好,無號誌,無號誌,中央分向島,寛式(50公分以上),車道線(無標記),寛式快慢車道分隔島(50公分以上),無,汽(機)車本身,撞護欄(樁),駕駛人,未注意車前狀態,死亡1;受傷2,3,人,乘客,男,7,未戴案全帽或未繫安全帶(未使用幼童安全椅),未使用,人的狀態,其他,其他,非汽(機)車,,,無(非車輛駕駛人因素),尚未發現肇事因素,否,120.282635,22.931674
2020,1,20200121,151007,A1,臺南市政府警察局,臺南市歸仁區武東里台39慢車道往南陸橋與歸仁二路,晴,日間自然光線,省道,50,單路部分,直路,路段,慢車道,柏油,乾燥,無缺陷,無障礙物,良好,良好,無號誌,無號誌,中央分向島,寛式(50公分以上),車道線(無標記),寛式快慢車道分隔島(50公分以上),無,汽(機)車本身,撞護欄(樁),駕駛人,未注意車前狀態,死亡1;受傷2,4,人,乘客,女,2,未戴案全帽或未繫安全帶(未使用幼童安全椅),未使用,人的狀態,其他,其他,非汽(機)車,,,無(非車輛駕駛人因素),尚未發現肇事因素,否,120.282635,22.931674
2020,1,20200121,190550,A1,國道公路警察局,新竹縣關西鎮國道3號 76公里500.0公尺處北側向輔助,晴,夜間(或隧道、地下道、涵洞)有照明,國道,110,單路部分,直路,路段,快車道,柏油,乾燥,無缺陷,無障礙物,良好,良好,無號誌,無號誌,中央分向島,寛式(50公分以上),車道線(附標記),未繪設快慢車道分隔線,有,汽(機)車本身,撞路樹、電桿,駕駛人,未注意車前狀態,死亡1;受傷0,2,,,無或物(動物、堆置物),-1,,,,,,,,,無(非車輛駕駛人因素),尚未發現肇事因素,否,121.195227,24.800152
2020,1,20200121,190550,A1,國道公路警察局,新竹縣關西鎮國道3號 76公里500.0公尺處北側向輔助,晴,夜間(或隧道、地下道、涵洞)有照明,國道,110,單路部分,直路,路段,快車道,柏油,乾燥,無缺陷,無障礙物,良好,良好,無號誌,無號誌,中央分向島,寛式(50公分以上),車道線(附標記),未繪設快慢車道分隔線,有,汽(機)車本身,撞路樹、電桿,駕駛人,未注意車前狀態,死亡1;受傷0,6,小客車,自用,男,29,戴安全帽或繫安全帶(使用幼童安全椅),未使用,車的狀態,向前直行中,汽車,車底,,,駕駛人,未注意車前狀態,是,121.195227,24.800152
2020,1,20200121,190550,A1,國道公路警察局,新竹縣關西鎮國道3號 76公里500.0公尺處北側向輔助,晴,夜間(或隧道、地下道、涵洞)有照明,國道,110,單路部分,直路,路段,快車道,柏油,乾燥,無缺陷,無障礙物,良好,良好,無號誌,無號誌,中央分向島,寛式(50公分以上),車道線(附標記),未繪設快慢車道分隔線,有,汽(機)車本身,撞路樹、電桿,駕駛人,未注意車前狀態,死亡1;受傷0,4,小客車,自用,男,68,戴安全帽或繫安全帶(使用幼童安全椅),未使用,車的狀態,向前直行中,汽車,前車頭,汽車,車底,駕駛人,未注意車前狀態,否,121.195227,24.800152
2020,1,20200121,190550,A1,國道公路警察局,新竹縣關西鎮國道3號 76公里500.0公尺處北側向輔助,晴,夜間(或隧道、地下道、涵洞)有照明,國道,110,單路部分,直路,路段,快車道,柏油,乾燥,無缺陷,無障礙物,良好,良好,無號誌,無號誌,中央分向島,寛式(50公分以上),車道線(附標記),未繪設快慢車道分隔線,有,汽(機)車本身,撞路樹、電桿,駕駛人,未注意車前狀態,死亡1;受傷0,5,小貨車(含客、貨兩用),自用,男,49,戴安全帽或繫安全帶(使用幼童安全椅),未使用,車的狀態,向前直行中,汽車,車底,,,駕駛人,未注意車前狀態,否,121.195227,24.800152
2020,1,20200121,190550,A1,國道公路警察局,新竹縣關西鎮國道3號 76公里500.0公尺處北側向輔助,晴,夜間(或隧道、地下道、涵洞)有照明,國道,110,單路部分,直路,路段,快車道,柏油,乾燥,無缺陷,無障礙物,良好,良好,無號誌,無號誌,中央分向島,寛式(50公分以上),車道線(附標記),未繪設快慢車道分隔線,有,汽(機)車本身,撞路樹、電桿,駕駛人,未注意車前狀態,死亡1;受傷0,3,小客車,自用,女,54,戴安全帽或繫安全帶(使用幼童安全椅),未使用,車的狀態,向前直行中,汽車,右前車頭(身),汽車,車底,駕駛人,未注意車前狀態,否,121.195227,24.800152
2020,1,20200121,190550,A1,國道公路警察局,新竹縣關西鎮國道3號 76公里500.0公尺處北側向輔助,晴,夜間(或隧道、地下道、涵洞)有照明,國道,110,單路部分,直路,路段,快車道,柏油,乾燥,無缺陷,無障礙物,良好,良好,無號誌,無號誌,中央分向島,寛式(50公分以上),車道線(附標記),未繪設快慢車道分隔線,有,汽(機)車本身,撞路樹、電桿,駕駛人,未注意車前狀態,死亡1;受傷0,1,小客車,自用,男,41,未戴案全帽或未繫安全帶(未使用幼童安全椅),使用手持或有礙駕駛安全,車的狀態,向右變換車道,汽車,前車頭,汽車,右側車身,駕駛人,未注意車前狀態,否,121.195227,24.800152
2020,1,20200122,052746,A1,臺南市政府警察局,臺南市永康區永康里中山路南側 / 臺南市永康區永康里中山南路東側,晴,夜間(或隧道、地下道、涵洞)有照明,省道,50,交岔路,四岔路,交叉路口,交叉口附近,柏油,乾燥,無缺陷,無障礙物,良好,良好,行車管制號誌(附設行人專用號誌),正常,行車分向線,附標記,車道線(附標記),未繪設快慢車道分隔線,無,人與汽(機)車,穿越道路中,行人(或乘客),未依標誌、標線、號誌或手勢指揮穿越道路,死亡1;受傷0,2,小客車,自用,男,22,戴安全帽或繫安全帶(使用幼童安全椅),未使用,車的狀態,向前直行中,汽車,左前車頭(身),,,駕駛人,搶越行人穿越道,是,120.257309,23.025988
2020,1,20200122,052746,A1,臺南市政府警察局,臺南市永康區永康里中山路南側 / 臺南市永康區永康里中山南路東側,晴,夜間(或隧道、地下道、涵洞)有照明,省道,50,交岔路,四岔路,交叉路口,交叉口附近,柏油,乾燥,無缺陷,無障礙物,良好,良好,行車管制號誌(附設行人專用號誌),正常,行車分向線,附標記,車道線(附標記),未繪設快慢車道分隔線,無,人與汽(機)車,穿越道路中,行人(或乘客),未依標誌、標線、號誌或手勢指揮穿越道路,死亡1;受傷0,1,人,行人,女,83,其他(行人、慢車駕駛人),未使用,人的狀態,步行,其他,非汽(機)車,,,行人(或乘客),未依標誌、標線、號誌或手勢指揮穿越道路,否,120.257309,23.025988
2020,1,20200122,090000,A1,臺南市政府警察局,臺南市學甲區三慶里南13線紅茄高幹46號電線桿旁路口,晴,日間自然光線,鄉道,50,交岔路,三岔路,交叉路口,交叉路口內,柏油,乾燥,無缺陷,無障礙物,良好,良好,無號誌,無號誌,無,無分向設施,未繪設車道線,未繪設快慢車道分隔線,無,車與車,側撞,駕駛人,未依規定讓車,死亡1;受傷1,2,機車,普通重型,男,39,戴安全帽或繫安全帶(使用幼童安全椅),未使用,車的狀態,向前直行中,機車,前車頭,,,駕駛人,未注意車前狀態,否,120.199765,23.277166
2020,1,20200122,090000,A1,臺南市政府警察局,臺南市學甲區三慶里南13線紅茄高幹46號電線桿旁路口,晴,日間自然光線,鄉道,50,交岔路,三岔路,交叉路口,交叉路口內,柏油,乾燥,無缺陷,無障礙物,良好,良好,無號誌,無號誌,無,無分向設施,未繪設車道線,未繪設快慢車道分隔線,無,車與車,側撞,駕駛人,未依規定讓車,死亡1;受傷1,1,機車,普通重型,男,85,未戴案全帽或未繫安全帶(未使用幼童安全椅),未使用,車的狀態,左轉彎,機車,右側車身,,,駕駛人,未依規定讓車,否,120.199765,23.277166
2020,1,20200122,115200,A1,桃園市政府警察局,桃園市觀音區大觀路1段口 / 桃園市觀音區大觀路1段,晴,日間自然光線,市區道路,50,交岔路,四岔路,交叉路口,交叉路口內,柏油,乾燥,無缺陷,無障礙物,良好,良好,閃光號誌,正常,無,無分向設施,未繪設車道線,未繪設快慢車道分隔線,無,車與車,側撞,駕駛人,左轉彎未依規定,死亡1;受傷0,1,機車,普通重型,女,40,戴安全帽或繫安全帶(使用幼童安全椅),未使用,車的狀態,左轉彎,機車,後車尾,,,駕駛人,左轉彎未依規定,否,121.154752,25.053188
2020,1,20200122,115200,A1,桃園市政府警察局,桃園市觀音區大觀路1段口 / 桃園市觀音區大觀路1段,晴,日間自然光線,市區道路,50,交岔路,四岔路,交叉路口,交叉路口內,柏油,乾燥,無缺陷,無障礙物,良好,良好,閃光號誌,正常,無,無分向設施,未繪設車道線,未繪設快慢車道分隔線,無,車與車,側撞,駕駛人,左轉彎未依規定,死亡1;受傷0,2,小客車,租賃車,男,22,戴安全帽或繫安全帶(使用幼童安全椅),未使用,車的狀態,向前直行中,汽車,左前車頭(身),,,駕駛人,未注意車前狀態,否,121.154752,25.053188
2020,1,20200122,115200,A1,桃園市政府警察局,桃園市觀音區大觀路1段口 / 桃園市觀音區大觀路1段,晴,日間自然光線,市區道路,50,交岔路,四岔路,交叉路口,交叉路口內,柏油,乾燥,無缺陷,無障礙物,良好,良好,閃光號誌,正常,無,無分向設施,未繪設車道線,未繪設快慢車道分隔線,無,車與車,側撞,駕駛人,左轉彎未依規定,死亡1;受傷0,3,小客車,自用,男,38,戴安全帽或繫安全帶(使用幼童安全椅),未使用,車的狀態,向前直行中,汽車,左前車頭(身),,,無(車輛駕駛人因素),尚未發現肇事因素,否,121.154752,25.053188
2020,1,20200122,142500,A1,雲林縣警察局,雲林縣四湖鄉溪尾村產業道路(侯天宮往東100公尺處),晴,日間自然光線,村里道路,30,單路部分,直路,其他,其他,柏油,乾燥,無缺陷,無障礙物,良好,良好,無號誌,無號誌,無,無分向設施,未繪設車道線,未繪設快慢車道分隔線,無,汽(機)車本身,路上翻車、摔倒,駕駛人,酒醉(後)駕駛失控,死亡1;受傷0,2,,,無或物(動物、堆置物),-1,,,,,,,,,無(非車輛駕駛人因素),尚未發現肇事因素,否,120.193402,23.657818
2020,1,20200122,142500,A1,雲林縣警察局,雲林縣四湖鄉溪尾村產業道路(侯天宮往東100公尺處),晴,日間自然光線,村里道路,30,單路部分,直路,其他,其他,柏油,乾燥,無缺陷,無障礙物,良好,良好,無號誌,無號誌,無,無分向設施,未繪設車道線,未繪設快慢車道分隔線,無,汽(機)車本身,路上翻車、摔倒,駕駛人,酒醉(後)駕駛失控,死亡1;受傷0,1,機車,普通重型,男,60,不明,不明,車的狀態,向前直行中,其他,不明,,,駕駛人,酒醉(後)駕駛失控,否,120.193402,23.657818