發生年度,發生月份,發生日期,發生時間,事故類別名稱,處理單位名稱警局層,發生地點,天候名稱,光線名稱,道路類別-第1當事者-名稱,速限-第1當事者,道路型態大類別名稱,道路型態子類別名稱,事故位置大類別名稱,事故位置子類別名稱,路面狀況-路面鋪裝名稱,路面狀況-路面狀態名稱,路面狀況-路面缺陷名稱,道路障礙-障礙物名稱,道路障礙-視距品質名稱,道路障礙-視距名稱,號誌-號誌種類名稱,號誌-號誌動作名稱,車道劃分設施-分向設施大類別名稱,車道劃分設施-分向設施子類別名稱,車道劃分設施-分道設施-快車道或一般車道間名稱,車道劃分設施-分道設施-快慢車道間名稱,車道劃分設施-分道設施-路面邊線名稱,事故類型及型態大類別名稱,事故類型及型態子類別名稱,肇因研判大類別名稱-主要,肇因研判子類別名稱-主要,死亡受傷人數,當事者順位,當事者區分-類別-大類別名稱-車種,當事者區分-類別-子類別名稱-車種,當事者屬-性-別名稱,當事者事故發生時年齡,保護裝備名稱,行動電話或電腦或其他相類功能裝置名稱,當事者行動狀態大類別名稱,當事者行動狀態子類別名稱,車輛撞擊部位大類別名稱-最初,車輛撞擊部位子類別名稱-最初,車輛撞擊部位大類別名稱-其他,車輛撞擊部位子類別名稱-其他,肇因研判大類別名稱-個別,肇因研判子類別名稱-個別,肇事逃逸類別名稱-是否肇逃,經度,緯度
2020,1,20200128,195500,A1,臺中市政府警察局,臺中市豐原區東湳里國豐路二段前0.0公尺,晴,夜間(或隧道、地下道、涵洞)有照明,市區道路,50,交岔路,四岔路,交叉路口,交叉路口內,柏油,乾燥,無缺陷,無障礙物,良好,良好,行車管制號誌,正常,中央分向島,寛式(50公分以上),未繪設車道線,未繪設快慢車道分隔線,無,車與車,其他,駕駛人,違反特定標誌(線)禁制,死亡1;受傷6,3,機車,普通重型,男,32,戴安全帽或繫安全帶(使用幼童安全椅),未使用,車的狀態,等待(引擎未熄火),機車,左側車身,,,無(車輛駕駛人因素),尚未發現肇事因素,否,120.706375,24.246761
2020,1,20200129,102200,A1,臺南市政府警察局,臺南市永康區中正路299號,晴,日間自然光線,市區道路,50,交岔路,三岔路,交叉路口,交叉路口內,柏油,乾燥,無缺陷,無障礙物,良好,良好,行車管制號誌,正常,無,無分向設施,未繪設車道線,未繪設快慢車道分隔線,無,車與車,側撞,駕駛人,未注意車前狀態,死亡1;受傷0,1,全聯結車,營業用,男,28,戴安全帽或繫安全帶(使用幼童安全椅),未使用,車的狀態,右轉彎,汽車,前車頭,,,駕駛人,未注意車前狀態,否,120.245160,23.034033
2020,1,20200129,102200,A1,臺南市政府警察局,臺南市永康區中正路299號,晴,日間自然光線,市區道路,50,交岔路,三岔路,交叉路口,交叉路口內,柏油,乾燥,無缺陷,無障礙物,良好,良好,行車管制號誌,正常,無,無分向設施,未繪設車道線,未繪設快慢車道分隔線,無,車與車,側撞,駕駛人,未注意車前狀態,死亡1;受傷0,2,慢車,腳踏自行車,女,64,其他(行人、慢車駕駛人),未使用,車的狀態,向前直行中,其他,非汽(機)車,,,無(車輛駕駛人因素),尚未發現肇事因素,否,120.245160,23.034033
2020,1,20200129,150000,A1,高雄市政府警察局,高雄市大樹區中正路 / 高雄市大樹區長春路,晴,日間自然光線,市區道路,70,交岔路,三岔路,交叉路口,交叉路口內,柏油,乾燥,無缺陷,無障礙物,良好,良好,行車管制號誌,正常,無,無分向設施,未繪設車道線,未繪設快慢車道分隔線,無,車與車,路口交岔撞,駕駛人,違反號誌管制或指揮,死亡1;受傷1,1,機車,普通重型,男,23,戴安全帽或繫安全帶(使用幼童安全椅),未使用,車的狀態,向前直行中,機車,前車頭,機車,前車頭,駕駛人,違反號誌管制或指揮,否,120.428829,22.682463
2020,1,20200129,150000,A1,高雄市政府警察局,高雄市大樹區中正路 / 高雄市大樹區長春路,晴,日間自然光線,市區道路,70,交岔路,三岔路,交叉路口,交叉路口內,柏油,乾燥,無缺陷,無障礙物,良好,良好,行車管制號誌,正常,無,無分向設施,未繪設車道線,未繪設快慢車道分隔線,無,車與車,路口交岔撞,駕駛人,違反號誌管制或指揮,死亡1;受傷1,2,機車,普通重型,女,65,戴安全帽或繫安全帶(使用幼童安全椅),未使用,車的狀態,向前直行中,機車,左側車身,機車,左側車身,駕駛人,未注意車前狀態,否,120.428829,22.682463
2020,1,20200129,193000,A1,彰化縣警察局,彰化縣伸港鄉海尾村中興路2段383號前0.0公尺前,晴,夜間(或隧道、地下道、涵洞)有照明,省道,60,交岔路,四岔路,交叉路口,交叉口附近,柏油,乾燥,無缺陷,無障礙物,良好,良好,閃光號誌,正常,行車分向線,無標記,未繪設車道線,未繪設快慢車道分隔線,有,人與汽(機)車,穿越道路中,行人(或乘客),穿越道路未注意左右來車,死亡1;受傷0,2,小客車,自用,女,48,戴安全帽或繫安全帶(使用幼童安全椅),未使用,車的狀態,向前直行中,汽車,前車頭,,,駕駛人,未注意車前狀態,否,120.487826,24.164344
2020,1,20200129,193000,A1,彰化縣警察局,彰化縣伸港鄉海尾村中興路2段383號前0.0公尺前,晴,夜間(或隧道、地下道、涵洞)有照明,省道,60,交岔路,四岔路,交叉路口,交叉口附近,柏油,乾燥,無缺陷,無障礙物,良好,良好,閃光號誌,正常,行車分向線,無標記,未繪設車道線,未繪設快慢車道分隔線,有,人與汽(機)車,穿越道路中,行人(或乘客),穿越道路未注意左右來車,死亡1;受傷0,1,人,行人,女,69,其他(行人、慢車駕駛人),非汽(機)車駕駛人,人的狀態,步行,其他,非汽(機)車,,,行人(或乘客),穿越道路未注意左右來車,否,120.487826,24.164344
2020,1,20200129,224500,A1,臺北市政府警察局,臺北市大安區和平東路2段 / 臺北市大安區建國南路2段,晴,夜間(或隧道、地下道、涵洞)有照明,市區道路,50,交岔路,四岔路,交叉路口,交叉路口內,柏油,乾燥,無缺陷,無障礙物,良好,良好,無號誌,無號誌,中央分向島,寛式(50公分以上),未繪設車道線,未繪設快慢車道分隔線,無,車與車,側撞,駕駛人,未依規定讓車,死亡1;受傷0,2,機車,普通重型,男,19,戴安全帽或繫安全帶(使用幼童安全椅),未使用,車的狀態,向前直行中,機車,前車頭,機車,前車頭,駕駛人,超速失控,否,121.537907,25.025667
2020,1,20200129,224500,A1,臺北市政府警察局,臺北市大安區和平東路2段 / 臺北市大安區建國南路2段,晴,夜間(或隧道、地下道、涵洞)有照明,市區道路,50,交岔路,四岔路,交叉路口,交叉路口內,柏油,乾燥,無缺陷,無障礙物,良好,良好,無號誌,無號誌,中央分向島,寛式(50公分以上),未繪設車道線,未繪設快慢車道分隔線,無,車與車,側撞,駕駛人,未依規定讓車,死亡1;受傷0,1,小客車,自用,女,61,戴安全帽或繫安全帶(使用幼童安全椅),未使用,車的狀態,左轉彎,汽車,右側車身,汽車,右側車身,駕駛人,未依規定讓車,否,121.537907,25.025667
2020,1,20200129,233500,A1,桃園市政府警察局,桃園市平鎮區育達路口 / 桃園市平鎮區忠孝路口,陰,夜間(或隧道、地下道、涵洞)有照明,市區道路,50,交岔路,三岔路,交叉路口,交叉路口內,柏油,乾燥,無缺陷,無障礙物,良好,良好,無號誌,無號誌,無,無分向設施,未繪設車道線,未繪設快慢車道分隔線,無,車與車,側撞,駕駛人,未依規定讓車,死亡1;受傷1,2,機車,普通重型,男,17,戴安全帽或繫安全帶(使用幼童安全椅),未使用,車的狀態,向前直行中,其他,不明,,,駕駛人,未注意車前狀態,否,121.212125,24.951494
2020,1,20200129,233500,A1,桃園市政府警察局,桃園市平鎮區育達路口 / 桃園市平鎮區忠孝路口,陰,夜間(或隧道、地下道、涵洞)有照明,市區道路,50,交岔路,三岔路,交叉路口,交叉路口內,柏油,乾燥,無缺陷,無障礙物,良好,良好,無號誌,無號誌,無,無分向設施,未繪設車道線,未繪設快慢車道分隔線,無,車與車,側撞,駕駛人,未依規定讓車,死亡1;受傷1,5,人,乘客,女,12,戴安全帽或繫安全帶(使用幼童安全椅),未使用,人的狀態,靜立(止),其他,非汽(機)車,,,無(非車輛駕駛人因素),尚未發現肇事因素,否,121.212125,24.951494
2020,1,20200129,233500,A1,桃園市政府警察局,桃園市平鎮區育達路口 / 桃園市平鎮區忠孝路口,陰,夜間(或隧道、地下道、涵洞)有照明,市區道路,50,交岔路,三岔路,交叉路口,交叉路口內,柏油,乾燥,無缺陷,無障礙物,良好,良好,無號誌,無號誌,無,無分向設施,未繪設車道線,未繪設快慢車道分隔線,無,車與車,側撞,駕駛人,未依規定讓車,死亡1;受傷1,1,小貨車(含客、貨兩用),營業用,女,39,戴安全帽或繫安全帶(使用幼童安全椅),未使用,車的狀態,左轉彎,汽車,右後車尾(身),,,駕駛人,未依規定讓車,否,121.212125,24.951494
2020,1,20200129,233500,A1,桃園市政府警察局,桃園市平鎮區育達路口 / 桃園市平鎮區忠孝路口,陰,夜間(或隧道、地下道、涵洞)有照明,市區道路,50,交岔路,三岔路,交叉路口,交叉路口內,柏油,乾燥,無缺陷,無障礙物,良好,良好,無號誌,無號誌,無,無分向設施,未繪設車道線,未繪設快慢車道分隔線,無,車與車,側撞,駕駛人,未依規定讓車,死亡1;受傷1,3,機車,普通重型,男,27,戴安全帽或繫安全帶(使用幼童安全椅),未使用,車的狀態,向前直行中,機車,前車頭,,,無(車輛駕駛人因素),尚未發現肇事因素,否,121.212125,24.951494
2020,1,20200129,233500,A1,桃園市政府警察局,桃園市平鎮區育達路口 / 桃園市平鎮區忠孝路口,陰,夜間(或隧道、地下道、涵洞)有照明,市區道路,50,交岔路,三岔路,交叉路口,交叉路口內,柏油,乾燥,無缺陷,無障礙物,良好,良好,無號誌,無號誌,無,無分向設施,未繪設車道線,未繪設快慢車道分隔線,無,車與車,側撞,駕駛人,未依規定讓車,死亡1;受傷1,4,機車,普通重型,男,23,戴安全帽或繫安全帶(使用幼童安全椅),未使用,車的狀態,靜止(引擎熄火),機車,右側車身,,,無(車輛駕駛人因素),尚未發現肇事因素,否,121.212125,24.951494
2020,1,20200130,091742,A1,臺南市政府警察局,臺南市關廟區五甲里南雄路1段589號前0.0公尺,晴,日間自然光線,省道,60,單路部分,直路,路段,快車道,柏油,乾燥,無缺陷,無障礙物,良好,良好,無號誌,無號誌,雙向禁止超車線,無標記,車道線(無標記),快慢車道分隔線,有,車與車,側撞,駕駛人,橫越道路不慎,死亡1;受傷0,1,機車,普通重型,男,76,戴安全帽或繫安全帶(使用幼童安全椅),未使用,車的狀態,迴轉或橫越道路中,機車,左側車身,,,駕駛人,橫越道路不慎,否,120.332388,22.947098
2020,1,20200130,091742,A1,臺南市政府警察局,臺南市關廟區五甲里南雄路1段589號前0.0公尺,晴,日間自然光線,省道,60,單路部分,直路,路段,快車道,柏油,乾燥,無缺陷,無障礙物,良好,良好,無號誌,無號誌,雙向禁止超車線,無標記,車道線(無標記),快慢車道分隔線,有,車與車,側撞,駕駛人,橫越道路不慎,死亡1;受傷0,2,大客車,民營公車,男,38,戴安全帽或繫安全帶(使用幼童安全椅),未使用,車的狀態,向前直行中,汽車,右前車頭(身),,,駕駛人,未注意車前狀態,否,120.332388,22.947098
2020,1,20200130,095100,A1,新竹縣政府警察局,新竹縣竹北市西濱路二段與西濱路二段318巷口,晴,日間自然光線,縣道,50,交岔路,四岔路,交叉路口,交叉路口內,柏油,乾燥,無缺陷,無障礙物,良好,良好,行車管制號誌,正常,中央分向島,寛式(50公分以上),禁止變換車道線(無標記),寛式快慢車道分隔島(50公分以上),有,車與車,側撞,駕駛人,未注意車前狀態,死亡1;受傷0,1,小客車,自用,男,57,戴安全帽或繫安全帶(使用幼童安全椅),未使用,車的狀態,向前直行中,汽車,前車頭,,,駕駛人,未注意車前狀態,否,120.954434,24.877908
2020,1,20200130,095100,A1,新竹縣政府警察局,新竹縣竹北市西濱路二段與西濱路二段318巷口,晴,日間自然光線,縣道,50,交岔路,四岔路,交叉路口,交叉路口內,柏油,乾燥,無缺陷,無障礙物,良好,良好,行車管制號誌,正常,中央分向島,寛式(50公分以上),禁止變換車道線(無標記),寛式快慢車道分隔島(50公分以上),有,車與車,側撞,駕駛人,未注意車前狀態,死亡1;受傷0,2,機車,普通重型,女,75,戴安全帽或繫安全帶(使用幼童安全椅),未使用,車的狀態,左轉彎,機車,左側車身,,,駕駛人,違反號誌管制或指揮,否,120.954434,24.877908
2020,1,20200130,170700,A1,高雄市政府警察局,高雄市三民區建工路 / 高雄市三民區建中路,晴,日間自然光線,市區道路,40,交岔路,三岔路,交叉路口,交叉路口內,柏油,乾燥,無缺陷,無障礙物,良好,良好,行車管制號誌,正常,無,無分向設施,未繪設車道線,未繪設快慢車道分隔線,無,車與車,側撞,駕駛人,起步未注意其他車(人)安全,死亡1;受傷1,1,機車,普通重型,男,73,戴安全帽或繫安全帶(使用幼童安全椅),未使用,車的狀態,起步,其他,不明,其他,不明,駕駛人,起步未注意其他車(人)安全,否,120.316172,22.647867
2020,1,20200130,170700,A1,高雄市政府警察局,高雄市三民區建工路 / 高雄市三民區建中路,晴,日間自然光線,市區道路,40,交岔路,三岔路,交叉路口,交叉路口內,柏油,乾燥,無缺陷,無障礙物,良好,良好,行車管制號誌,正常,無,無分向設施,未繪設車道線,未繪設快慢車道分隔線,無,車與車,側撞,駕駛人,起步未注意其他車(人)安全,死亡1;受傷1,2,機車,普通重型,男,25,戴安全帽或繫安全帶(使用幼童安全椅),未使用,車的狀態,向前直行中,機車,前車頭,機車,前車頭,駕駛人,未注意車前狀態,否,120.316172,22.647867
2020,1,20200130,200300,A1,臺北市政府警察局,臺北市萬華區環河南路2段 / 臺北市萬華區環河南路2段,晴,夜間(或隧道、地下道、涵洞)有照明,市區道路,50,交岔路,三岔路,交叉路口,交叉口附近,柏油,乾燥,無缺陷,無障礙物,良好,良好,無號誌,無號誌,中央分向島,窄式附柵欄,未繪設車道線,未繪設快慢車道分隔線,有,人與汽(機)車,穿越道路中,行人(或乘客),未依規定行走行人穿越道、地下道、天橋而穿越道路,死亡1;受傷0,2,小客車,自用,男,61,戴安全帽或繫安全帶(使用幼童安全椅),不明,車的狀態,向前直行中,汽車,左前車頭(身),汽車,左前車頭(身),駕駛人,未注意車前狀態,否,121.494983,25.036183
2020,1,20200130,200300,A1,臺北市政府警察局,臺北市萬華區環河南路2段 / 臺北市萬華區環河南路2段,晴,夜間(或隧道、地下道、涵洞)有照明,市區道路,50,交岔路,三岔路,交叉路口,交叉口附近,柏油,乾燥,無缺陷,無障礙物,良好,良好,無號誌,無號誌,中央分向島,窄式附柵欄,未繪設車道線,未繪設快慢車道分隔線,有,人與汽(機)車,穿越道路中,行人(或乘客),未依規定行走行人穿越道、地下道、天橋而穿越道路,死亡1;受傷0,1,人,行人,女,91,其他(行人、慢車駕駛人),非汽(機)車駕駛人,人的狀態,步行,其他,非汽(機)車,其他,非汽(機)車,行人(或乘客),未依規定行走行人穿越道、地下道、天橋而穿越道路,否,121.494983,25.036183
2020,1,20200130,211600,A1,高雄市政府警察局,高雄市大樹區統嶺路208號前0.0公尺,晴,日間自然光線,市區道路,70,單路部分,直路,路段,快車道,柏油,乾燥,無缺陷,無障礙物,良好,良好,無號誌,無號誌,中央分向島,寛式(50公分以上),禁止變換車道線(附標記),未繪設快慢車道分隔線,有,人與汽(機)車,同向通行中,駕駛人,未注意車前狀態,死亡1;受傷0,2,人,行人,男,82,其他(行人、慢車駕駛人),非汽(機)車駕駛人,人的狀態,步行,其他,非汽(機)車,其他,非汽(機)車,行人(或乘客),其他引起事故之疏失或行為,否,120.449403,22.771831
2020,1,20200130,211600,A1,高雄市政府警察局,高雄市大樹區統嶺路208號前0.0公尺,晴,日間自然光線,市區道路,70,單路部分,直路,路段,快車道,柏油,乾燥,無缺陷,無障礙物,良好,良好,無號誌,無號誌,中央分向島,寛式(50公分以上),禁止變換車道線(附標記),未繪設快慢車道分隔線,有,人與汽(機)車,同向通行中,駕駛人,未注意車前狀態,死亡1;受傷0,1,小客車,自用,男,19,戴安全帽或繫安全帶(使用幼童安全椅),未使用,車的狀態,向前直行中,汽車,右前車頭(身),汽車,右前車頭(身),駕駛人,未注意車前狀態,否,120.449403,22.771831
2020,1,20200130,212300,A1,屏東縣政府警察局,屏東縣高樹鄉長美路1號,晴,夜間(或隧道、地下道、涵洞)有照明,鄉道,60,單路部分,直路,路段,一般車道(未劃分快慢車道),柏油,乾燥,無缺陷,無障礙物,不良,樹木、農作物,無號誌,無號誌,雙向禁止超車線,附標記,未繪設車道線,未繪設快慢車道分隔線,有,車與車,倒車撞,駕駛人,倒車未依規定,死亡1;受傷0,2,機車,大型重型1(550C.C.以上),男,24,戴安全帽或繫安全帶(使用幼童安全椅),不明,車的狀態,向前直行中,機車,前車頭,機車,前車頭,駕駛人,未注意車前狀態,否,120.606552,22.842287
2020,1,20200130,212300,A1,屏東縣政府警察局,屏東縣高樹鄉長美路1號,晴,夜間(或隧道、地下道、涵洞)有照明,鄉道,60,單路部分,直路,路段,一般車道(未劃分快慢車道),柏油,乾燥,無缺陷,無障礙物,不良,樹木、農作物,無號誌,無號誌,雙向禁止超車線,附標記,未繪設車道線,未繪設快慢車道分隔線,有,車與車,倒車撞,駕駛人,倒車未依規定,死亡1;受傷0,1,小貨車(含客、貨兩用),自用,男,52,未戴案全帽或未繫安全帶(未使用幼童安全椅),未使用,車的狀態,倒車,汽車,右側車身,汽車,右側車身,駕駛人,倒車未依規定,否,120.606552,22.842287
2020,1,20200131,092002,A1,嘉義縣警察局,嘉義縣阿里山鄉樂野村1鄰樂野8號附6前,晴,日間自然光線,省道,30,單路部分,直路,路段,路肩、路緣,水泥,乾燥,無缺陷,無障礙物,良好,良好,無號誌,無號誌,雙向禁止超車線,附標記,未繪設車道線,未繪設快慢車道分隔線,有,人與汽(機)車,佇立路邊(外),駕駛人,起步未注意其他車(人)安全,死亡1;受傷0,2,人,行人,女,94,其他(行人、慢車駕駛人),不明,人的狀態,靜立(止),其他,不明,,,無(非車輛駕駛人因素),尚未發現肇事因素,否,120.703546,23.472128
2020,1,20200131,092002,A1,嘉義縣警察局,嘉義縣阿里山鄉樂野村1鄰樂野8號附6前,晴,日間自然光線,省道,30,單路部分,直路,路段,路肩、路緣,水泥,乾燥,無缺陷,無障礙物,良好,良好,無號誌,無號誌,雙向禁止超車線,附標記,未繪設車道線,未繪設快慢車道分隔線,有,人與汽(機)車,佇立路邊(外),駕駛人,起步未注意其他車(人)安全,死亡1;受傷0,1,小貨車(含客、貨兩用),自用,男,57,戴安全帽或繫安全帶(使用幼童安全椅),未使用,車的狀態,起步,汽車,前車頭,,,駕駛人,起步未注意其他車(人)安全,否,120.703546,23.472128
2020,1,20200131,092820,A1,桃園市政府警察局,桃園市平鎮區廣興路159號前0.0公尺,晴,日間自然光線,市區道路,50,單路部分,巷弄,路段,一般車道(未劃分快慢車道),柏油,乾燥,無缺陷,無障礙物,良好,良好,無號誌,無號誌,無,無分向設施,未繪設車道線,未繪設快慢車道分隔線,有,人與汽(機)車,對向通行中,駕駛人,未注意車前狀態,死亡1;受傷0,2,人,行人,女,85,其他(行人、慢車駕駛人),非汽(機)車駕駛人,人的狀態,步行,其他,非汽(機)車,,,行人(或乘客),其他引起事故之疏失或行為,否,121.284624,24.934476
2020,1,20200131,092820,A1,桃園市政府警察局,桃園市平鎮區廣興路159號前0.0公尺,晴,日間自然光線,市區道路,50,單路部分,巷弄,路段,一般車道(未劃分快慢車道),柏油,乾燥,無缺陷,無障礙物,良好,良好,無號誌,無號誌,無,無分向設施,未繪設車道線,未繪設快慢車道分隔線,有,人與汽(機)車,對向通行中,駕駛人,未注意車前狀態,死亡1;受傷0,1,小貨車(含客、貨兩用),自用,男,47,戴安全帽或繫安全帶(使用幼童安全椅),未使用,車的狀態,右轉彎,汽車,右前車頭(身),,,駕駛人,未注意車前狀態,否,121.284624,24.934476
2020,1,20200131,104800,A1,臺東縣警察局,臺東縣長濱鄉台11線 84公里500.0公尺處南側,晴,日間自然光線,省道,60,交岔路,三岔路,交叉路口,交叉路口內,柏油,乾燥,無缺陷,無障礙物,良好,良好,行車管制號誌,正常,無,無分向設施,未繪設車道線,未繪設快慢車道分隔線,無,車與車,側撞,駕駛人,未依規定讓車,死亡1;受傷0,1,機車,普通重型,男,76,戴安全帽或繫安全帶(使用幼童安全椅),未使用,車的狀態,左轉彎,機車,右側車身,,,駕駛人,未依規定讓車,否,121.460936,23.326655
2020,1,20200131,104800,A1,臺東縣警察局,臺東縣長濱鄉台11線 84公里500.0公尺處南側,晴,日間自然光線,省道,60,交岔路,三岔路,交叉路口,交叉路口內,柏油,乾燥,無缺陷,無障礙物,良好,良好,行車管制號誌,正常,無,無分向設施,未繪設車道線,未繪設快慢車道分隔線,無,車與車,側撞,駕駛人,未依規定讓車,死亡1;受傷0,2,小客車,自用,男,52,戴安全帽或繫安全帶(使用幼童安全椅),未使用,車的狀態,向前直行中,汽車,左前車頭(身),,,駕駛人,未注意車前狀態,否,121.460936,23.326655
2020,1,20200131,110400,A1,高雄市政府警察局,高雄市鳳山區過埤路 / 高雄市鳳山區過埤路,晴,日間自然光線,市區道路,60,交岔路,四岔路,交叉路口,交叉口附近,柏油,乾燥,無缺陷,無障礙物,良好,良好,行車管制號誌,正常,無,無分向設施,未繪設車道線,未繪設快慢車道分隔線,無,車與車,同向擦撞,駕駛人,未保持行車安全間隔,死亡1;受傷0,3,小客車,自用,男,27,戴安全帽或繫安全帶(使用幼童安全椅),未使用,車的狀態,等待(引擎未熄火),其他,不明,其他,不明,駕駛人,違反特定標誌(線)禁制,否,120.365555,22.589883
2020,1,20200131,110400,A1,高雄市政府警察局,高雄市鳳山區過埤路 / 高雄市鳳山區過埤路,晴,日間自然光線,市區道路,60,交岔路,四岔路,交叉路口,交叉口附近,柏油,乾燥,無缺陷,無障礙物,良好,良好,行車管制號誌,正常,無,無分向設施,未繪設車道線,未繪設快慢車道分隔線,無,車與車,同向擦撞,駕駛人,未保持行車安全間隔,死亡1;受傷0,1,大貨車,自用,男,49,戴安全帽或繫安全帶(使用幼童安全椅),未使用,車的狀態,向前直行中,汽車,右側車身,汽車,右側車身,駕駛人,未保持行車安全間隔,否,120.365555,22.589883
2020,1,20200131,110400,A1,高雄市政府警察局,高雄市鳳山區過埤路 / 高雄市鳳山區過埤路,晴,日間自然光線,市區道路,60,交岔路,四岔路,交叉路口,交叉口附近,柏油,乾燥,無缺陷,無障礙物,良好,良好,行車管制號誌,正常,無,無分向設施,未繪設車道線,未繪設快慢車道分隔線,無,車與車,同向擦撞,駕駛人,未保持行車安全間隔,死亡1;受傷0,2,機車,普通重型,女,68,戴安全帽或繫安全帶(使用幼童安全椅),未使用,車的狀態,向前直行中,機車,左側車身,機車,左側車身,駕駛人,未保持行車安全間隔,否,120.365555,22.589883
2020,1,20200131,181100,A1,桃園市政府警察局,桃園市龜山區振興路1169號前S109010780大埔所,陰,夜間(或隧道、地下道、涵洞)有照明,市區道路,60,單路部分,直路,其他,行人穿越道,柏油,乾燥,無缺陷,無障礙物,良好,良好,行車管制號誌,正常,無,無分向設施,未繪設車道線,未繪設快慢車道分隔線,無,人與汽(機)車,其他,駕駛人,未注意車前狀態,死亡1;受傷0,1,機車,普通重型,男,38,戴安全帽或繫安全帶(使用幼童安全椅),未使用,車的狀態,向前直行中,機車,前車頭,,,駕駛人,未注意車前狀態,否,121.374971,25.029664
2020,1,20200131,181100,A1,桃園市政府警察局,桃園市龜山區振興路1169號前S109010780大埔所,陰,夜間(或隧道、地下道、涵洞)有照明,市區道路,60,單路部分,直路,其他,行人穿越道,柏油,乾燥,無缺陷,無障礙物,良好,良好,行車管制號誌,正常,無,無分向設施,未繪設車道線,未繪設快慢車道分隔線,無,人與汽(機)車,其他,駕駛人,未注意車前狀態,死亡1;受傷0,2,人,行人,男,75,其他(行人、慢車駕駛人),非汽(機)車駕駛人,人的狀態,靜立(止),其他,非汽(機)車,,,無(非車輛駕駛人因素),尚未發現肇事因素,否,121.374971,25.029664
2020,1,20200131,182100,A1,嘉義縣警察局,嘉義縣朴子市竹圍里大同路298號西側,晴,夜間(或隧道、地下道、涵洞)有照明,市區道路,50,單路部分,直路,路段,一般車道(未劃分快慢車道),柏油,乾燥,無缺陷,無障礙物,良好,良好,無號誌,無號誌,雙向禁止超車線,無標記,未繪設車道線,未繪設快慢車道分隔線,有,人與汽(機)車,穿越道路中,行人(或乘客),未依規定行走行人穿越道、地下道、天橋而穿越道路,死亡1;受傷0,2,小客車,自用,男,50,戴安全帽或繫安全帶(使用幼童安全椅),未使用,車的狀態,向前直行中,汽車,右前車頭(身),,,駕駛人,未注意車前狀態,否,120.238930,23.461494
2020,1,20200131,182100,A1,嘉義縣警察局,嘉義縣朴子市竹圍里大同路298號西側,晴,夜間(或隧道、地下道、涵洞)有照明,市區道路,50,單路部分,直路,路段,一般車道(未劃分快慢車道),柏油,乾燥,無缺陷,無障礙物,良好,良好,無號誌,無號誌,雙向禁止超車線,無標記,未繪設車道線,未繪設快慢車道分隔線,有,人與汽(機)車,穿越道路中,行人(或乘客),未依規定行走行人穿越道、地下道、天橋而穿越道路,死亡1;受傷0,1,人,行人,女,86,其他(行人、慢車駕駛人),非汽(機)車駕駛人,人的狀態,步行,其他,非汽(機)車,,,行人(或乘客),未依規定行走行人穿越道、地下道、天橋而穿越道路,否,120.238930,23.461494
2020,1,20200131,233000,A1,臺中市政府警察局,臺中市霧峰區坑口里中正路前0.0公尺,晴,夜間(或隧道、地下道、涵洞)有照明,市區道路,40,單路部分,直路,路段,一般車道(未劃分快慢車道),柏油,乾燥,無缺陷,無障礙物,良好,良好,無號誌,無號誌,無,無分向設施,車道線(附標記),未繪設快慢車道分隔線,有,汽(機)車本身,撞交通島,駕駛人,未注意車前狀態,死亡1;受傷0,2,,,無或物(動物、堆置物),0,,,,,,,,,無(非車輛駕駛人因素),尚未發現肇事因素,否,120.694917,24.052294
2020,1,20200131,233000,A1,臺中市政府警察局,臺中市霧峰區坑口里中正路前0.0公尺,晴,夜間(或隧道、地下道、涵洞)有照明,市區道路,40,單路部分,直路,路段,一般車道(未劃分快慢車道),柏油,乾燥,無缺陷,無障礙物,良好,良好,無號誌,無號誌,無,無分向設施,車道線(附標記),未繪設快慢車道分隔線,有,汽(機)車本身,撞交通島,駕駛人,未注意車前狀態,死亡1;受傷0,1,機車,普通重型,男,41,不明,不明,車的狀態,向前直行中,機車,前車頭,,,駕駛人,未注意車前狀態,否,120.694917,24.052294
2020,2,20200202,041000,A1,高雄市政府警察局,高雄市新興區六合一路 / 高雄市新興區林森一路,晴,夜間(或隧道、地下道、涵洞)有照明,市區道路,50,交岔路,四岔路,交叉路口,交叉路口內,柏油,乾燥,無缺陷,無障礙物,良好,良好,行車管制號誌,正常,無,無分向設施,未繪設車道線,未繪設快慢車道分隔線,無,車與車,側撞,駕駛人,違反號誌管制或指揮,死亡1;受傷3,3,,,無或物(動物、堆置物),44,,,,,,,,,無(非車輛駕駛人因素),尚未發現肇事因素,否,120.305000,22.632480
2020,2,20200202,041000,A1,高雄市政府警察局,高雄市新興區六合一路 / 高雄市新興區林森一路,晴,夜間(或隧道、地下道、涵洞)有照明,市區道路,50,交岔路,四岔路,交叉路口,交叉路口內,柏油,乾燥,無缺陷,無障礙物,良好,良好,行車管制號誌,正常,無,無分向設施,未繪設車道線,未繪設快慢車道分隔線,無,車與車,側撞,駕駛人,違反號誌管制或指揮,死亡1;受傷3,5,人,乘客,女,38,不明,不明,人的狀態,不明,其他,不明,其他,不明,無(非車輛駕駛人因素),尚未發現肇事因素,否,120.305000,22.632480