發生年度,發生月份,發生日期,發生時間,事故類別名稱,處理單位名稱警局層,發生地點,天候名稱,光線名稱,道路類別-第1當事者-名稱,速限-第1當事者,道路型態大類別名稱,道路型態子類別名稱,事故位置大類別名稱,事故位置子類別名稱,路面狀況-路面鋪裝名稱,路面狀況-路面狀態名稱,路面狀況-路面缺陷名稱,道路障礙-障礙物名稱,道路障礙-視距品質名稱,道路障礙-視距名稱,號誌-號誌種類名稱,號誌-號誌動作名稱,車道劃分設施-分向設施大類別名稱,車道劃分設施-分向設施子類別名稱,車道劃分設施-分道設施-快車道或一般車道間名稱,車道劃分設施-分道設施-快慢車道間名稱,車道劃分設施-分道設施-路面邊線名稱,事故類型及型態大類別名稱,事故類型及型態子類別名稱,肇因研判大類別名稱-主要,肇因研判子類別名稱-主要,死亡受傷人數,當事者順位,當事者區分-類別-大類別名稱-車種,當事者區分-類別-子類別名稱-車種,當事者屬-性-別名稱,當事者事故發生時年齡,保護裝備名稱,行動電話或電腦或其他相類功能裝置名稱,當事者行動狀態大類別名稱,當事者行動狀態子類別名稱,車輛撞擊部位大類別名稱-最初,車輛撞擊部位子類別名稱-最初,車輛撞擊部位大類別名稱-其他,車輛撞擊部位子類別名稱-其他,肇因研判大類別名稱-個別,肇因研判子類別名稱-個別,肇事逃逸類別名稱-是否肇逃,經度,緯度
2020,2,20200222,194800,A1,臺東縣警察局,臺東縣成功鎮台11線 109公里600.0公尺處南側向外側,陰,夜間(或隧道、地下道、涵洞)無照明,省道,60,單路部分,直路,路段,路肩、路緣,柏油,乾燥,無缺陷,無障礙物,良好,良好,無號誌,無號誌,中央分向島,寛式(50公分以上),未繪設車道線,快慢車道分隔線,有,汽(機)車本身,衝出路外,駕駛人,酒醉(後)駕駛失控,死亡1;受傷0,1,機車,普通重型,男,37,戴安全帽或繫安全帶(使用幼童安全椅),未使用,車的狀態,向前直行中,機車,前車頭,,,駕駛人,酒醉(後)駕駛失控,否,121.397387,23.129028
2020,2,20200223,002300,A1,臺中市政府警察局,臺中市大安區頂安里中山北路289號前0.0公尺,晴,夜間(或隧道、地下道、涵洞)有照明,市區道路,50,交岔路,三岔路,交叉路口,交叉口附近,柏油,乾燥,無缺陷,無障礙物,良好,良好,無號誌,無號誌,行車分向線,無標記,未繪設車道線,未繪設快慢車道分隔線,無,汽(機)車本身,衝出路外,駕駛人,酒醉(後)駕駛失控,死亡1;受傷0,2,,,無或物(動物、堆置物),0,,,,,,,,,無(非車輛駕駛人因素),尚未發現肇事因素,否,120.598221,24.390936
2020,2,20200223,002300,A1,臺中市政府警察局,臺中市大安區頂安里中山北路289號前0.0公尺,晴,夜間(或隧道、地下道、涵洞)有照明,市區道路,50,交岔路,三岔路,交叉路口,交叉口附近,柏油,乾燥,無缺陷,無障礙物,良好,良好,無號誌,無號誌,行車分向線,無標記,未繪設車道線,未繪設快慢車道分隔線,無,汽(機)車本身,衝出路外,駕駛人,酒醉(後)駕駛失控,死亡1;受傷0,1,機車,普通重型,男,48,戴安全帽或繫安全帶(使用幼童安全椅),未使用,車的狀態,向前直行中,其他,不明,,,駕駛人,酒醉(後)駕駛失控,否,120.598221,24.390936
2020,2,20200223,132800,A1,臺北市政府警察局,臺北市內湖區內湖路1段 / 臺北市內湖區內湖路1段,陰,日間自然光線,市區道路,50,交岔路,四岔路,交叉路口,交叉口附近,柏油,乾燥,無缺陷,無障礙物,良好,良好,行車管制號誌(附設行人專用號誌),正常,中央分向島,寛式(50公分以上),車道線(無標記),未繪設快慢車道分隔線,無,車與車,側撞,駕駛人,違反號誌管制或指揮,死亡1;受傷1,1,小客車,自用,男,60,不明,不明,車的狀態,左轉彎,汽車,右側車身,汽車,右側車身,駕駛人,違反號誌管制或指揮,否,121.563447,25.083408
2020,2,20200223,132800,A1,臺北市政府警察局,臺北市內湖區內湖路1段 / 臺北市內湖區內湖路1段,陰,日間自然光線,市區道路,50,交岔路,四岔路,交叉路口,交叉口附近,柏油,乾燥,無缺陷,無障礙物,良好,良好,行車管制號誌(附設行人專用號誌),正常,中央分向島,寛式(50公分以上),車道線(無標記),未繪設快慢車道分隔線,無,車與車,側撞,駕駛人,違反號誌管制或指揮,死亡1;受傷1,3,人,乘客,男,19,戴安全帽或繫安全帶(使用幼童安全椅),非汽(機)車駕駛人,人的狀態,不明,其他,不明,其他,不明,無(非車輛駕駛人因素),尚未發現肇事因素,否,121.563447,25.083408
2020,2,20200223,132800,A1,臺北市政府警察局,臺北市內湖區內湖路1段 / 臺北市內湖區內湖路1段,陰,日間自然光線,市區道路,50,交岔路,四岔路,交叉路口,交叉口附近,柏油,乾燥,無缺陷,無障礙物,良好,良好,行車管制號誌(附設行人專用號誌),正常,中央分向島,寛式(50公分以上),車道線(無標記),未繪設快慢車道分隔線,無,車與車,側撞,駕駛人,違反號誌管制或指揮,死亡1;受傷1,2,機車,普通重型,男,19,戴安全帽或繫安全帶(使用幼童安全椅),未使用,車的狀態,向前直行中,機車,前車頭,機車,前車頭,無(車輛駕駛人因素),尚未發現肇事因素,否,121.563447,25.083408
2020,2,20200223,134000,A1,苗栗縣警察局,苗栗縣三灣鄉台3線 103公里南側向外側,晴,日間自然光線,省道,60,單路部分,彎曲路及附近,路段,一般車道(未劃分快慢車道),柏油,乾燥,無缺陷,無障礙物,良好,良好,無號誌,無號誌,行車分向線,附標記,車道線(無標記),未繪設快慢車道分隔線,有,汽(機)車本身,路上翻車、摔倒,駕駛人,未依規定減速,死亡1;受傷0,2,,,無或物(動物、堆置物),-1,,,,,,,,,無(非車輛駕駛人因素),尚未發現肇事因素,否,120.945122,24.618257
2020,2,20200223,134000,A1,苗栗縣警察局,苗栗縣三灣鄉台3線 103公里南側向外側,晴,日間自然光線,省道,60,單路部分,彎曲路及附近,路段,一般車道(未劃分快慢車道),柏油,乾燥,無缺陷,無障礙物,良好,良好,無號誌,無號誌,行車分向線,附標記,車道線(無標記),未繪設快慢車道分隔線,有,汽(機)車本身,路上翻車、摔倒,駕駛人,未依規定減速,死亡1;受傷0,1,機車,普通重型,男,20,不明,不明,車的狀態,左轉彎,機車,左側車身,,,駕駛人,未依規定減速,否,120.945122,24.618257
2020,2,20200223,223700,A1,新北市政府警察局,新北市萬里區瑪鋉路 / 新北市萬里區台2線,晴,夜間(或隧道、地下道、涵洞)有照明,省道,60,交岔路,多岔路,交叉路口,交叉口附近,柏油,乾燥,無缺陷,無障礙物,良好,良好,行車管制號誌,正常,中央分向島,寛式(50公分以上),車道線(無標記),未繪設快慢車道分隔線,有,人與汽(機)車,穿越道路中,行人(或乘客),未依標誌、標線、號誌或手勢指揮穿越道路,死亡1;受傷0,3,小客車,自用,男,63,不明,未使用,車的狀態,靜止(引擎熄火),汽車,後車尾,汽車,後車尾,無(車輛駕駛人因素),尚未發現肇事因素,否,121.688090,25.182107
2020,2,20200223,223700,A1,新北市政府警察局,新北市萬里區瑪鋉路 / 新北市萬里區台2線,晴,夜間(或隧道、地下道、涵洞)有照明,省道,60,交岔路,多岔路,交叉路口,交叉口附近,柏油,乾燥,無缺陷,無障礙物,良好,良好,行車管制號誌,正常,中央分向島,寛式(50公分以上),車道線(無標記),未繪設快慢車道分隔線,有,人與汽(機)車,穿越道路中,行人(或乘客),未依標誌、標線、號誌或手勢指揮穿越道路,死亡1;受傷0,4,小客車,自用,男,43,不明,未使用,車的狀態,靜止(引擎熄火),汽車,左側車身,汽車,左側車身,無(車輛駕駛人因素),尚未發現肇事因素,否,121.688090,25.182107
2020,2,20200223,223700,A1,新北市政府警察局,新北市萬里區瑪鋉路 / 新北市萬里區台2線,晴,夜間(或隧道、地下道、涵洞)有照明,省道,60,交岔路,多岔路,交叉路口,交叉口附近,柏油,乾燥,無缺陷,無障礙物,良好,良好,行車管制號誌,正常,中央分向島,寛式(50公分以上),車道線(無標記),未繪設快慢車道分隔線,有,人與汽(機)車,穿越道路中,行人(或乘客),未依標誌、標線、號誌或手勢指揮穿越道路,死亡1;受傷0,1,人,行人,男,57,其他(行人、慢車駕駛人),未使用,人的狀態,步行,其他,非汽(機)車,其他,非汽(機)車,行人(或乘客),未依標誌、標線、號誌或手勢指揮穿越道路,否,121.688090,25.182107
2020,2,20200223,223700,A1,新北市政府警察局,新北市萬里區瑪鋉路 / 新北市萬里區台2線,晴,夜間(或隧道、地下道、涵洞)有照明,省道,60,交岔路,多岔路,交叉路口,交叉口附近,柏油,乾燥,無缺陷,無障礙物,良好,良好,行車管制號誌,正常,中央分向島,寛式(50公分以上),車道線(無標記),未繪設快慢車道分隔線,有,人與汽(機)車,穿越道路中,行人(或乘客),未依標誌、標線、號誌或手勢指揮穿越道路,死亡1;受傷0,2,小貨車(含客、貨兩用),自用,男,45,戴安全帽或繫安全帶(使用幼童安全椅),未使用,車的狀態,向前直行中,汽車,左前車頭(身),汽車,左前車頭(身),駕駛人,未注意車前狀態,否,121.688090,25.182107
2020,2,20200224,015600,A1,彰化縣警察局,彰化縣永靖鄉瑚璉村東興路260弄20號前0.0公尺,晴,夜間(或隧道、地下道、涵洞)有照明,村里道路,40,單路部分,其他,路段,一般車道(未劃分快慢車道),柏油,乾燥,無缺陷,無障礙物,良好,良好,無號誌,無號誌,無,無分向設施,未繪設車道線,未繪設快慢車道分隔線,有,汽(機)車本身,其他,其他,其他引起事故之違規或不當行為,死亡1;受傷0,2,,,無或物(動物、堆置物),0,,,,,,,,,交通管制(設施),路況危險無安全(警告)設施,否,120.545957,23.931827
2020,2,20200224,015600,A1,彰化縣警察局,彰化縣永靖鄉瑚璉村東興路260弄20號前0.0公尺,晴,夜間(或隧道、地下道、涵洞)有照明,村里道路,40,單路部分,其他,路段,一般車道(未劃分快慢車道),柏油,乾燥,無缺陷,無障礙物,良好,良好,無號誌,無號誌,無,無分向設施,未繪設車道線,未繪設快慢車道分隔線,有,汽(機)車本身,其他,其他,其他引起事故之違規或不當行為,死亡1;受傷0,1,機車,普通重型,男,43,戴安全帽或繫安全帶(使用幼童安全椅),不明,車的狀態,向前直行中,機車,右側車身,,,其他,其他引起事故之違規或不當行為,否,120.545957,23.931827
2020,2,20200224,021000,A1,高雄市政府警察局,高雄市茄萣區白砂路418號前0.0公尺,晴,夜間(或隧道、地下道、涵洞)有照明,市區道路,50,單路部分,彎曲路及附近,路段,路肩、路緣,柏油,乾燥,無缺陷,無障礙物,良好,良好,無號誌,無號誌,行車分向線,附標記,未繪設車道線,未繪設快慢車道分隔線,有,汽(機)車本身,撞路樹、電桿,駕駛人,未注意車前狀態,死亡1;受傷0,2,,,無或物(動物、堆置物),109,,,,,,,,,無(非車輛駕駛人因素),尚未發現肇事因素,否,120.185700,22.915160
2020,2,20200224,021000,A1,高雄市政府警察局,高雄市茄萣區白砂路418號前0.0公尺,晴,夜間(或隧道、地下道、涵洞)有照明,市區道路,50,單路部分,彎曲路及附近,路段,路肩、路緣,柏油,乾燥,無缺陷,無障礙物,良好,良好,無號誌,無號誌,行車分向線,附標記,未繪設車道線,未繪設快慢車道分隔線,有,汽(機)車本身,撞路樹、電桿,駕駛人,未注意車前狀態,死亡1;受傷0,1,機車,普通重型,男,36,戴安全帽或繫安全帶(使用幼童安全椅),未使用,車的狀態,向前直行中,機車,前車頭,機車,前車頭,駕駛人,未注意車前狀態,否,120.185700,22.915160
2020,2,20200224,113600,A1,嘉義縣警察局,嘉義縣中埔鄉沄水村台三線297公里900公尺處(幽谷橋),晴,日間自然光線,省道,40,單路部分,橋樑,路段,一般車道(未劃分快慢車道),柏油,乾燥,無缺陷,無障礙物,良好,良好,無號誌,無號誌,雙向禁止超車線,附標記,未繪設車道線,未繪設快慢車道分隔線,有,汽(機)車本身,撞護欄(樁),駕駛人,未注意車前狀態,死亡1;受傷0,2,,,無或物(動物、堆置物),-1,,,,,,,,,無(非車輛駕駛人因素),尚未發現肇事因素,否,120.546924,23.382683
2020,2,20200224,113600,A1,嘉義縣警察局,嘉義縣中埔鄉沄水村台三線297公里900公尺處(幽谷橋),晴,日間自然光線,省道,40,單路部分,橋樑,路段,一般車道(未劃分快慢車道),柏油,乾燥,無缺陷,無障礙物,良好,良好,無號誌,無號誌,雙向禁止超車線,附標記,未繪設車道線,未繪設快慢車道分隔線,有,汽(機)車本身,撞護欄(樁),駕駛人,未注意車前狀態,死亡1;受傷0,1,機車,普通重型,男,20,戴安全帽或繫安全帶(使用幼童安全椅),未使用,車的狀態,向前直行中,機車,左側車身,,,駕駛人,未注意車前狀態,否,120.546924,23.382683
2020,2,20200224,145013,A1,屏東縣政府警察局,屏東縣內埔鄉東勢村科大路一段168號,晴,日間自然光線,縣道,60,單路部分,直路,路段,一般車道(未劃分快慢車道),柏油,乾燥,無缺陷,無障礙物,良好,良好,無號誌,無號誌,中央分向島,寛式(50公分以上),車道線(無標記),未繪設快慢車道分隔線,有,汽(機)車本身,撞路樹、電桿,駕駛人,未注意車前狀態,死亡1;受傷0,2,,,無或物(動物、堆置物),-1,,,,,,,,,無(非車輛駕駛人因素),尚未發現肇事因素,否,120.586917,22.635813
2020,2,20200224,145013,A1,屏東縣政府警察局,屏東縣內埔鄉東勢村科大路一段168號,晴,日間自然光線,縣道,60,單路部分,直路,路段,一般車道(未劃分快慢車道),柏油,乾燥,無缺陷,無障礙物,良好,良好,無號誌,無號誌,中央分向島,寛式(50公分以上),車道線(無標記),未繪設快慢車道分隔線,有,汽(機)車本身,撞路樹、電桿,駕駛人,未注意車前狀態,死亡1;受傷0,1,機車,普通重型,男,40,未戴案全帽或未繫安全帶(未使用幼童安全椅),未使用,車的狀態,向前直行中,機車,前車頭,,,駕駛人,未注意車前狀態,否,120.586917,22.635813
2020,2,20200224,163800,A1,苗栗縣警察局,苗栗縣頭屋鄉苗22線6公里處,晴,日間自然光線,其他,40,單路部分,彎曲路及附近,路段,路肩、路緣,柏油,乾燥,無缺陷,無障礙物,良好,良好,無號誌,無號誌,無,無分向設施,未繪設車道線,未繪設快慢車道分隔線,有,汽(機)車本身,撞路樹、電桿,其他,不明原因肇事,死亡1;受傷0,2,,,無或物(動物、堆置物),-1,,,,,,,,,無(非車輛駕駛人因素),尚未發現肇事因素,否,120.905991,24.562938
2020,2,20200224,163800,A1,苗栗縣警察局,苗栗縣頭屋鄉苗22線6公里處,晴,日間自然光線,其他,40,單路部分,彎曲路及附近,路段,路肩、路緣,柏油,乾燥,無缺陷,無障礙物,良好,良好,無號誌,無號誌,無,無分向設施,未繪設車道線,未繪設快慢車道分隔線,有,汽(機)車本身,撞路樹、電桿,其他,不明原因肇事,死亡1;受傷0,1,其他車,拼裝車,男,63,其他(行人、慢車駕駛人),不明,車的狀態,向前直行中,汽車,前車頭,汽車,前車頭,其他,不明原因肇事,否,120.905991,24.562938
2020,2,20200225,042332,A1,國道公路警察局,臺中市烏日區國道1號 187公里200.0公尺處南側向外側,晴,夜間(或隧道、地下道、涵洞)無照明,國道,90,單路部分,直路,路段,快車道,柏油,乾燥,無缺陷,無障礙物,良好,良好,無號誌,無號誌,中央分向島,寛式(50公分以上),車道線(附標記),未繪設快慢車道分隔線,有,車與車,追撞,駕駛人,未注意車前狀態,死亡1;受傷1,1,大貨車,營業用,男,37,戴安全帽或繫安全帶(使用幼童安全椅),未使用,車的狀態,向前直行中,汽車,前車頭,,,駕駛人,未注意車前狀態,否,120.592947,24.115806
2020,2,20200225,042332,A1,國道公路警察局,臺中市烏日區國道1號 187公里200.0公尺處南側向外側,晴,夜間(或隧道、地下道、涵洞)無照明,國道,90,單路部分,直路,路段,快車道,柏油,乾燥,無缺陷,無障礙物,良好,良好,無號誌,無號誌,中央分向島,寛式(50公分以上),車道線(附標記),未繪設快慢車道分隔線,有,車與車,追撞,駕駛人,未注意車前狀態,死亡1;受傷1,2,全聯結車,營業用,男,40,戴安全帽或繫安全帶(使用幼童安全椅),未使用,車的狀態,向前直行中,汽車,後車尾,,,無(車輛駕駛人因素),尚未發現肇事因素,否,120.592947,24.115806
2020,2,20200225,042332,A1,國道公路警察局,臺中市烏日區國道1號 187公里200.0公尺處南側向外側,晴,夜間(或隧道、地下道、涵洞)無照明,國道,90,單路部分,直路,路段,快車道,柏油,乾燥,無缺陷,無障礙物,良好,良好,無號誌,無號誌,中央分向島,寛式(50公分以上),車道線(附標記),未繪設快慢車道分隔線,有,車與車,追撞,駕駛人,未注意車前狀態,死亡1;受傷1,3,人,乘客,男,38,戴安全帽或繫安全帶(使用幼童安全椅),非汽(機)車駕駛人,人的狀態,靜立(止),其他,非汽(機)車,,,無(非車輛駕駛人因素),尚未發現肇事因素,否,120.592947,24.115806
2020,2,20200225,074500,A1,臺東縣警察局,臺東縣臺東市漢陽北路西側 / 臺東縣臺東市衡陽路,晴,日間自然光線,市區道路,50,交岔路,四岔路,交叉路口,交叉路口內,柏油,乾燥,無缺陷,無障礙物,良好,良好,行車管制號誌,正常,無,無分向設施,未繪設車道線,未繪設快慢車道分隔線,無,車與車,同向擦撞,駕駛人,未保持行車安全距離,死亡1;受傷0,1,機車,普通重型,男,16,戴安全帽或繫安全帶(使用幼童安全椅),未使用,車的狀態,向前直行中,機車,前車頭,,,駕駛人,未保持行車安全距離,否,121.134942,22.746403
2020,2,20200225,074500,A1,臺東縣警察局,臺東縣臺東市漢陽北路西側 / 臺東縣臺東市衡陽路,晴,日間自然光線,市區道路,50,交岔路,四岔路,交叉路口,交叉路口內,柏油,乾燥,無缺陷,無障礙物,良好,良好,行車管制號誌,正常,無,無分向設施,未繪設車道線,未繪設快慢車道分隔線,無,車與車,同向擦撞,駕駛人,未保持行車安全距離,死亡1;受傷0,3,小客車,自用,男,36,戴安全帽或繫安全帶(使用幼童安全椅),未使用,車的狀態,向前直行中,汽車,前車頭,,,無(車輛駕駛人因素),尚未發現肇事因素,否,121.134942,22.746403
2020,2,20200225,074500,A1,臺東縣警察局,臺東縣臺東市漢陽北路西側 / 臺東縣臺東市衡陽路,晴,日間自然光線,市區道路,50,交岔路,四岔路,交叉路口,交叉路口內,柏油,乾燥,無缺陷,無障礙物,良好,良好,行車管制號誌,正常,無,無分向設施,未繪設車道線,未繪設快慢車道分隔線,無,車與車,同向擦撞,駕駛人,未保持行車安全距離,死亡1;受傷0,2,小貨車(含客、貨兩用),自用,男,49,戴安全帽或繫安全帶(使用幼童安全椅),未使用,車的狀態,右轉彎,汽車,左後車尾(身),,,駕駛人,蛇行、方向不定,否,121.134942,22.746403
2020,2,20200225,081800,A1,臺中市政府警察局,臺中市烏日區湖日里台74線快速公路前0.0公尺,晴,日間自然光線,市區道路,80,單路部分,直路,交流道,直線匝道,柏油,乾燥,無缺陷,無障礙物,良好,良好,無號誌,無號誌,行車分向線,無標記,車道線(無標記),寛式快慢車道分隔島(50公分以上),有,車與車,追撞,駕駛人,未保持行車安全距離,死亡1;受傷2,1,大客車,遊覽車,男,32,戴安全帽或繫安全帶(使用幼童安全椅),未使用,車的狀態,向前直行中,汽車,前車頭,,,駕駛人,未保持行車安全距離,否,120.618293,24.108980
2020,2,20200225,081800,A1,臺中市政府警察局,臺中市烏日區湖日里台74線快速公路前0.0公尺,晴,日間自然光線,市區道路,80,單路部分,直路,交流道,直線匝道,柏油,乾燥,無缺陷,無障礙物,良好,良好,無號誌,無號誌,行車分向線,無標記,車道線(無標記),寛式快慢車道分隔島(50公分以上),有,車與車,追撞,駕駛人,未保持行車安全距離,死亡1;受傷2,4,人,乘客,男,3,戴安全帽或繫安全帶(使用幼童安全椅),非汽(機)車駕駛人,人的狀態,其他,其他,非汽(機)車,,,無(非車輛駕駛人因素),尚未發現肇事因素,否,120.618293,24.108980
2020,2,20200225,081800,A1,臺中市政府警察局,臺中市烏日區湖日里台74線快速公路前0.0公尺,晴,日間自然光線,市區道路,80,單路部分,直路,交流道,直線匝道,柏油,乾燥,無缺陷,無障礙物,良好,良好,無號誌,無號誌,行車分向線,無標記,車道線(無標記),寛式快慢車道分隔島(50公分以上),有,車與車,追撞,駕駛人,未保持行車安全距離,死亡1;受傷2,5,人,乘客,女,1,戴安全帽或繫安全帶(使用幼童安全椅),非汽(機)車駕駛人,人的狀態,其他,其他,非汽(機)車,,,無(非車輛駕駛人因素),尚未發現肇事因素,否,120.618293,24.108980
2020,2,20200225,081800,A1,臺中市政府警察局,臺中市烏日區湖日里台74線快速公路前0.0公尺,晴,日間自然光線,市區道路,80,單路部分,直路,交流道,直線匝道,柏油,乾燥,無缺陷,無障礙物,良好,良好,無號誌,無號誌,行車分向線,無標記,車道線(無標記),寛式快慢車道分隔島(50公分以上),有,車與車,追撞,駕駛人,未保持行車安全距離,死亡1;受傷2,3,曳引車,營業用,男,48,戴安全帽或繫安全帶(使用幼童安全椅),未使用,車的狀態,等待(引擎未熄火),汽車,後車尾,,,無(車輛駕駛人因素),尚未發現肇事因素,否,120.618293,24.108980
2020,2,20200225,081800,A1,臺中市政府警察局,臺中市烏日區湖日里台74線快速公路前0.0公尺,晴,日間自然光線,市區道路,80,單路部分,直路,交流道,直線匝道,柏油,乾燥,無缺陷,無障礙物,良好,良好,無號誌,無號誌,行車分向線,無標記,車道線(無標記),寛式快慢車道分隔島(50公分以上),有,車與車,追撞,駕駛人,未保持行車安全距離,死亡1;受傷2,2,小客車,自用,女,35,戴安全帽或繫安全帶(使用幼童安全椅),未使用,車的狀態,等待(引擎未熄火),汽車,後車尾,汽車,前車頭,無(車輛駕駛人因素),尚未發現肇事因素,否,120.618293,24.108980
2020,2,20200225,092002,A1,嘉義縣警察局,嘉義縣布袋鎮貴舍里157線40.2公里處,晴,日間自然光線,縣道,60,單路部分,直路,路段,路肩、路緣,柏油,乾燥,無缺陷,無障礙物,良好,良好,無號誌,無號誌,行車分向線,無標記,未繪設車道線,未繪設快慢車道分隔線,有,汽(機)車本身,撞路樹、電桿,駕駛人,酒醉(後)駕駛失控,死亡1;受傷0,2,,,無或物(動物、堆置物),-1,,,,,,,,,無(非車輛駕駛人因素),尚未發現肇事因素,否,120.192548,23.434954
2020,2,20200225,092002,A1,嘉義縣警察局,嘉義縣布袋鎮貴舍里157線40.2公里處,晴,日間自然光線,縣道,60,單路部分,直路,路段,路肩、路緣,柏油,乾燥,無缺陷,無障礙物,良好,良好,無號誌,無號誌,行車分向線,無標記,未繪設車道線,未繪設快慢車道分隔線,有,汽(機)車本身,撞路樹、電桿,駕駛人,酒醉(後)駕駛失控,死亡1;受傷0,1,機車,普通重型,男,43,戴安全帽或繫安全帶(使用幼童安全椅),未使用,車的狀態,向前直行中,機車,前車頭,,,駕駛人,酒醉(後)駕駛失控,否,120.192548,23.434954
2020,2,20200225,183500,A1,高雄市政府警察局,高雄市左營區中華一路 / 高雄市左營區翠華路,晴,夜間(或隧道、地下道、涵洞)有照明,市區道路,60,交岔路,四岔路,交叉路口,交叉路口內,柏油,乾燥,無缺陷,無障礙物,良好,良好,行車管制號誌(附設行人專用號誌),正常,雙向禁止超車線,無標記,車道線(無標記),寛式快慢車道分隔島(50公分以上),無,人與汽(機)車,穿越道路中,行人(或乘客),未依標誌、標線、號誌或手勢指揮穿越道路,死亡1;受傷0,2,小貨車(含客、貨兩用),自用,男,53,戴安全帽或繫安全帶(使用幼童安全椅),未使用,車的狀態,向前直行中,汽車,前車頭,汽車,前車頭,駕駛人,未注意車前狀態,否,120.288029,22.667934
2020,2,20200225,183500,A1,高雄市政府警察局,高雄市左營區中華一路 / 高雄市左營區翠華路,晴,夜間(或隧道、地下道、涵洞)有照明,市區道路,60,交岔路,四岔路,交叉路口,交叉路口內,柏油,乾燥,無缺陷,無障礙物,良好,良好,行車管制號誌(附設行人專用號誌),正常,雙向禁止超車線,無標記,車道線(無標記),寛式快慢車道分隔島(50公分以上),無,人與汽(機)車,穿越道路中,行人(或乘客),未依標誌、標線、號誌或手勢指揮穿越道路,死亡1;受傷0,1,人,行人,女,65,其他(行人、慢車駕駛人),非汽(機)車駕駛人,人的狀態,步行,其他,非汽(機)車,其他,非汽(機)車,行人(或乘客),未依標誌、標線、號誌或手勢指揮穿越道路,否,120.288029,22.667934
2020,2,20200225,215200,A1,桃園市政府警察局,桃園市龍潭區福龍路二段口 / 桃園市龍潭區福龍路二段口,晴,夜間(或隧道、地下道、涵洞)有照明,其他,50,單路部分,直路,路段,一般車道(未劃分快慢車道),柏油,乾燥,無缺陷,無障礙物,良好,良好,無號誌,無號誌,行車分向線,無標記,車道線(無標記),快慢車道分隔線,有,車與車,側撞,駕駛人,未依規定讓車,死亡1;受傷0,1,小客車,自用,男,38,不明,不明,車的狀態,左轉彎,汽車,左側車身,,,駕駛人,未依規定讓車,否,121.221038,24.881428
2020,2,20200225,215200,A1,桃園市政府警察局,桃園市龍潭區福龍路二段口 / 桃園市龍潭區福龍路二段口,晴,夜間(或隧道、地下道、涵洞)有照明,其他,50,單路部分,直路,路段,一般車道(未劃分快慢車道),柏油,乾燥,無缺陷,無障礙物,良好,良好,無號誌,無號誌,行車分向線,無標記,車道線(無標記),快慢車道分隔線,有,車與車,側撞,駕駛人,未依規定讓車,死亡1;受傷0,2,機車,普通重型,男,54,不明,不明,車的狀態,向前直行中,機車,前車頭,,,駕駛人,未注意車前狀態,否,121.221038,24.881428
2020,2,20200225,220400,A1,新竹市警察局,新竹市北區經國路二段北側 / 新竹市北區延平路一段,晴,夜間(或隧道、地下道、涵洞)有照明,市區道路,50,交岔路,四岔路,交叉路口,交叉路口內,柏油,乾燥,無缺陷,無障礙物,良好,良好,行車管制號誌(附設行人專用號誌),正常,無,無分向設施,未繪設車道線,未繪設快慢車道分隔線,無,車與車,側撞,駕駛人,未依規定讓車,死亡1;受傷0,2,機車,普通重型,男,25,不明,不明,車的狀態,向前直行中,機車,前車頭,,,駕駛人,未依規定減速,否,120.955513,24.804773
2020,2,20200225,220400,A1,新竹市警察局,新竹市北區經國路二段北側 / 新竹市北區延平路一段,晴,夜間(或隧道、地下道、涵洞)有照明,市區道路,50,交岔路,四岔路,交叉路口,交叉路口內,柏油,乾燥,無缺陷,無障礙物,良好,良好,行車管制號誌(附設行人專用號誌),正常,無,無分向設施,未繪設車道線,未繪設快慢車道分隔線,無,車與車,側撞,駕駛人,未依規定讓車,死亡1;受傷0,1,小客車,自用,男,34,不明,不明,車的狀態,左轉彎,汽車,右側車身,汽車,右前車頭(身),駕駛人,未依規定讓車,否,120.955513,24.804773
2020,2,20200226,125800,A1,新北市政府警察局,新北市淡水區淡金路1段 / 新北市淡水區水源街2段,晴,日間自然光線,其他,60,交岔路,四岔路,交叉路口,交叉路口內,柏油,乾燥,無缺陷,無障礙物,良好,良好,行車管制號誌,正常,無,無分向設施,未繪設車道線,未繪設快慢車道分隔線,無,車與車,側撞,駕駛人,違反號誌管制或指揮,死亡1;受傷2,1,小客車,自用,男,46,戴安全帽或繫安全帶(使用幼童安全椅),未使用,車的狀態,左轉彎,汽車,右側車身,汽車,右側車身,駕駛人,違反號誌管制或指揮,否,121.454057,25.180084
2020,2,20200226,125800,A1,新北市政府警察局,新北市淡水區淡金路1段 / 新北市淡水區水源街2段,晴,日間自然光線,其他,60,交岔路,四岔路,交叉路口,交叉路口內,柏油,乾燥,無缺陷,無障礙物,良好,良好,行車管制號誌,正常,無,無分向設施,未繪設車道線,未繪設快慢車道分隔線,無,車與車,側撞,駕駛人,違反號誌管制或指揮,死亡1;受傷2,2,機車,普通重型,女,20,戴安全帽或繫安全帶(使用幼童安全椅),未使用,車的狀態,向前直行中,機車,前車頭,機車,前車頭,無(車輛駕駛人因素),尚未發現肇事因素,否,121.454057,25.180084