發生年度,發生月份,發生日期,發生時間,事故類別名稱,處理單位名稱警局層,發生地點,天候名稱,光線名稱,道路類別-第1當事者-名稱,速限-第1當事者,道路型態大類別名稱,道路型態子類別名稱,事故位置大類別名稱,事故位置子類別名稱,路面狀況-路面鋪裝名稱,路面狀況-路面狀態名稱,路面狀況-路面缺陷名稱,道路障礙-障礙物名稱,道路障礙-視距品質名稱,道路障礙-視距名稱,號誌-號誌種類名稱,號誌-號誌動作名稱,車道劃分設施-分向設施大類別名稱,車道劃分設施-分向設施子類別名稱,車道劃分設施-分道設施-快車道或一般車道間名稱,車道劃分設施-分道設施-快慢車道間名稱,車道劃分設施-分道設施-路面邊線名稱,事故類型及型態大類別名稱,事故類型及型態子類別名稱,肇因研判大類別名稱-主要,肇因研判子類別名稱-主要,死亡受傷人數,當事者順位,當事者區分-類別-大類別名稱-車種,當事者區分-類別-子類別名稱-車種,當事者屬-性-別名稱,當事者事故發生時年齡,保護裝備名稱,行動電話或電腦或其他相類功能裝置名稱,當事者行動狀態大類別名稱,當事者行動狀態子類別名稱,車輛撞擊部位大類別名稱-最初,車輛撞擊部位子類別名稱-最初,車輛撞擊部位大類別名稱-其他,車輛撞擊部位子類別名稱-其他,肇因研判大類別名稱-個別,肇因研判子類別名稱-個別,肇事逃逸類別名稱-是否肇逃,經度,緯度
2020,2,20200226,125800,A1,新北市政府警察局,新北市淡水區淡金路1段 / 新北市淡水區水源街2段,晴,日間自然光線,其他,60,交岔路,四岔路,交叉路口,交叉路口內,柏油,乾燥,無缺陷,無障礙物,良好,良好,行車管制號誌,正常,無,無分向設施,未繪設車道線,未繪設快慢車道分隔線,無,車與車,側撞,駕駛人,違反號誌管制或指揮,死亡1;受傷2,3,機車,普通重型,男,26,戴安全帽或繫安全帶(使用幼童安全椅),未使用,車的狀態,向前直行中,機車,前車頭,機車,前車頭,無(車輛駕駛人因素),尚未發現肇事因素,否,121.454057,25.180084
2020,2,20200226,125800,A1,新北市政府警察局,新北市淡水區淡金路1段 / 新北市淡水區水源街2段,晴,日間自然光線,其他,60,交岔路,四岔路,交叉路口,交叉路口內,柏油,乾燥,無缺陷,無障礙物,良好,良好,行車管制號誌,正常,無,無分向設施,未繪設車道線,未繪設快慢車道分隔線,無,車與車,側撞,駕駛人,違反號誌管制或指揮,死亡1;受傷2,4,機車,普通重型,女,18,戴安全帽或繫安全帶(使用幼童安全椅),未使用,車的狀態,向前直行中,機車,前車頭,機車,前車頭,無(車輛駕駛人因素),尚未發現肇事因素,否,121.454057,25.180084
2020,2,20200226,154200,A1,臺中市政府警察局,臺中市霧峰區吉峰里中正路前0.0公尺,晴,日間自然光線,市區道路,50,交岔路,四岔路,交叉路口,交叉路口內,柏油,乾燥,無缺陷,無障礙物,良好,良好,無號誌,無號誌,無,無分向設施,未繪設車道線,未繪設快慢車道分隔線,無,車與車,側撞,駕駛人,違反號誌管制或指揮,死亡1;受傷0,1,小客車,自用,男,37,戴安全帽或繫安全帶(使用幼童安全椅),未使用,車的狀態,左轉彎,汽車,右前車頭(身),,,駕駛人,違反號誌管制或指揮,否,120.699343,24.077628
2020,2,20200226,154200,A1,臺中市政府警察局,臺中市霧峰區吉峰里中正路前0.0公尺,晴,日間自然光線,市區道路,50,交岔路,四岔路,交叉路口,交叉路口內,柏油,乾燥,無缺陷,無障礙物,良好,良好,無號誌,無號誌,無,無分向設施,未繪設車道線,未繪設快慢車道分隔線,無,車與車,側撞,駕駛人,違反號誌管制或指揮,死亡1;受傷0,2,機車,普通重型,女,75,戴安全帽或繫安全帶(使用幼童安全椅),未使用,車的狀態,向前直行中,機車,前車頭,,,無(車輛駕駛人因素),尚未發現肇事因素,否,120.699343,24.077628
2020,2,20200226,201600,A1,金門縣警察局,金門縣金湖鎮伯玉路四段1148號路燈桿,晴,夜間(或隧道、地下道、涵洞)有照明,市區道路,70,單路部分,直路,路段,慢車道,柏油,乾燥,無缺陷,無障礙物,良好,良好,無號誌,無號誌,行車分向線,無標記,未繪設車道線,快慢車道分隔線,有,人與汽(機)車,同向通行中,駕駛人,未注意車前狀態,死亡1;受傷1,1,機車,普通重型,男,38,不明,不明,車的狀態,向前直行中,機車,前車頭,,,駕駛人,未注意車前狀態,否,118.381359,24.447018
2020,2,20200226,201600,A1,金門縣警察局,金門縣金湖鎮伯玉路四段1148號路燈桿,晴,夜間(或隧道、地下道、涵洞)有照明,市區道路,70,單路部分,直路,路段,慢車道,柏油,乾燥,無缺陷,無障礙物,良好,良好,無號誌,無號誌,行車分向線,無標記,未繪設車道線,快慢車道分隔線,有,人與汽(機)車,同向通行中,駕駛人,未注意車前狀態,死亡1;受傷1,2,人,行人,男,40,其他(行人、慢車駕駛人),非汽(機)車駕駛人,人的狀態,步行,其他,非汽(機)車,,,無(非車輛駕駛人因素),尚未發現肇事因素,否,118.381359,24.447018
2020,2,20200226,205800,A1,宜蘭縣政府警察局,宜蘭縣三星鄉大洲原路107號前0.0公尺附近,陰,夜間(或隧道、地下道、涵洞)有照明,村里道路,50,單路部分,直路,路段,路肩、路緣,柏油,乾燥,無缺陷,無障礙物,良好,良好,無號誌,無號誌,雙向禁止超車線,無標記,禁止變換車道線(無標記),未繪設快慢車道分隔線,無,汽(機)車本身,衝出路外,駕駛人,未注意車前狀態,死亡1;受傷0,2,,,無或物(動物、堆置物),-1,,,,,,,,,無(非車輛駕駛人因素),尚未發現肇事因素,否,121.728101,24.693393
2020,2,20200226,205800,A1,宜蘭縣政府警察局,宜蘭縣三星鄉大洲原路107號前0.0公尺附近,陰,夜間(或隧道、地下道、涵洞)有照明,村里道路,50,單路部分,直路,路段,路肩、路緣,柏油,乾燥,無缺陷,無障礙物,良好,良好,無號誌,無號誌,雙向禁止超車線,無標記,禁止變換車道線(無標記),未繪設快慢車道分隔線,無,汽(機)車本身,衝出路外,駕駛人,未注意車前狀態,死亡1;受傷0,1,機車,普通重型,男,17,戴安全帽或繫安全帶(使用幼童安全椅),不明,車的狀態,向前直行中,機車,前車頭,,,駕駛人,未注意車前狀態,否,121.728101,24.693393
2020,2,20200226,221000,A1,桃園市政府警察局,桃園市新屋區後湖里中山西路1段78號前0.0公尺,晴,夜間(或隧道、地下道、涵洞)有照明,市區道路,50,單路部分,直路,路段,一般車道(未劃分快慢車道),柏油,乾燥,無缺陷,無障礙物,良好,良好,無號誌,無號誌,雙向禁止超車線,無標記,未繪設車道線,未繪設快慢車道分隔線,有,人與汽(機)車,穿越道路中,行人(或乘客),未依規定行走行人穿越道、地下道、天橋而穿越道路,死亡1;受傷0,3,小客車,自用,女,31,戴安全帽或繫安全帶(使用幼童安全椅),未使用,車的狀態,向前直行中,汽車,左前車頭(身),,,駕駛人,未注意車前狀態,否,121.094851,24.974224
2020,2,20200226,221000,A1,桃園市政府警察局,桃園市新屋區後湖里中山西路1段78號前0.0公尺,晴,夜間(或隧道、地下道、涵洞)有照明,市區道路,50,單路部分,直路,路段,一般車道(未劃分快慢車道),柏油,乾燥,無缺陷,無障礙物,良好,良好,無號誌,無號誌,雙向禁止超車線,無標記,未繪設車道線,未繪設快慢車道分隔線,有,人與汽(機)車,穿越道路中,行人(或乘客),未依規定行走行人穿越道、地下道、天橋而穿越道路,死亡1;受傷0,1,人,行人,男,94,其他(行人、慢車駕駛人),未使用,人的狀態,步行,其他,非汽(機)車,,,行人(或乘客),未依規定行走行人穿越道、地下道、天橋而穿越道路,否,121.094851,24.974224
2020,2,20200226,221000,A1,桃園市政府警察局,桃園市新屋區後湖里中山西路1段78號前0.0公尺,晴,夜間(或隧道、地下道、涵洞)有照明,市區道路,50,單路部分,直路,路段,一般車道(未劃分快慢車道),柏油,乾燥,無缺陷,無障礙物,良好,良好,無號誌,無號誌,雙向禁止超車線,無標記,未繪設車道線,未繪設快慢車道分隔線,有,人與汽(機)車,穿越道路中,行人(或乘客),未依規定行走行人穿越道、地下道、天橋而穿越道路,死亡1;受傷0,2,小貨車(含客、貨兩用),自用,男,49,戴安全帽或繫安全帶(使用幼童安全椅),未使用,車的狀態,向前直行中,汽車,左前車頭(身),,,駕駛人,未注意車前狀態,是,121.094851,24.974224
2020,2,20200227,053400,A1,臺中市政府警察局,臺中市大雅區三和里雅潭路四段前0.0公尺,晴,夜間(或隧道、地下道、涵洞)有照明,市區道路,50,交岔路,三岔路,交叉路口,交叉口附近,柏油,乾燥,無缺陷,無障礙物,良好,良好,閃光號誌,正常,無,無分向設施,未繪設車道線,未繪設快慢車道分隔線,無,人與汽(機)車,穿越道路中,駕駛人,未注意車前狀態,死亡1;受傷0,1,小客車,自用,女,46,戴安全帽或繫安全帶(使用幼童安全椅),未使用,車的狀態,向前直行中,汽車,左前車頭(身),,,駕駛人,未注意車前狀態,否,120.663693,24.218526
2020,2,20200227,053400,A1,臺中市政府警察局,臺中市大雅區三和里雅潭路四段前0.0公尺,晴,夜間(或隧道、地下道、涵洞)有照明,市區道路,50,交岔路,三岔路,交叉路口,交叉口附近,柏油,乾燥,無缺陷,無障礙物,良好,良好,閃光號誌,正常,無,無分向設施,未繪設車道線,未繪設快慢車道分隔線,無,人與汽(機)車,穿越道路中,駕駛人,未注意車前狀態,死亡1;受傷0,2,人,行人,女,92,其他(行人、慢車駕駛人),非汽(機)車駕駛人,人的狀態,步行,其他,非汽(機)車,,,行人(或乘客),未依規定行走行人穿越道、地下道、天橋而穿越道路,否,120.663693,24.218526
2020,2,20200227,060100,A1,彰化縣警察局,彰化縣二林鎮後厝里太平路1段 / 彰化縣二林鎮後厝里新里巷,晴,夜間(或隧道、地下道、涵洞)有照明,村里道路,60,交岔路,三岔路,交叉路口,交叉路口內,柏油,乾燥,無缺陷,無障礙物,良好,良好,閃光號誌,正常,無,無分向設施,未繪設車道線,未繪設快慢車道分隔線,有,車與車,側撞,駕駛人,未依規定讓車,死亡1;受傷0,1,慢車,腳踏自行車,女,80,不明,不明,車的狀態,左轉彎,其他,非汽(機)車,,,駕駛人,未依規定讓車,否,120.388985,23.907132
2020,2,20200227,060100,A1,彰化縣警察局,彰化縣二林鎮後厝里太平路1段 / 彰化縣二林鎮後厝里新里巷,晴,夜間(或隧道、地下道、涵洞)有照明,村里道路,60,交岔路,三岔路,交叉路口,交叉路口內,柏油,乾燥,無缺陷,無障礙物,良好,良好,閃光號誌,正常,無,無分向設施,未繪設車道線,未繪設快慢車道分隔線,有,車與車,側撞,駕駛人,未依規定讓車,死亡1;受傷0,2,小客車,自用,女,22,戴安全帽或繫安全帶(使用幼童安全椅),未使用,車的狀態,向前直行中,汽車,左前車頭(身),,,駕駛人,未依規定減速,否,120.388985,23.907132
2020,2,20200227,073500,A1,臺北市政府警察局,臺北市南港區環東大道前0.0公尺,晴,日間自然光線,市區道路,60,單路部分,高架道路,路段,一般車道(未劃分快慢車道),柏油,乾燥,無缺陷,無障礙物,不良,彎道,無號誌,無號誌,行車分向線,附標記,車道線(附標記),未繪設快慢車道分隔線,有,汽(機)車本身,撞護欄(樁),其他,不明原因肇事,死亡1;受傷0,2,,,無或物(動物、堆置物),0,,,,,,,,,無(非車輛駕駛人因素),尚未發現肇事因素,否,121.614670,25.063532
2020,2,20200227,073500,A1,臺北市政府警察局,臺北市南港區環東大道前0.0公尺,晴,日間自然光線,市區道路,60,單路部分,高架道路,路段,一般車道(未劃分快慢車道),柏油,乾燥,無缺陷,無障礙物,不良,彎道,無號誌,無號誌,行車分向線,附標記,車道線(附標記),未繪設快慢車道分隔線,有,汽(機)車本身,撞護欄(樁),其他,不明原因肇事,死亡1;受傷0,1,機車,大型重型2(250-550C.C.),男,48,戴安全帽或繫安全帶(使用幼童安全椅),未使用,車的狀態,向前直行中,機車,前車頭,機車,前車頭,其他,不明原因肇事,否,121.614670,25.063532
2020,2,20200227,081000,A1,臺北市政府警察局,臺北市大同區重慶北路3段 / 臺北市大同區伊寧街,陰,日間自然光線,市區道路,50,交岔路,四岔路,交叉路口,交叉路口內,柏油,乾燥,無缺陷,無障礙物,良好,良好,行車管制號誌(附設行人專用號誌),正常,中央分向島,寛式(50公分以上),車道線(無標記),未繪設快慢車道分隔線,無,人與汽(機)車,其他,行人(或乘客),未依標誌、標線、號誌或手勢指揮穿越道路,死亡1;受傷0,1,人,行人,女,67,其他(行人、慢車駕駛人),非汽(機)車駕駛人,人的狀態,步行,其他,非汽(機)車,其他,非汽(機)車,行人(或乘客),未依標誌、標線、號誌或手勢指揮穿越道路,否,121.513567,25.064690
2020,2,20200227,081000,A1,臺北市政府警察局,臺北市大同區重慶北路3段 / 臺北市大同區伊寧街,陰,日間自然光線,市區道路,50,交岔路,四岔路,交叉路口,交叉路口內,柏油,乾燥,無缺陷,無障礙物,良好,良好,行車管制號誌(附設行人專用號誌),正常,中央分向島,寛式(50公分以上),車道線(無標記),未繪設快慢車道分隔線,無,人與汽(機)車,其他,行人(或乘客),未依標誌、標線、號誌或手勢指揮穿越道路,死亡1;受傷0,2,大客車,民營公車,男,52,戴安全帽或繫安全帶(使用幼童安全椅),未使用,車的狀態,向前直行中,汽車,右前車頭(身),汽車,右前車頭(身),無(車輛駕駛人因素),尚未發現肇事因素,否,121.513567,25.064690
2020,2,20200227,085100,A1,高雄市政府警察局,高雄市大寮區鳳屏二路北9燈桿號前0.0公尺,晴,日間自然光線,市區道路,30,單路部分,橋樑,路段,慢車道,柏油,乾燥,無缺陷,無障礙物,良好,良好,無號誌,無號誌,中央分向島,寛式(50公分以上),車道線(無標記),快慢車道分隔線,有,車與車,追撞,駕駛人,未保持行車安全距離,死亡1;受傷1,3,曳引車,自用,男,40,戴安全帽或繫安全帶(使用幼童安全椅),未使用,車的狀態,向前直行中,汽車,前車頭,汽車,前車頭,駕駛人,未注意車前狀態,否,120.430075,22.645565
2020,2,20200227,085100,A1,高雄市政府警察局,高雄市大寮區鳳屏二路北9燈桿號前0.0公尺,晴,日間自然光線,市區道路,30,單路部分,橋樑,路段,慢車道,柏油,乾燥,無缺陷,無障礙物,良好,良好,無號誌,無號誌,中央分向島,寛式(50公分以上),車道線(無標記),快慢車道分隔線,有,車與車,追撞,駕駛人,未保持行車安全距離,死亡1;受傷1,1,機車,普通重型,男,22,戴安全帽或繫安全帶(使用幼童安全椅),未使用,車的狀態,向前直行中,機車,前車頭,機車,前車頭,駕駛人,未保持行車安全距離,否,120.430075,22.645565
2020,2,20200227,085100,A1,高雄市政府警察局,高雄市大寮區鳳屏二路北9燈桿號前0.0公尺,晴,日間自然光線,市區道路,30,單路部分,橋樑,路段,慢車道,柏油,乾燥,無缺陷,無障礙物,良好,良好,無號誌,無號誌,中央分向島,寛式(50公分以上),車道線(無標記),快慢車道分隔線,有,車與車,追撞,駕駛人,未保持行車安全距離,死亡1;受傷1,2,機車,普通重型,女,61,戴安全帽或繫安全帶(使用幼童安全椅),未使用,車的狀態,向前直行中,機車,後車尾,機車,後車尾,無(車輛駕駛人因素),尚未發現肇事因素,否,120.430075,22.645565
2020,2,20200227,102400,A1,嘉義縣警察局,嘉義縣番路鄉新福村第三農場23號前(台3線284公里900公尺處),晴,日間自然光線,省道,50,單路部分,彎曲路及附近,路段,一般車道(未劃分快慢車道),柏油,乾燥,無缺陷,無障礙物,良好,良好,無號誌,無號誌,雙向禁止超車線,附標記,禁止變換車道線(無標記),未繪設快慢車道分隔線,有,車與車,對向擦撞,駕駛人,逆向行駛,死亡1;受傷0,1,機車,普通重型,女,18,戴安全帽或繫安全帶(使用幼童安全椅),未使用,車的狀態,向前直行中,機車,前車頭,,,駕駛人,逆向行駛,否,120.532760,23.462988
2020,2,20200227,102400,A1,嘉義縣警察局,嘉義縣番路鄉新福村第三農場23號前(台3線284公里900公尺處),晴,日間自然光線,省道,50,單路部分,彎曲路及附近,路段,一般車道(未劃分快慢車道),柏油,乾燥,無缺陷,無障礙物,良好,良好,無號誌,無號誌,雙向禁止超車線,附標記,禁止變換車道線(無標記),未繪設快慢車道分隔線,有,車與車,對向擦撞,駕駛人,逆向行駛,死亡1;受傷0,2,全聯結車,營業用,男,32,戴安全帽或繫安全帶(使用幼童安全椅),未使用,車的狀態,向前直行中,汽車,左側車身,,,無(車輛駕駛人因素),尚未發現肇事因素,否,120.532760,23.462988
2020,2,20200227,125800,A1,雲林縣警察局,雲林縣土庫鎮雲158公路191745燈桿前,晴,日間自然光線,村里道路,70,單路部分,直路,路段,路肩、路緣,柏油,乾燥,無缺陷,無障礙物,良好,良好,無號誌,無號誌,中央分向島,寛式(50公分以上),車道線(無標記),快慢車道分隔線,有,汽(機)車本身,衝出路外,其他,不明原因肇事,死亡1;受傷0,2,,,無或物(動物、堆置物),-1,,,,,,,,,無(非車輛駕駛人因素),尚未發現肇事因素,否,120.374530,23.706407
2020,2,20200227,125800,A1,雲林縣警察局,雲林縣土庫鎮雲158公路191745燈桿前,晴,日間自然光線,村里道路,70,單路部分,直路,路段,路肩、路緣,柏油,乾燥,無缺陷,無障礙物,良好,良好,無號誌,無號誌,中央分向島,寛式(50公分以上),車道線(無標記),快慢車道分隔線,有,汽(機)車本身,衝出路外,其他,不明原因肇事,死亡1;受傷0,1,機車,普通重型,男,46,戴安全帽或繫安全帶(使用幼童安全椅),未使用,車的狀態,向前直行中,其他,不明,,,其他,不明原因肇事,否,120.374530,23.706407
2020,2,20200227,171200,A1,臺中市政府警察局,臺中市大里區仁化里仁堤路7號前0.0公尺,晴,日間自然光線,市區道路,50,單路部分,直路,路段,一般車道(未劃分快慢車道),柏油,乾燥,無缺陷,無障礙物,良好,良好,無號誌,無號誌,雙向禁止超車線,無標記,禁止變換車道線(無標記),未繪設快慢車道分隔線,有,車與車,同向擦撞,駕駛人,未注意車前狀態,死亡1;受傷0,3,人,行人,男,40,其他(行人、慢車駕駛人),不明,人的狀態,步行,其他,非汽(機)車,,,無(非車輛駕駛人因素),尚未發現肇事因素,否,120.698289,24.099003
2020,2,20200227,171200,A1,臺中市政府警察局,臺中市大里區仁化里仁堤路7號前0.0公尺,晴,日間自然光線,市區道路,50,單路部分,直路,路段,一般車道(未劃分快慢車道),柏油,乾燥,無缺陷,無障礙物,良好,良好,無號誌,無號誌,雙向禁止超車線,無標記,禁止變換車道線(無標記),未繪設快慢車道分隔線,有,車與車,同向擦撞,駕駛人,未注意車前狀態,死亡1;受傷0,2,機車,普通重型,女,31,戴安全帽或繫安全帶(使用幼童安全椅),未使用,車的狀態,向前直行中,機車,左側車身,,,駕駛人,未注意車前狀態,否,120.698289,24.099003
2020,2,20200227,171200,A1,臺中市政府警察局,臺中市大里區仁化里仁堤路7號前0.0公尺,晴,日間自然光線,市區道路,50,單路部分,直路,路段,一般車道(未劃分快慢車道),柏油,乾燥,無缺陷,無障礙物,良好,良好,無號誌,無號誌,雙向禁止超車線,無標記,禁止變換車道線(無標記),未繪設快慢車道分隔線,有,車與車,同向擦撞,駕駛人,未注意車前狀態,死亡1;受傷0,1,曳引車,營業用,男,41,戴安全帽或繫安全帶(使用幼童安全椅),未使用,車的狀態,向前直行中,汽車,右後車尾(身),,,駕駛人,未注意車前狀態,否,120.698289,24.099003
2020,2,20200227,182056,A1,雲林縣警察局,雲林縣東勢鄉昌南村153線路口 / 雲林縣東勢鄉昌南村安南路口,晴,晨或暮光,縣道,60,交岔路,四岔路,交叉路口,交叉路口內,柏油,乾燥,無缺陷,無障礙物,不良,其他,行車管制號誌,正常,中央分向島,寛式(50公分以上),未繪設車道線,快慢車道分隔線,有,車與車,側撞,駕駛人,未依規定讓車,死亡1;受傷0,1,小客車,自用,男,64,不明,不明,車的狀態,左轉彎,汽車,前車頭,,,駕駛人,未依規定讓車,否,120.254504,23.698552
2020,2,20200227,182056,A1,雲林縣警察局,雲林縣東勢鄉昌南村153線路口 / 雲林縣東勢鄉昌南村安南路口,晴,晨或暮光,縣道,60,交岔路,四岔路,交叉路口,交叉路口內,柏油,乾燥,無缺陷,無障礙物,不良,其他,行車管制號誌,正常,中央分向島,寛式(50公分以上),未繪設車道線,快慢車道分隔線,有,車與車,側撞,駕駛人,未依規定讓車,死亡1;受傷0,2,機車,普通重型,女,23,不明,不明,車的狀態,向前直行中,機車,左側車身,,,駕駛人,未注意車前狀態,否,120.254504,23.698552
2020,2,20200227,222800,A1,桃園市政府警察局,桃園市平鎮區平德路241號前0.0公尺,晴,夜間(或隧道、地下道、涵洞)有照明,市區道路,50,單路部分,直路,路段,路肩、路緣,柏油,乾燥,無缺陷,無障礙物,良好,良好,無號誌,無號誌,行車分向線,無標記,車道線(無標記),未繪設快慢車道分隔線,有,汽(機)車本身,撞路樹、電桿,駕駛人,未注意車前狀態,死亡1;受傷3,2,,,無或物(動物、堆置物),-1,,,,,,,,,無(非車輛駕駛人因素),尚未發現肇事因素,否,121.199665,24.928757
2020,2,20200227,222800,A1,桃園市政府警察局,桃園市平鎮區平德路241號前0.0公尺,晴,夜間(或隧道、地下道、涵洞)有照明,市區道路,50,單路部分,直路,路段,路肩、路緣,柏油,乾燥,無缺陷,無障礙物,良好,良好,無號誌,無號誌,行車分向線,無標記,車道線(無標記),未繪設快慢車道分隔線,有,汽(機)車本身,撞路樹、電桿,駕駛人,未注意車前狀態,死亡1;受傷3,1,機車,普通重型,女,24,戴安全帽或繫安全帶(使用幼童安全椅),未使用,車的狀態,向前直行中,機車,前車頭,,,駕駛人,未注意車前狀態,否,121.199665,24.928757
2020,2,20200227,222800,A1,桃園市政府警察局,桃園市平鎮區平德路241號前0.0公尺,晴,夜間(或隧道、地下道、涵洞)有照明,市區道路,50,單路部分,直路,路段,路肩、路緣,柏油,乾燥,無缺陷,無障礙物,良好,良好,無號誌,無號誌,行車分向線,無標記,車道線(無標記),未繪設快慢車道分隔線,有,汽(機)車本身,撞路樹、電桿,駕駛人,未注意車前狀態,死亡1;受傷3,4,人,乘客,女,6,戴安全帽或繫安全帶(使用幼童安全椅),非汽(機)車駕駛人,人的狀態,其他,其他,非汽(機)車,,,無(非車輛駕駛人因素),尚未發現肇事因素,否,121.199665,24.928757
2020,2,20200227,222800,A1,桃園市政府警察局,桃園市平鎮區平德路241號前0.0公尺,晴,夜間(或隧道、地下道、涵洞)有照明,市區道路,50,單路部分,直路,路段,路肩、路緣,柏油,乾燥,無缺陷,無障礙物,良好,良好,無號誌,無號誌,行車分向線,無標記,車道線(無標記),未繪設快慢車道分隔線,有,汽(機)車本身,撞路樹、電桿,駕駛人,未注意車前狀態,死亡1;受傷3,5,人,乘客,男,2,戴安全帽或繫安全帶(使用幼童安全椅),非汽(機)車駕駛人,人的狀態,其他,其他,非汽(機)車,,,無(非車輛駕駛人因素),尚未發現肇事因素,否,121.199665,24.928757
2020,2,20200227,222800,A1,桃園市政府警察局,桃園市平鎮區平德路241號前0.0公尺,晴,夜間(或隧道、地下道、涵洞)有照明,市區道路,50,單路部分,直路,路段,路肩、路緣,柏油,乾燥,無缺陷,無障礙物,良好,良好,無號誌,無號誌,行車分向線,無標記,車道線(無標記),未繪設快慢車道分隔線,有,汽(機)車本身,撞路樹、電桿,駕駛人,未注意車前狀態,死亡1;受傷3,3,人,乘客,女,6,未戴案全帽或未繫安全帶(未使用幼童安全椅),非汽(機)車駕駛人,人的狀態,其他,其他,非汽(機)車,,,無(非車輛駕駛人因素),尚未發現肇事因素,否,121.199665,24.928757
2020,2,20200228,003600,A1,臺南市政府警察局,臺南市安定區海寮里區道南132線海寮33-2號前0.0公尺,晴,夜間(或隧道、地下道、涵洞)有照明,市區道路,50,單路部分,直路,路段,路肩、路緣,柏油,乾燥,無缺陷,無障礙物,良好,良好,無號誌,無號誌,行車分向線,無標記,未繪設車道線,未繪設快慢車道分隔線,有,汽(機)車本身,撞路樹、電桿,駕駛人,酒醉(後)駕駛失控,死亡1;受傷0,2,,,無或物(動物、堆置物),-1,,,,,,,,,無(非車輛駕駛人因素),尚未發現肇事因素,否,120.214076,23.098024
2020,2,20200228,003600,A1,臺南市政府警察局,臺南市安定區海寮里區道南132線海寮33-2號前0.0公尺,晴,夜間(或隧道、地下道、涵洞)有照明,市區道路,50,單路部分,直路,路段,路肩、路緣,柏油,乾燥,無缺陷,無障礙物,良好,良好,無號誌,無號誌,行車分向線,無標記,未繪設車道線,未繪設快慢車道分隔線,有,汽(機)車本身,撞路樹、電桿,駕駛人,酒醉(後)駕駛失控,死亡1;受傷0,1,機車,普通重型,男,39,不明,不明,車的狀態,向前直行中,機車,前車頭,,,駕駛人,酒醉(後)駕駛失控,否,120.214076,23.098024
2020,2,20200228,024440,A1,新竹縣政府警察局,新竹縣關西鎮大同里5鄰茅子埔32號前,陰,夜間(或隧道、地下道、涵洞)有照明,縣道,50,單路部分,彎曲路及附近,路段,交通島(含槽化線),柏油,乾燥,無缺陷,無障礙物,不良,彎道,無號誌,無號誌,中央分向島,窄式無柵欄,車道線(無標記),窄式快慢車道分隔島(無柵欄),有,汽(機)車本身,撞交通島,駕駛人,超速失控,死亡1;受傷0,2,,,無或物(動物、堆置物),-1,,,,,,,,,無(非車輛駕駛人因素),尚未發現肇事因素,否,121.150992,24.811809
2020,2,20200228,024440,A1,新竹縣政府警察局,新竹縣關西鎮大同里5鄰茅子埔32號前,陰,夜間(或隧道、地下道、涵洞)有照明,縣道,50,單路部分,彎曲路及附近,路段,交通島(含槽化線),柏油,乾燥,無缺陷,無障礙物,不良,彎道,無號誌,無號誌,中央分向島,窄式無柵欄,車道線(無標記),窄式快慢車道分隔島(無柵欄),有,汽(機)車本身,撞交通島,駕駛人,超速失控,死亡1;受傷0,1,小客車,自用,男,24,未戴案全帽或未繫安全帶(未使用幼童安全椅),不明,車的狀態,向前直行中,汽車,左前車頭(身),,,駕駛人,超速失控,否,121.150992,24.811809
2020,2,20200228,071600,A1,高雄市政府警察局,高雄市甲仙區台20省道甲南幹28號前0.0公尺,晴,日間自然光線,市區道路,30,單路部分,彎曲路及附近,路段,一般車道(未劃分快慢車道),柏油,乾燥,無缺陷,無障礙物,良好,良好,無號誌,無號誌,雙向禁止超車線,無標記,未繪設車道線,未繪設快慢車道分隔線,有,汽(機)車本身,路上翻車、摔倒,駕駛人,超速失控,死亡1;受傷0,2,,,無或物(動物、堆置物),109,,,,,,,,,無(非車輛駕駛人因素),尚未發現肇事因素,否,120.558638,23.061431
2020,2,20200228,071600,A1,高雄市政府警察局,高雄市甲仙區台20省道甲南幹28號前0.0公尺,晴,日間自然光線,市區道路,30,單路部分,彎曲路及附近,路段,一般車道(未劃分快慢車道),柏油,乾燥,無缺陷,無障礙物,良好,良好,無號誌,無號誌,雙向禁止超車線,無標記,未繪設車道線,未繪設快慢車道分隔線,有,汽(機)車本身,路上翻車、摔倒,駕駛人,超速失控,死亡1;受傷0,1,機車,普通重型,男,19,戴安全帽或繫安全帶(使用幼童安全椅),未使用,車的狀態,向前直行中,其他,不明,其他,不明,駕駛人,超速失控,否,120.558638,23.061431
2020,2,20200228,094200,A1,高雄市政府警察局,高雄市大樹區台29省道前0.0公尺,晴,日間自然光線,市區道路,40,單路部分,直路,路段,慢車道,柏油,乾燥,無缺陷,無障礙物,良好,良好,行車管制號誌,正常,中央分向島,寛式(50公分以上),禁止變換車道線(附標記),快慢車道分隔線,有,車與車,追撞,駕駛人,未保持行車安全距離,死亡1;受傷0,1,小客車,自用,男,51,戴安全帽或繫安全帶(使用幼童安全椅),未使用,車的狀態,向前直行中,汽車,右前車頭(身),汽車,右前車頭(身),駕駛人,未保持行車安全距離,否,120.444300,22.728000
2020,2,20200228,094200,A1,高雄市政府警察局,高雄市大樹區台29省道前0.0公尺,晴,日間自然光線,市區道路,40,單路部分,直路,路段,慢車道,柏油,乾燥,無缺陷,無障礙物,良好,良好,行車管制號誌,正常,中央分向島,寛式(50公分以上),禁止變換車道線(附標記),快慢車道分隔線,有,車與車,追撞,駕駛人,未保持行車安全距離,死亡1;受傷0,2,機車,普通重型,女,53,戴安全帽或繫安全帶(使用幼童安全椅),未使用,車的狀態,等待(引擎未熄火),機車,後車尾,機車,後車尾,無(車輛駕駛人因素),尚未發現肇事因素,否,120.444300,22.728000