發生年度,發生月份,發生日期,發生時間,事故類別名稱,處理單位名稱警局層,發生地點,天候名稱,光線名稱,道路類別-第1當事者-名稱,速限-第1當事者,道路型態大類別名稱,道路型態子類別名稱,事故位置大類別名稱,事故位置子類別名稱,路面狀況-路面鋪裝名稱,路面狀況-路面狀態名稱,路面狀況-路面缺陷名稱,道路障礙-障礙物名稱,道路障礙-視距品質名稱,道路障礙-視距名稱,號誌-號誌種類名稱,號誌-號誌動作名稱,車道劃分設施-分向設施大類別名稱,車道劃分設施-分向設施子類別名稱,車道劃分設施-分道設施-快車道或一般車道間名稱,車道劃分設施-分道設施-快慢車道間名稱,車道劃分設施-分道設施-路面邊線名稱,事故類型及型態大類別名稱,事故類型及型態子類別名稱,肇因研判大類別名稱-主要,肇因研判子類別名稱-主要,死亡受傷人數,當事者順位,當事者區分-類別-大類別名稱-車種,當事者區分-類別-子類別名稱-車種,當事者屬-性-別名稱,當事者事故發生時年齡,保護裝備名稱,行動電話或電腦或其他相類功能裝置名稱,當事者行動狀態大類別名稱,當事者行動狀態子類別名稱,車輛撞擊部位大類別名稱-最初,車輛撞擊部位子類別名稱-最初,車輛撞擊部位大類別名稱-其他,車輛撞擊部位子類別名稱-其他,肇因研判大類別名稱-個別,肇因研判子類別名稱-個別,肇事逃逸類別名稱-是否肇逃,經度,緯度
2020,3,20200307,234932,A1,新竹市警察局,新竹市香山區竹香南路222017燈桿,晴,夜間(或隧道、地下道、涵洞)有照明,市區道路,40,單路部分,直路,路段,一般車道(未劃分快慢車道),柏油,乾燥,無缺陷,無障礙物,良好,良好,無號誌,無號誌,雙向禁止超車線,無標記,未繪設車道線,未繪設快慢車道分隔線,有,汽(機)車本身,路上翻車、摔倒,其他,其他引起事故之違規或不當行為,死亡1;受傷0,1,機車,普通重型,男,18,不明,不明,車的狀態,向前直行中,其他,不明,,,其他,其他引起事故之違規或不當行為,否,120.935694,24.802703
2020,3,20200308,135800,A1,高雄市政府警察局,高雄市仁武區澄觀路文武0979燈桿號前0.0公尺,晴,日間自然光線,市區道路,40,單路部分,直路,路段,慢車道,柏油,乾燥,無缺陷,無障礙物,良好,良好,無號誌,無號誌,無,無分向設施,未繪設車道線,快慢車道分隔線,有,汽(機)車本身,撞路樹、電桿,駕駛人,未注意車前狀態,死亡1;受傷0,2,,,無或物(動物、堆置物),109,,,,,,,,,無(非車輛駕駛人因素),尚未發現肇事因素,否,120.343943,22.681755
2020,3,20200308,135800,A1,高雄市政府警察局,高雄市仁武區澄觀路文武0979燈桿號前0.0公尺,晴,日間自然光線,市區道路,40,單路部分,直路,路段,慢車道,柏油,乾燥,無缺陷,無障礙物,良好,良好,無號誌,無號誌,無,無分向設施,未繪設車道線,快慢車道分隔線,有,汽(機)車本身,撞路樹、電桿,駕駛人,未注意車前狀態,死亡1;受傷0,1,機車,普通重型,男,65,戴安全帽或繫安全帶(使用幼童安全椅),未使用,車的狀態,向前直行中,其他,不明,其他,不明,駕駛人,未注意車前狀態,否,120.343943,22.681755
2020,3,20200308,145600,A1,臺東縣警察局,臺東縣臺東市東49-1 2公里700.0公尺處,雨,日間自然光線,縣道,40,單路部分,直路,路段,路肩、路緣,柏油,濕潤,無缺陷,無障礙物,良好,良好,無號誌,無號誌,雙向禁止超車線,附標記,未繪設車道線,快慢車道分隔線,有,汽(機)車本身,撞護欄(樁),駕駛人,未注意車前狀態,死亡1;受傷0,2,,,無或物(動物、堆置物),-1,,,,,,,,,無(非車輛駕駛人因素),尚未發現肇事因素,否,121.106665,22.783861
2020,3,20200308,145600,A1,臺東縣警察局,臺東縣臺東市東49-1 2公里700.0公尺處,雨,日間自然光線,縣道,40,單路部分,直路,路段,路肩、路緣,柏油,濕潤,無缺陷,無障礙物,良好,良好,無號誌,無號誌,雙向禁止超車線,附標記,未繪設車道線,快慢車道分隔線,有,汽(機)車本身,撞護欄(樁),駕駛人,未注意車前狀態,死亡1;受傷0,1,機車,普通重型,男,19,戴安全帽或繫安全帶(使用幼童安全椅),不明,車的狀態,向前直行中,機車,右側車身,,,駕駛人,未注意車前狀態,否,121.106665,22.783861
2020,3,20200308,190351,A1,南投縣政府警察局,南投縣草屯鎮敦和里博愛路口 / 南投縣草屯鎮仁愛街,陰,夜間(或隧道、地下道、涵洞)有照明,省道,70,單路部分,直路,路段,快車道,柏油,乾燥,無缺陷,無障礙物,良好,良好,行車管制號誌,正常,中央分向島,寛式(50公分以上),車道線(無標記),快慢車道分隔線,有,車與車,追撞,其他,不明原因肇事,死亡1;受傷1,1,機車,普通重型,男,45,戴安全帽或繫安全帶(使用幼童安全椅),未使用,車的狀態,向前直行中,機車,前車頭,,,其他,不明原因肇事,否,120.678253,23.987026
2020,3,20200308,190351,A1,南投縣政府警察局,南投縣草屯鎮敦和里博愛路口 / 南投縣草屯鎮仁愛街,陰,夜間(或隧道、地下道、涵洞)有照明,省道,70,單路部分,直路,路段,快車道,柏油,乾燥,無缺陷,無障礙物,良好,良好,行車管制號誌,正常,中央分向島,寛式(50公分以上),車道線(無標記),快慢車道分隔線,有,車與車,追撞,其他,不明原因肇事,死亡1;受傷1,5,人,乘客,男,34,戴安全帽或繫安全帶(使用幼童安全椅),非汽(機)車駕駛人,人的狀態,其他,其他,非汽(機)車,,,無(非車輛駕駛人因素),尚未發現肇事因素,否,120.678253,23.987026
2020,3,20200308,190351,A1,南投縣政府警察局,南投縣草屯鎮敦和里博愛路口 / 南投縣草屯鎮仁愛街,陰,夜間(或隧道、地下道、涵洞)有照明,省道,70,單路部分,直路,路段,快車道,柏油,乾燥,無缺陷,無障礙物,良好,良好,行車管制號誌,正常,中央分向島,寛式(50公分以上),車道線(無標記),快慢車道分隔線,有,車與車,追撞,其他,不明原因肇事,死亡1;受傷1,3,小客車,自用,男,38,戴安全帽或繫安全帶(使用幼童安全椅),未使用,車的狀態,等待(引擎未熄火),汽車,後車尾,,,無(車輛駕駛人因素),尚未發現肇事因素,否,120.678253,23.987026
2020,3,20200308,190351,A1,南投縣政府警察局,南投縣草屯鎮敦和里博愛路口 / 南投縣草屯鎮仁愛街,陰,夜間(或隧道、地下道、涵洞)有照明,省道,70,單路部分,直路,路段,快車道,柏油,乾燥,無缺陷,無障礙物,良好,良好,行車管制號誌,正常,中央分向島,寛式(50公分以上),車道線(無標記),快慢車道分隔線,有,車與車,追撞,其他,不明原因肇事,死亡1;受傷1,2,小客車,自用,男,36,戴安全帽或繫安全帶(使用幼童安全椅),未使用,車的狀態,等待(引擎未熄火),汽車,左側車身,,,無(車輛駕駛人因素),尚未發現肇事因素,否,120.678253,23.987026
2020,3,20200308,190351,A1,南投縣政府警察局,南投縣草屯鎮敦和里博愛路口 / 南投縣草屯鎮仁愛街,陰,夜間(或隧道、地下道、涵洞)有照明,省道,70,單路部分,直路,路段,快車道,柏油,乾燥,無缺陷,無障礙物,良好,良好,行車管制號誌,正常,中央分向島,寛式(50公分以上),車道線(無標記),快慢車道分隔線,有,車與車,追撞,其他,不明原因肇事,死亡1;受傷1,4,小客車,自用,男,31,戴安全帽或繫安全帶(使用幼童安全椅),未使用,車的狀態,等待(引擎未熄火),汽車,右側車身,,,無(車輛駕駛人因素),尚未發現肇事因素,否,120.678253,23.987026
2020,3,20200309,001900,A1,南投縣政府警察局,南投縣魚池鄉台21線 57公里,晴,夜間(或隧道、地下道、涵洞)有照明,省道,60,單路部分,彎曲路及附近,路段,快車道,柏油,乾燥,無缺陷,無障礙物,良好,良好,無號誌,無號誌,行車分向線,附標記,車道線(無標記),快慢車道分隔線,有,汽(機)車本身,撞護欄(樁),駕駛人,酒醉(後)駕駛失控,死亡1;受傷0,2,,,無或物(動物、堆置物),-1,,,,,,,,,無(非車輛駕駛人因素),尚未發現肇事因素,否,120.919220,23.875320
2020,3,20200309,001900,A1,南投縣政府警察局,南投縣魚池鄉台21線 57公里,晴,夜間(或隧道、地下道、涵洞)有照明,省道,60,單路部分,彎曲路及附近,路段,快車道,柏油,乾燥,無缺陷,無障礙物,良好,良好,無號誌,無號誌,行車分向線,附標記,車道線(無標記),快慢車道分隔線,有,汽(機)車本身,撞護欄(樁),駕駛人,酒醉(後)駕駛失控,死亡1;受傷0,1,小客車,自用,男,21,不明,不明,車的狀態,左轉彎,汽車,前車頭,,,駕駛人,酒醉(後)駕駛失控,否,120.919220,23.875320
2020,3,20200309,135000,A1,高雄市政府警察局,高雄市桃源區台20線 4公里100.0公尺處西側向其他,晴,日間自然光線,省道,30,單路部分,隧道,路段,一般車道(未劃分快慢車道),柏油,乾燥,無缺陷,無障礙物,良好,良好,無號誌,無號誌,無,無分向設施,未繪設車道線,未繪設快慢車道分隔線,有,車與車,對撞,駕駛人,未靠右行駛,死亡1;受傷0,1,機車,普通重型,男,53,戴安全帽或繫安全帶(使用幼童安全椅),不明,車的狀態,向前直行中,機車,前車頭,機車,前車頭,駕駛人,未靠右行駛,否,120.846800,23.265980
2020,3,20200309,135000,A1,高雄市政府警察局,高雄市桃源區台20線 4公里100.0公尺處西側向其他,晴,日間自然光線,省道,30,單路部分,隧道,路段,一般車道(未劃分快慢車道),柏油,乾燥,無缺陷,無障礙物,良好,良好,無號誌,無號誌,無,無分向設施,未繪設車道線,未繪設快慢車道分隔線,有,車與車,對撞,駕駛人,未靠右行駛,死亡1;受傷0,2,大貨車,自用,男,34,戴安全帽或繫安全帶(使用幼童安全椅),未使用,車的狀態,向前直行中,汽車,左前車頭(身),汽車,左前車頭(身),駕駛人,未注意車前狀態,否,120.846800,23.265980
2020,3,20200309,150000,A1,高雄市政府警察局,高雄市楠梓區加昌路 / 高雄市楠梓區海專路,晴,日間自然光線,市區道路,50,交岔路,四岔路,交叉路口,交叉口附近,柏油,乾燥,無缺陷,無障礙物,良好,良好,行車管制號誌,正常,中央分向島,寛式(50公分以上),車道線(附標記),快慢車道分隔線,有,車與車,側撞,駕駛人,未依規定讓車,死亡1;受傷0,1,小客車,自用,男,49,戴安全帽或繫安全帶(使用幼童安全椅),未使用,車的狀態,左轉彎,汽車,右側車身,汽車,右側車身,駕駛人,未依規定讓車,否,120.317180,22.722838
2020,3,20200309,150000,A1,高雄市政府警察局,高雄市楠梓區加昌路 / 高雄市楠梓區海專路,晴,日間自然光線,市區道路,50,交岔路,四岔路,交叉路口,交叉口附近,柏油,乾燥,無缺陷,無障礙物,良好,良好,行車管制號誌,正常,中央分向島,寛式(50公分以上),車道線(附標記),快慢車道分隔線,有,車與車,側撞,駕駛人,未依規定讓車,死亡1;受傷0,2,機車,普通重型,男,21,戴安全帽或繫安全帶(使用幼童安全椅),未使用,車的狀態,向前直行中,機車,前車頭,機車,前車頭,駕駛人,未注意車前狀態,否,120.317180,22.722838
2020,3,20200309,152839,A1,臺南市政府警察局,臺南市學甲區明宜里中正路口 / 臺南市學甲區明宜里中山路口,晴,日間自然光線,市區道路,50,交岔路,四岔路,交叉路口,交叉路口內,柏油,乾燥,無缺陷,無障礙物,良好,良好,行車管制號誌,正常,無,無分向設施,未繪設車道線,未繪設快慢車道分隔線,無,車與車,側撞,駕駛人,未依規定讓車,死亡1;受傷0,1,大貨車,自用,男,60,戴安全帽或繫安全帶(使用幼童安全椅),未使用,車的狀態,右轉彎,汽車,右前車頭(身),,,駕駛人,未依規定讓車,否,120.180579,23.234617
2020,3,20200309,152839,A1,臺南市政府警察局,臺南市學甲區明宜里中正路口 / 臺南市學甲區明宜里中山路口,晴,日間自然光線,市區道路,50,交岔路,四岔路,交叉路口,交叉路口內,柏油,乾燥,無缺陷,無障礙物,良好,良好,行車管制號誌,正常,無,無分向設施,未繪設車道線,未繪設快慢車道分隔線,無,車與車,側撞,駕駛人,未依規定讓車,死亡1;受傷0,2,機車,普通重型,男,88,戴安全帽或繫安全帶(使用幼童安全椅),未使用,車的狀態,向前直行中,機車,左側車身,,,其他,其他引起事故之違規或不當行為,否,120.180579,23.234617
2020,3,20200309,181400,A1,臺東縣警察局,臺東縣卑南鄉民生路口 / 臺東縣卑南鄉太平路,晴,晨或暮光,鄉道,30,交岔路,四岔路,交叉路口,交叉路口內,柏油,乾燥,無缺陷,無障礙物,良好,良好,無號誌,無號誌,無,無分向設施,未繪設車道線,未繪設快慢車道分隔線,無,車與車,路口交岔撞,駕駛人,未依規定讓車,死亡1;受傷0,1,小客車,自用,女,47,戴安全帽或繫安全帶(使用幼童安全椅),未使用,車的狀態,向前直行中,汽車,前車頭,,,駕駛人,未依規定讓車,否,121.095984,22.781152
2020,3,20200309,181400,A1,臺東縣警察局,臺東縣卑南鄉民生路口 / 臺東縣卑南鄉太平路,晴,晨或暮光,鄉道,30,交岔路,四岔路,交叉路口,交叉路口內,柏油,乾燥,無缺陷,無障礙物,良好,良好,無號誌,無號誌,無,無分向設施,未繪設車道線,未繪設快慢車道分隔線,無,車與車,路口交岔撞,駕駛人,未依規定讓車,死亡1;受傷0,2,機車,普通重型,男,34,戴安全帽或繫安全帶(使用幼童安全椅),未使用,車的狀態,向前直行中,機車,左側車身,,,駕駛人,未依規定減速,否,121.095984,22.781152
2020,3,20200309,213000,A1,臺北市政府警察局,臺北市信義區松壽路 / 臺北市信義區松高路,晴,夜間(或隧道、地下道、涵洞)有照明,市區道路,50,交岔路,四岔路,交叉路口,交叉口附近,柏油,乾燥,無缺陷,無障礙物,良好,良好,無號誌,無號誌,行車分向線,無標記,車道線(無標記),未繪設快慢車道分隔線,無,車與車,其他,駕駛人,未依規定讓車,死亡1;受傷0,1,機車,普通重型,男,58,戴安全帽或繫安全帶(使用幼童安全椅),未使用,車的狀態,左轉彎,機車,右側車身,機車,右側車身,駕駛人,未依規定讓車,否,121.567606,25.035825
2020,3,20200309,213000,A1,臺北市政府警察局,臺北市信義區松壽路 / 臺北市信義區松高路,晴,夜間(或隧道、地下道、涵洞)有照明,市區道路,50,交岔路,四岔路,交叉路口,交叉口附近,柏油,乾燥,無缺陷,無障礙物,良好,良好,無號誌,無號誌,行車分向線,無標記,車道線(無標記),未繪設快慢車道分隔線,無,車與車,其他,駕駛人,未依規定讓車,死亡1;受傷0,2,小客車,計程車,男,56,戴安全帽或繫安全帶(使用幼童安全椅),未使用,車的狀態,向前直行中,汽車,左側車身,汽車,左側車身,駕駛人,未注意車前狀態,否,121.567606,25.035825
2020,3,20200310,054000,A1,桃園市政府警察局,桃園市觀音區快速路口 / 桃園市觀音區保興路2段口,雨,夜間(或隧道、地下道、涵洞)有照明,市區道路,50,交岔路,多岔路,交叉路口,交叉路口內,柏油,濕潤,無缺陷,無障礙物,良好,良好,行車管制號誌,正常,無,無分向設施,未繪設車道線,未繪設快慢車道分隔線,無,車與車,路口交岔撞,駕駛人,違反號誌管制或指揮,死亡1;受傷0,2,小客車,自用,男,26,戴安全帽或繫安全帶(使用幼童安全椅),未使用,車的狀態,向前直行中,汽車,前車頭,,,駕駛人,超速失控,否,121.108977,24.994317
2020,3,20200310,054000,A1,桃園市政府警察局,桃園市觀音區快速路口 / 桃園市觀音區保興路2段口,雨,夜間(或隧道、地下道、涵洞)有照明,市區道路,50,交岔路,多岔路,交叉路口,交叉路口內,柏油,濕潤,無缺陷,無障礙物,良好,良好,行車管制號誌,正常,無,無分向設施,未繪設車道線,未繪設快慢車道分隔線,無,車與車,路口交岔撞,駕駛人,違反號誌管制或指揮,死亡1;受傷0,1,機車,普通重型,女,71,戴安全帽或繫安全帶(使用幼童安全椅),未使用,車的狀態,向前直行中,機車,右側車身,,,駕駛人,違反號誌管制或指揮,否,121.108977,24.994317
2020,3,20200310,085000,A1,臺北市政府警察局,臺北市士林區士商路76號前0.0公尺,雨,日間自然光線,市區道路,50,單路部分,直路,路段,一般車道(未劃分快慢車道),柏油,濕潤,無缺陷,無障礙物,良好,良好,無號誌,無號誌,雙向禁止超車線,無標記,未繪設車道線,未繪設快慢車道分隔線,無,人與汽(機)車,穿越道路中,駕駛人,未注意車前狀態,死亡1;受傷0,1,小客車,自用,男,61,戴安全帽或繫安全帶(使用幼童安全椅),未使用,車的狀態,向前直行中,汽車,前車頭,汽車,前車頭,駕駛人,未注意車前狀態,否,121.519729,25.091098
2020,3,20200310,085000,A1,臺北市政府警察局,臺北市士林區士商路76號前0.0公尺,雨,日間自然光線,市區道路,50,單路部分,直路,路段,一般車道(未劃分快慢車道),柏油,濕潤,無缺陷,無障礙物,良好,良好,無號誌,無號誌,雙向禁止超車線,無標記,未繪設車道線,未繪設快慢車道分隔線,無,人與汽(機)車,穿越道路中,駕駛人,未注意車前狀態,死亡1;受傷0,2,人,行人,女,90,其他(行人、慢車駕駛人),非汽(機)車駕駛人,人的狀態,步行,其他,非汽(機)車,其他,非汽(機)車,行人(或乘客),未依規定行走行人穿越道、地下道、天橋而穿越道路,否,121.519729,25.091098
2020,3,20200310,172200,A1,雲林縣警察局,雲林縣元長鄉台19現元進庄路口旁,晴,日間自然光線,村里道路,60,單路部分,直路,路段,路肩、路緣,柏油,乾燥,無缺陷,無障礙物,良好,良好,無號誌,無號誌,雙向禁止超車線,附標記,車道線(附標記),快慢車道分隔線,有,汽(機)車本身,撞護欄(樁),駕駛人,未注意車前狀態,死亡1;受傷1,2,,,無或物(動物、堆置物),-1,,,,,,,,,無(非車輛駕駛人因素),尚未發現肇事因素,否,120.310994,23.630367
2020,3,20200310,172200,A1,雲林縣警察局,雲林縣元長鄉台19現元進庄路口旁,晴,日間自然光線,村里道路,60,單路部分,直路,路段,路肩、路緣,柏油,乾燥,無缺陷,無障礙物,良好,良好,無號誌,無號誌,雙向禁止超車線,附標記,車道線(附標記),快慢車道分隔線,有,汽(機)車本身,撞護欄(樁),駕駛人,未注意車前狀態,死亡1;受傷1,1,機車,普通重型,男,25,戴安全帽或繫安全帶(使用幼童安全椅),未使用,車的狀態,向前直行中,機車,右側車身,,,駕駛人,未注意車前狀態,否,120.310994,23.630367
2020,3,20200310,172200,A1,雲林縣警察局,雲林縣元長鄉台19現元進庄路口旁,晴,日間自然光線,村里道路,60,單路部分,直路,路段,路肩、路緣,柏油,乾燥,無缺陷,無障礙物,良好,良好,無號誌,無號誌,雙向禁止超車線,附標記,車道線(附標記),快慢車道分隔線,有,汽(機)車本身,撞護欄(樁),駕駛人,未注意車前狀態,死亡1;受傷1,3,人,乘客,女,22,戴安全帽或繫安全帶(使用幼童安全椅),非汽(機)車駕駛人,人的狀態,其他,其他,非汽(機)車,,,無(非車輛駕駛人因素),尚未發現肇事因素,否,120.310994,23.630367
2020,3,20200310,193711,A1,雲林縣警察局,雲林縣北港鎮華勝里大同路306號西側,晴,夜間(或隧道、地下道、涵洞)無照明,村里道路,50,單路部分,直路,路段,機車優先道,柏油,乾燥,無缺陷,無障礙物,良好,良好,無號誌,無號誌,雙向禁止超車線,無標記,未繪設車道線,快慢車道分隔線,有,人與汽(機)車,同向通行中,行人(或乘客),其他引起事故之疏失或行為,死亡1;受傷1,2,機車,普通重型,男,32,戴安全帽或繫安全帶(使用幼童安全椅),不明,車的狀態,向前直行中,機車,前車頭,,,駕駛人,未注意車前狀態,否,120.299351,23.572635
2020,3,20200310,193711,A1,雲林縣警察局,雲林縣北港鎮華勝里大同路306號西側,晴,夜間(或隧道、地下道、涵洞)無照明,村里道路,50,單路部分,直路,路段,機車優先道,柏油,乾燥,無缺陷,無障礙物,良好,良好,無號誌,無號誌,雙向禁止超車線,無標記,未繪設車道線,快慢車道分隔線,有,人與汽(機)車,同向通行中,行人(或乘客),其他引起事故之疏失或行為,死亡1;受傷1,1,人,行人,女,84,其他(行人、慢車駕駛人),非汽(機)車駕駛人,人的狀態,步行,其他,非汽(機)車,,,行人(或乘客),其他引起事故之疏失或行為,否,120.299351,23.572635
2020,3,20200310,221200,A1,臺中市政府警察局,臺中市北屯區和平里東山路一段前0.0公尺,晴,夜間(或隧道、地下道、涵洞)有照明,市區道路,50,交岔路,四岔路,其他,行人穿越道,柏油,乾燥,無缺陷,無障礙物,良好,良好,行車管制號誌,正常,無,無分向設施,未繪設車道線,未繪設快慢車道分隔線,無,人與汽(機)車,穿越道路中,駕駛人,搶越行人穿越道,死亡1;受傷0,1,小客車,自用,男,29,戴安全帽或繫安全帶(使用幼童安全椅),未使用,車的狀態,向前直行中,汽車,前車頭,,,駕駛人,搶越行人穿越道,否,120.722295,24.175928
2020,3,20200310,221200,A1,臺中市政府警察局,臺中市北屯區和平里東山路一段前0.0公尺,晴,夜間(或隧道、地下道、涵洞)有照明,市區道路,50,交岔路,四岔路,其他,行人穿越道,柏油,乾燥,無缺陷,無障礙物,良好,良好,行車管制號誌,正常,無,無分向設施,未繪設車道線,未繪設快慢車道分隔線,無,人與汽(機)車,穿越道路中,駕駛人,搶越行人穿越道,死亡1;受傷0,2,人,行人,女,81,其他(行人、慢車駕駛人),非汽(機)車駕駛人,人的狀態,步行,其他,非汽(機)車,,,行人(或乘客),未依標誌、標線、號誌或手勢指揮穿越道路,否,120.722295,24.175928
2020,3,20200311,020000,A1,高雄市政府警察局,高雄市燕巢區瓊招路高幹14左5號前0.0公尺,晴,夜間(或隧道、地下道、涵洞)有照明,市區道路,50,單路部分,直路,路段,一般車道(未劃分快慢車道),柏油,乾燥,無缺陷,無障礙物,良好,良好,無號誌,無號誌,雙向禁止超車線,無標記,未繪設車道線,未繪設快慢車道分隔線,有,汽(機)車本身,路上翻車、摔倒,駕駛人,未依規定減速,死亡1;受傷0,2,,,無或物(動物、堆置物),109,,,,,,,,,無(非車輛駕駛人因素),尚未發現肇事因素,否,120.334864,22.794076
2020,3,20200311,020000,A1,高雄市政府警察局,高雄市燕巢區瓊招路高幹14左5號前0.0公尺,晴,夜間(或隧道、地下道、涵洞)有照明,市區道路,50,單路部分,直路,路段,一般車道(未劃分快慢車道),柏油,乾燥,無缺陷,無障礙物,良好,良好,無號誌,無號誌,雙向禁止超車線,無標記,未繪設車道線,未繪設快慢車道分隔線,有,汽(機)車本身,路上翻車、摔倒,駕駛人,未依規定減速,死亡1;受傷0,1,機車,普通重型,男,28,未戴案全帽或未繫安全帶(未使用幼童安全椅),未使用,車的狀態,向前直行中,其他,不明,其他,不明,駕駛人,未依規定減速,否,120.334864,22.794076
2020,3,20200311,105328,A1,嘉義縣警察局,嘉義縣民雄鄉文隆村台1線道 259公里900公尺處南側向外側,晴,日間自然光線,省道,50,單路部分,直路,路段,快車道,柏油,乾燥,無缺陷,無障礙物,良好,良好,無號誌,無號誌,中央分向島,寛式(50公分以上),車道線(無標記),快慢車道分隔線,有,車與車,同向擦撞,駕駛人,變換車道或方向不當,死亡1;受傷0,2,大貨車,營業用,男,26,戴安全帽或繫安全帶(使用幼童安全椅),未使用,車的狀態,向前直行中,汽車,右側車身,,,駕駛人,未注意車前狀態,否,120.435066,23.538769
2020,3,20200311,105328,A1,嘉義縣警察局,嘉義縣民雄鄉文隆村台1線道 259公里900公尺處南側向外側,晴,日間自然光線,省道,50,單路部分,直路,路段,快車道,柏油,乾燥,無缺陷,無障礙物,良好,良好,無號誌,無號誌,中央分向島,寛式(50公分以上),車道線(無標記),快慢車道分隔線,有,車與車,同向擦撞,駕駛人,變換車道或方向不當,死亡1;受傷0,1,機車,普通輕型,女,18,戴安全帽或繫安全帶(使用幼童安全椅),不明,車的狀態,向左變換車道,機車,左側車身,,,駕駛人,變換車道或方向不當,否,120.435066,23.538769
2020,3,20200311,105328,A1,嘉義縣警察局,嘉義縣民雄鄉文隆村台1線道 259公里900公尺處南側向外側,晴,日間自然光線,省道,50,單路部分,直路,路段,快車道,柏油,乾燥,無缺陷,無障礙物,良好,良好,無號誌,無號誌,中央分向島,寛式(50公分以上),車道線(無標記),快慢車道分隔線,有,車與車,同向擦撞,駕駛人,變換車道或方向不當,死亡1;受傷0,3,機車,普通重型,女,15,戴安全帽或繫安全帶(使用幼童安全椅),未使用,車的狀態,向前直行中,機車,前車頭,,,無(車輛駕駛人因素),尚未發現肇事因素,否,120.435066,23.538769
2020,3,20200311,152100,A1,南投縣政府警察局,南投縣魚池鄉台21線 54公里800.0公尺處向外側,晴,日間自然光線,省道,60,單路部分,直路,路段,一般車道(未劃分快慢車道),柏油,乾燥,無缺陷,無障礙物,良好,良好,無號誌,無號誌,雙向禁止超車線,無標記,車道線(無標記),未繪設快慢車道分隔線,有,汽(機)車本身,其他,駕駛人,疲勞(患病)駕駛失控,死亡1;受傷1,2,,,無或物(動物、堆置物),-1,,,,,,,,,無(非車輛駕駛人因素),尚未發現肇事因素,否,120.926177,23.913017
2020,3,20200311,152100,A1,南投縣政府警察局,南投縣魚池鄉台21線 54公里800.0公尺處向外側,晴,日間自然光線,省道,60,單路部分,直路,路段,一般車道(未劃分快慢車道),柏油,乾燥,無缺陷,無障礙物,良好,良好,無號誌,無號誌,雙向禁止超車線,無標記,車道線(無標記),未繪設快慢車道分隔線,有,汽(機)車本身,其他,駕駛人,疲勞(患病)駕駛失控,死亡1;受傷1,1,小客車,自用,女,47,戴安全帽或繫安全帶(使用幼童安全椅),未使用,車的狀態,向前直行中,汽車,前車頭,,,駕駛人,疲勞(患病)駕駛失控,否,120.926177,23.913017
2020,3,20200311,152100,A1,南投縣政府警察局,南投縣魚池鄉台21線 54公里800.0公尺處向外側,晴,日間自然光線,省道,60,單路部分,直路,路段,一般車道(未劃分快慢車道),柏油,乾燥,無缺陷,無障礙物,良好,良好,無號誌,無號誌,雙向禁止超車線,無標記,車道線(無標記),未繪設快慢車道分隔線,有,汽(機)車本身,其他,駕駛人,疲勞(患病)駕駛失控,死亡1;受傷1,3,人,乘客,男,79,戴安全帽或繫安全帶(使用幼童安全椅),非汽(機)車駕駛人,人的狀態,不明,其他,非汽(機)車,,,無(非車輛駕駛人因素),尚未發現肇事因素,否,120.926177,23.913017
2020,3,20200312,170900,A1,桃園市政府警察局,桃園市楊梅區富豐里高鐵南路9段口 / 桃園市楊梅區富豐里富豐一路口,陰,日間自然光線,市區道路,50,交岔路,四岔路,交叉路口,交叉路口內,柏油,乾燥,無缺陷,無障礙物,良好,良好,行車管制號誌,正常,無,無分向設施,未繪設車道線,未繪設快慢車道分隔線,無,車與車,路口交岔撞,駕駛人,違反號誌管制或指揮,死亡1;受傷0,1,機車,普通重型,男,60,戴安全帽或繫安全帶(使用幼童安全椅),未使用,車的狀態,向前直行中,機車,右側車身,,,駕駛人,違反號誌管制或指揮,否,121.097389,24.924744
2020,3,20200312,170900,A1,桃園市政府警察局,桃園市楊梅區富豐里高鐵南路9段口 / 桃園市楊梅區富豐里富豐一路口,陰,日間自然光線,市區道路,50,交岔路,四岔路,交叉路口,交叉路口內,柏油,乾燥,無缺陷,無障礙物,良好,良好,行車管制號誌,正常,無,無分向設施,未繪設車道線,未繪設快慢車道分隔線,無,車與車,路口交岔撞,駕駛人,違反號誌管制或指揮,死亡1;受傷0,2,小貨車(含客、貨兩用),自用,男,55,戴安全帽或繫安全帶(使用幼童安全椅),未使用,車的狀態,向前直行中,汽車,左前車頭(身),,,無(車輛駕駛人因素),尚未發現肇事因素,否,121.097389,24.924744
2020,3,20200313,094354,A1,桃園市政府警察局,桃園市中壢區聖德路2段口 / 桃園市中壢區月眉二路口,雨,日間自然光線,市區道路,40,交岔路,三岔路,交叉路口,交叉口附近,柏油,濕潤,無缺陷,無障礙物,良好,良好,無號誌,無號誌,無,無分向設施,未繪設車道線,未繪設快慢車道分隔線,無,汽(機)車本身,撞路樹、電桿,其他,其他引起事故之違規或不當行為,死亡1;受傷1,2,,,無或物(動物、堆置物),-1,,,,,,,,,無(非車輛駕駛人因素),尚未發現肇事因素,否,121.194289,25.016494
2020,3,20200313,094354,A1,桃園市政府警察局,桃園市中壢區聖德路2段口 / 桃園市中壢區月眉二路口,雨,日間自然光線,市區道路,40,交岔路,三岔路,交叉路口,交叉口附近,柏油,濕潤,無缺陷,無障礙物,良好,良好,無號誌,無號誌,無,無分向設施,未繪設車道線,未繪設快慢車道分隔線,無,汽(機)車本身,撞路樹、電桿,其他,其他引起事故之違規或不當行為,死亡1;受傷1,1,小客車,自用,男,22,戴安全帽或繫安全帶(使用幼童安全椅),未使用,車的狀態,向前直行中,汽車,右側車身,,,其他,其他引起事故之違規或不當行為,否,121.194289,25.016494