發生年度,發生月份,發生日期,發生時間,事故類別名稱,處理單位名稱警局層,發生地點,天候名稱,光線名稱,道路類別-第1當事者-名稱,速限-第1當事者,道路型態大類別名稱,道路型態子類別名稱,事故位置大類別名稱,事故位置子類別名稱,路面狀況-路面鋪裝名稱,路面狀況-路面狀態名稱,路面狀況-路面缺陷名稱,道路障礙-障礙物名稱,道路障礙-視距品質名稱,道路障礙-視距名稱,號誌-號誌種類名稱,號誌-號誌動作名稱,車道劃分設施-分向設施大類別名稱,車道劃分設施-分向設施子類別名稱,車道劃分設施-分道設施-快車道或一般車道間名稱,車道劃分設施-分道設施-快慢車道間名稱,車道劃分設施-分道設施-路面邊線名稱,事故類型及型態大類別名稱,事故類型及型態子類別名稱,肇因研判大類別名稱-主要,肇因研判子類別名稱-主要,死亡受傷人數,當事者順位,當事者區分-類別-大類別名稱-車種,當事者區分-類別-子類別名稱-車種,當事者屬-性-別名稱,當事者事故發生時年齡,保護裝備名稱,行動電話或電腦或其他相類功能裝置名稱,當事者行動狀態大類別名稱,當事者行動狀態子類別名稱,車輛撞擊部位大類別名稱-最初,車輛撞擊部位子類別名稱-最初,車輛撞擊部位大類別名稱-其他,車輛撞擊部位子類別名稱-其他,肇因研判大類別名稱-個別,肇因研判子類別名稱-個別,肇事逃逸類別名稱-是否肇逃,經度,緯度
2020,3,20200317,122300,A1,臺中市政府警察局,臺中市后里區眉山里甲后路三段277號前0.0公尺,晴,日間自然光線,市區道路,50,單路部分,直路,路段,快車道,柏油,乾燥,無缺陷,無障礙物,良好,良好,無號誌,無號誌,雙向禁止超車線,無標記,車道線(無標記),未繪設快慢車道分隔線,有,人與汽(機)車,穿越道路中,駕駛人,未注意車前狀態,死亡1;受傷0,1,小客車,計程車,男,45,戴安全帽或繫安全帶(使用幼童安全椅),未使用,車的狀態,向前直行中,汽車,前車頭,,,駕駛人,未注意車前狀態,否,120.674552,24.316902
2020,3,20200317,122300,A1,臺中市政府警察局,臺中市后里區眉山里甲后路三段277號前0.0公尺,晴,日間自然光線,市區道路,50,單路部分,直路,路段,快車道,柏油,乾燥,無缺陷,無障礙物,良好,良好,無號誌,無號誌,雙向禁止超車線,無標記,車道線(無標記),未繪設快慢車道分隔線,有,人與汽(機)車,穿越道路中,駕駛人,未注意車前狀態,死亡1;受傷0,2,人,行人,男,92,其他(行人、慢車駕駛人),非汽(機)車駕駛人,人的狀態,步行,其他,非汽(機)車,,,行人(或乘客),穿越道路未注意左右來車,否,120.674552,24.316902
2020,3,20200317,130800,A1,臺南市政府警察局,臺南市歸仁區七甲里省道臺39線北側 / 臺南市歸仁區七甲里南丁路,晴,日間自然光線,省道,70,單路部分,直路,路段,機車優先道,柏油,乾燥,無缺陷,無障礙物,良好,良好,行車管制號誌,正常,中央分向島,寛式(50公分以上),禁止變換車道線(附標記),寛式快慢車道分隔島(50公分以上),有,車與車,側撞,駕駛人,違反特定標誌(線)禁制,死亡1;受傷0,1,小客車,自用,女,40,戴安全帽或繫安全帶(使用幼童安全椅),未使用,車的狀態,左轉彎,汽車,左側車身,,,駕駛人,違反特定標誌(線)禁制,否,120.277396,22.988675
2020,3,20200317,130800,A1,臺南市政府警察局,臺南市歸仁區七甲里省道臺39線北側 / 臺南市歸仁區七甲里南丁路,晴,日間自然光線,省道,70,單路部分,直路,路段,機車優先道,柏油,乾燥,無缺陷,無障礙物,良好,良好,行車管制號誌,正常,中央分向島,寛式(50公分以上),禁止變換車道線(附標記),寛式快慢車道分隔島(50公分以上),有,車與車,側撞,駕駛人,違反特定標誌(線)禁制,死亡1;受傷0,2,機車,普通重型,男,43,戴安全帽或繫安全帶(使用幼童安全椅),未使用,車的狀態,向前直行中,機車,左側車身,,,駕駛人,未注意車前狀態,否,120.277396,22.988675
2020,3,20200317,144200,A1,高雄市政府警察局,高雄市仁武區村澄觀路 / 高雄市仁武區仁光路,晴,日間自然光線,市區道路,60,交岔路,四岔路,交叉路口,交叉路口內,柏油,乾燥,無缺陷,無障礙物,良好,良好,行車管制號誌,正常,中央分向島,寛式(50公分以上),車道線(無標記),快慢車道分隔線,有,車與車,路口交岔撞,駕駛人,違反號誌管制或指揮,死亡1;受傷0,1,小客車,自用,男,29,戴安全帽或繫安全帶(使用幼童安全椅),未使用,車的狀態,向前直行中,汽車,左前車頭(身),汽車,左前車頭(身),駕駛人,違反號誌管制或指揮,否,120.301520,22.627160
2020,3,20200317,144200,A1,高雄市政府警察局,高雄市仁武區村澄觀路 / 高雄市仁武區仁光路,晴,日間自然光線,市區道路,60,交岔路,四岔路,交叉路口,交叉路口內,柏油,乾燥,無缺陷,無障礙物,良好,良好,行車管制號誌,正常,中央分向島,寛式(50公分以上),車道線(無標記),快慢車道分隔線,有,車與車,路口交岔撞,駕駛人,違反號誌管制或指揮,死亡1;受傷0,2,機車,普通重型,男,81,戴安全帽或繫安全帶(使用幼童安全椅),未使用,車的狀態,向前直行中,機車,前車頭,機車,前車頭,無(車輛駕駛人因素),尚未發現肇事因素,否,120.301520,22.627160
2020,3,20200317,183000,A1,南投縣政府警察局,南投縣國姓鄉台14線 44公里800.0公尺處附近向中內,晴,夜間(或隧道、地下道、涵洞)有照明,省道,70,單路部分,直路,路段,一般車道(未劃分快慢車道),柏油,乾燥,無缺陷,道路工事(程)中,良好,良好,無號誌,無號誌,行車分向線,無標記,車道線(無標記),快慢車道分隔線,有,車與車,同向擦撞,駕駛人,迴轉未依規定,死亡1;受傷0,1,大貨車,自用,男,53,戴安全帽或繫安全帶(使用幼童安全椅),未使用,車的狀態,迴轉或橫越道路中,汽車,左側車身,,,駕駛人,迴轉未依規定,否,120.866945,23.983540
2020,3,20200317,183000,A1,南投縣政府警察局,南投縣國姓鄉台14線 44公里800.0公尺處附近向中內,晴,夜間(或隧道、地下道、涵洞)有照明,省道,70,單路部分,直路,路段,一般車道(未劃分快慢車道),柏油,乾燥,無缺陷,道路工事(程)中,良好,良好,無號誌,無號誌,行車分向線,無標記,車道線(無標記),快慢車道分隔線,有,車與車,同向擦撞,駕駛人,迴轉未依規定,死亡1;受傷0,2,機車,普通重型,男,20,未戴案全帽或未繫安全帶(未使用幼童安全椅),未使用,車的狀態,向前直行中,機車,前車頭,,,駕駛人,未注意車前狀態,否,120.866945,23.983540
2020,3,20200317,194500,A1,高雄市政府警察局,高雄市小港區村沿海一路 / 高雄市小港區店中路,晴,夜間(或隧道、地下道、涵洞)有照明,市區道路,30,交岔路,四岔路,交叉路口,交叉路口內,柏油,乾燥,無缺陷,無障礙物,良好,良好,行車管制號誌,正常,雙向禁止超車線,無標記,車道線(無標記),快慢車道分隔線,無,車與車,路口交岔撞,駕駛人,違反號誌管制或指揮,死亡1;受傷0,1,慢車,腳踏自行車,男,58,其他(行人、慢車駕駛人),非汽(機)車駕駛人,車的狀態,向前直行中,其他,非汽(機)車,其他,非汽(機)車,駕駛人,違反號誌管制或指揮,否,120.365646,22.550625
2020,3,20200317,194500,A1,高雄市政府警察局,高雄市小港區村沿海一路 / 高雄市小港區店中路,晴,夜間(或隧道、地下道、涵洞)有照明,市區道路,30,交岔路,四岔路,交叉路口,交叉路口內,柏油,乾燥,無缺陷,無障礙物,良好,良好,行車管制號誌,正常,雙向禁止超車線,無標記,車道線(無標記),快慢車道分隔線,無,車與車,路口交岔撞,駕駛人,違反號誌管制或指揮,死亡1;受傷0,2,小客車,自用,男,50,戴安全帽或繫安全帶(使用幼童安全椅),未使用,車的狀態,向前直行中,汽車,右前車頭(身),汽車,右前車頭(身),無(車輛駕駛人因素),尚未發現肇事因素,否,120.365646,22.550625
2020,3,20200318,060300,A1,桃園市政府警察局,桃園市中壢區中華路1段550號前0.0公尺,晴,日間自然光線,市區道路,50,交岔路,三岔路,交叉路口,交叉路口內,柏油,濕潤,無缺陷,無障礙物,良好,良好,行車管制號誌,正常,無,無分向設施,未繪設車道線,未繪設快慢車道分隔線,無,車與車,側撞,駕駛人,左轉彎未依規定,死亡1;受傷0,2,小客車,自用,男,26,戴安全帽或繫安全帶(使用幼童安全椅),未使用,車的狀態,向前直行中,汽車,右前車頭(身),,,駕駛人,超速失控,否,121.252718,24.970195
2020,3,20200318,060300,A1,桃園市政府警察局,桃園市中壢區中華路1段550號前0.0公尺,晴,日間自然光線,市區道路,50,交岔路,三岔路,交叉路口,交叉路口內,柏油,濕潤,無缺陷,無障礙物,良好,良好,行車管制號誌,正常,無,無分向設施,未繪設車道線,未繪設快慢車道分隔線,無,車與車,側撞,駕駛人,左轉彎未依規定,死亡1;受傷0,1,機車,普通重型,男,15,戴安全帽或繫安全帶(使用幼童安全椅),未使用,車的狀態,左轉彎,機車,左側車身,,,駕駛人,左轉彎未依規定,否,121.252718,24.970195
2020,3,20200318,094800,A1,新北市政府警察局,新北市新店區中興路1段107號前0.0公尺,晴,日間自然光線,市區道路,50,單路部分,直路,路段,一般車道(未劃分快慢車道),柏油,乾燥,無缺陷,無障礙物,良好,良好,無號誌,無號誌,中央分向島,寛式(50公分以上),車道線(無標記),未繪設快慢車道分隔線,有,人與汽(機)車,穿越道路中,行人(或乘客),未依標誌、標線、號誌或手勢指揮穿越道路,死亡1;受傷1,2,機車,普通重型,男,23,戴安全帽或繫安全帶(使用幼童安全椅),未使用,車的狀態,向前直行中,機車,前車頭,機車,前車頭,駕駛人,未注意車前狀態,否,121.541167,24.962589
2020,3,20200318,094800,A1,新北市政府警察局,新北市新店區中興路1段107號前0.0公尺,晴,日間自然光線,市區道路,50,單路部分,直路,路段,一般車道(未劃分快慢車道),柏油,乾燥,無缺陷,無障礙物,良好,良好,無號誌,無號誌,中央分向島,寛式(50公分以上),車道線(無標記),未繪設快慢車道分隔線,有,人與汽(機)車,穿越道路中,行人(或乘客),未依標誌、標線、號誌或手勢指揮穿越道路,死亡1;受傷1,1,人,行人,男,77,其他(行人、慢車駕駛人),未使用,人的狀態,步行,其他,非汽(機)車,其他,非汽(機)車,行人(或乘客),未依標誌、標線、號誌或手勢指揮穿越道路,否,121.541167,24.962589
2020,3,20200318,125000,A1,高雄市政府警察局,高雄市旗山區旗南三路153-11號前0.0公尺,晴,日間自然光線,市區道路,70,單路部分,直路,路段,一般車道(未劃分快慢車道),柏油,乾燥,無缺陷,無障礙物,良好,良好,無號誌,無號誌,中央分向島,窄式附柵欄,車道線(無標記),未繪設快慢車道分隔線,有,汽(機)車本身,撞護欄(樁),駕駛人,未注意車前狀態,死亡1;受傷0,2,,,無或物(動物、堆置物),109,,,,,,,,,無(非車輛駕駛人因素),尚未發現肇事因素,否,120.461669,22.810445
2020,3,20200318,125000,A1,高雄市政府警察局,高雄市旗山區旗南三路153-11號前0.0公尺,晴,日間自然光線,市區道路,70,單路部分,直路,路段,一般車道(未劃分快慢車道),柏油,乾燥,無缺陷,無障礙物,良好,良好,無號誌,無號誌,中央分向島,窄式附柵欄,車道線(無標記),未繪設快慢車道分隔線,有,汽(機)車本身,撞護欄(樁),駕駛人,未注意車前狀態,死亡1;受傷0,1,小客車,自用,男,70,不明,不明,車的狀態,向前直行中,汽車,前車頭,汽車,前車頭,駕駛人,未注意車前狀態,否,120.461669,22.810445
2020,3,20200318,155500,A1,新北市政府警察局,新北市五股區新五路 / 新北市五股區新城三路,陰,日間自然光線,市區道路,50,交岔路,四岔路,交叉路口,交叉路口內,柏油,乾燥,無缺陷,無障礙物,良好,良好,行車管制號誌,正常,中央分向島,寛式(50公分以上),未繪設車道線,未繪設快慢車道分隔線,有,人與汽(機)車,穿越道路中,駕駛人,未注意車前狀態,死亡1;受傷0,1,小貨車(含客、貨兩用),自用,男,60,不明,不明,車的狀態,左轉彎,汽車,左前車頭(身),汽車,左前車頭(身),駕駛人,未注意車前狀態,否,121.438610,25.078531
2020,3,20200318,155500,A1,新北市政府警察局,新北市五股區新五路 / 新北市五股區新城三路,陰,日間自然光線,市區道路,50,交岔路,四岔路,交叉路口,交叉路口內,柏油,乾燥,無缺陷,無障礙物,良好,良好,行車管制號誌,正常,中央分向島,寛式(50公分以上),未繪設車道線,未繪設快慢車道分隔線,有,人與汽(機)車,穿越道路中,駕駛人,未注意車前狀態,死亡1;受傷0,2,人,行人,男,82,其他(行人、慢車駕駛人),非汽(機)車駕駛人,人的狀態,步行,其他,非汽(機)車,其他,非汽(機)車,行人(或乘客),未依規定行走行人穿越道、地下道、天橋而穿越道路,否,121.438610,25.078531
2020,3,20200318,161300,A1,彰化縣警察局,彰化縣芳苑鄉建平村二溪路草2段72號前0.0公尺前,晴,日間自然光線,村里道路,50,單路部分,直路,路段,一般車道(未劃分快慢車道),柏油,乾燥,無缺陷,無障礙物,良好,良好,無號誌,無號誌,雙向禁止超車線,無標記,未繪設車道線,未繪設快慢車道分隔線,有,車與車,對向擦撞,駕駛人,逆向行駛,死亡1;受傷1,1,機車,普通重型,男,80,未戴案全帽或未繫安全帶(未使用幼童安全椅),不明,車的狀態,其他,機車,左側車身,機車,左側車身,駕駛人,逆向行駛,否,120.382972,23.949461
2020,3,20200318,161300,A1,彰化縣警察局,彰化縣芳苑鄉建平村二溪路草2段72號前0.0公尺前,晴,日間自然光線,村里道路,50,單路部分,直路,路段,一般車道(未劃分快慢車道),柏油,乾燥,無缺陷,無障礙物,良好,良好,無號誌,無號誌,雙向禁止超車線,無標記,未繪設車道線,未繪設快慢車道分隔線,有,車與車,對向擦撞,駕駛人,逆向行駛,死亡1;受傷1,2,機車,普通重型,男,20,戴安全帽或繫安全帶(使用幼童安全椅),不明,車的狀態,向前直行中,機車,前車頭,機車,前車頭,駕駛人,未注意車前狀態,否,120.382972,23.949461
2020,3,20200318,205408,A1,苗栗縣警察局,苗栗縣竹南鎮新南里維新街口 / 苗栗縣竹南鎮新南里崁頂街口,陰,夜間(或隧道、地下道、涵洞)有照明,村里道路,40,交岔路,四岔路,交叉路口,交叉路口內,柏油,乾燥,無缺陷,無障礙物,良好,良好,行車管制號誌(附設行人專用號誌),正常,無,無分向設施,未繪設車道線,未繪設快慢車道分隔線,無,車與車,對向擦撞,駕駛人,左轉彎未依規定,死亡1;受傷1,2,機車,普通重型,男,16,戴安全帽或繫安全帶(使用幼童安全椅),不明,車的狀態,向前直行中,機車,前車頭,,,駕駛人,未注意車前狀態,否,120.881339,24.691508
2020,3,20200318,205408,A1,苗栗縣警察局,苗栗縣竹南鎮新南里維新街口 / 苗栗縣竹南鎮新南里崁頂街口,陰,夜間(或隧道、地下道、涵洞)有照明,村里道路,40,交岔路,四岔路,交叉路口,交叉路口內,柏油,乾燥,無缺陷,無障礙物,良好,良好,行車管制號誌(附設行人專用號誌),正常,無,無分向設施,未繪設車道線,未繪設快慢車道分隔線,無,車與車,對向擦撞,駕駛人,左轉彎未依規定,死亡1;受傷1,1,慢車,腳踏自行車,男,81,其他(行人、慢車駕駛人),非汽(機)車駕駛人,車的狀態,左轉彎,其他,非汽(機)車,,,駕駛人,左轉彎未依規定,否,120.881339,24.691508
2020,3,20200319,071200,A1,臺南市政府警察局,臺南市麻豆區港尾里市道171線港子尾1-16號前0.0公尺,晴,日間自然光線,縣道,50,單路部分,直路,路段,機車優先道,其他鋪裝,泥濘,路面鬆軟,無障礙物,良好,良好,無號誌,無號誌,行車分向線,無標記,車道線(無標記),快慢車道分隔線,有,汽(機)車本身,路上翻車、摔倒,駕駛人,違規超車,死亡1;受傷0,2,,,無或物(動物、堆置物),-1,,,,,,,,,無(非車輛駕駛人因素),尚未發現肇事因素,否,120.208028,23.204973
2020,3,20200319,071200,A1,臺南市政府警察局,臺南市麻豆區港尾里市道171線港子尾1-16號前0.0公尺,晴,日間自然光線,縣道,50,單路部分,直路,路段,機車優先道,其他鋪裝,泥濘,路面鬆軟,無障礙物,良好,良好,無號誌,無號誌,行車分向線,無標記,車道線(無標記),快慢車道分隔線,有,汽(機)車本身,路上翻車、摔倒,駕駛人,違規超車,死亡1;受傷0,1,機車,普通重型,男,54,戴安全帽或繫安全帶(使用幼童安全椅),未使用,車的狀態,向前直行中,其他,不明,,,駕駛人,違規超車,否,120.208028,23.204973
2020,3,20200319,071200,A1,臺南市政府警察局,臺南市麻豆區港尾里市道171線港子尾1-16號前0.0公尺,晴,日間自然光線,縣道,50,單路部分,直路,路段,機車優先道,其他鋪裝,泥濘,路面鬆軟,無障礙物,良好,良好,無號誌,無號誌,行車分向線,無標記,車道線(無標記),快慢車道分隔線,有,汽(機)車本身,路上翻車、摔倒,駕駛人,違規超車,死亡1;受傷0,3,其他車,農耕用車(或機械),男,55,戴安全帽或繫安全帶(使用幼童安全椅),未使用,車的狀態,向前直行中,汽車,右側車身,,,駕駛人,未靠右行駛,否,120.208028,23.204973
2020,3,20200319,071600,A1,臺中市政府警察局,臺中市龍井區新庄里遊園南路364巷91號前0.0公尺,雨,日間自然光線,市區道路,30,單路部分,直路,路段,一般車道(未劃分快慢車道),柏油,濕潤,無缺陷,無障礙物,不良,路上停放車輛,無號誌,無號誌,無,無分向設施,未繪設車道線,未繪設快慢車道分隔線,無,車與車,對向擦撞,駕駛人,起步未注意其他車(人)安全,死亡1;受傷0,1,小客車,自用,男,51,戴安全帽或繫安全帶(使用幼童安全椅),未使用,車的狀態,起步,汽車,右前車頭(身),,,駕駛人,起步未注意其他車(人)安全,否,120.578565,24.178280
2020,3,20200319,071600,A1,臺中市政府警察局,臺中市龍井區新庄里遊園南路364巷91號前0.0公尺,雨,日間自然光線,市區道路,30,單路部分,直路,路段,一般車道(未劃分快慢車道),柏油,濕潤,無缺陷,無障礙物,不良,路上停放車輛,無號誌,無號誌,無,無分向設施,未繪設車道線,未繪設快慢車道分隔線,無,車與車,對向擦撞,駕駛人,起步未注意其他車(人)安全,死亡1;受傷0,2,機車,普通重型,男,61,戴安全帽或繫安全帶(使用幼童安全椅),未使用,車的狀態,向前直行中,機車,前車頭,,,無(車輛駕駛人因素),尚未發現肇事因素,否,120.578565,24.178280
2020,3,20200319,110500,A1,雲林縣警察局,雲林縣二崙鄉大同村台19線公路口 / 雲林縣二崙鄉大同村154公路,晴,日間自然光線,村里道路,60,交岔路,三岔路,交叉路口,交叉路口內,柏油,乾燥,無缺陷,無障礙物,良好,良好,行車管制號誌,正常,無,無分向設施,車道線(附標記),快慢車道分隔線,有,車與車,側撞,駕駛人,未注意車前狀態,死亡1;受傷0,2,大貨車,營業用,男,47,戴安全帽或繫安全帶(使用幼童安全椅),未使用,車的狀態,左轉彎,汽車,前車頭,,,駕駛人,未依規定減速,否,120.370029,23.787241
2020,3,20200319,110500,A1,雲林縣警察局,雲林縣二崙鄉大同村台19線公路口 / 雲林縣二崙鄉大同村154公路,晴,日間自然光線,村里道路,60,交岔路,三岔路,交叉路口,交叉路口內,柏油,乾燥,無缺陷,無障礙物,良好,良好,行車管制號誌,正常,無,無分向設施,車道線(附標記),快慢車道分隔線,有,車與車,側撞,駕駛人,未注意車前狀態,死亡1;受傷0,1,機車,普通重型,男,58,戴安全帽或繫安全帶(使用幼童安全椅),未使用,車的狀態,向前直行中,機車,右側車身,,,駕駛人,未注意車前狀態,否,120.370029,23.787241
2020,3,20200319,225929,A1,雲林縣警察局,雲林縣水林鄉溪墘村164縣道(路燈編號090529號前),晴,夜間(或隧道、地下道、涵洞)有照明,縣道,60,單路部分,直路,路段,機車優先道,柏油,乾燥,無缺陷,無障礙物,良好,良好,無號誌,無號誌,行車分向線,無標記,未繪設車道線,快慢車道分隔線,有,車與車,對撞,駕駛人,逆向行駛,死亡1;受傷0,1,小客車,自用,男,23,不明,未使用,車的狀態,超車(含超越),汽車,左前車頭(身),,,駕駛人,逆向行駛,是,120.285238,23.567152
2020,3,20200319,225929,A1,雲林縣警察局,雲林縣水林鄉溪墘村164縣道(路燈編號090529號前),晴,夜間(或隧道、地下道、涵洞)有照明,縣道,60,單路部分,直路,路段,機車優先道,柏油,乾燥,無缺陷,無障礙物,良好,良好,無號誌,無號誌,行車分向線,無標記,未繪設車道線,快慢車道分隔線,有,車與車,對撞,駕駛人,逆向行駛,死亡1;受傷0,2,機車,普通重型,男,28,戴安全帽或繫安全帶(使用幼童安全椅),未使用,車的狀態,向前直行中,機車,前車頭,,,無(車輛駕駛人因素),尚未發現肇事因素,否,120.285238,23.567152
2020,3,20200319,225929,A1,雲林縣警察局,雲林縣水林鄉溪墘村164縣道(路燈編號090529號前),晴,夜間(或隧道、地下道、涵洞)有照明,縣道,60,單路部分,直路,路段,機車優先道,柏油,乾燥,無缺陷,無障礙物,良好,良好,無號誌,無號誌,行車分向線,無標記,未繪設車道線,快慢車道分隔線,有,車與車,對撞,駕駛人,逆向行駛,死亡1;受傷0,3,人,乘客,男,23,戴安全帽或繫安全帶(使用幼童安全椅),非汽(機)車駕駛人,人的狀態,其他,其他,非汽(機)車,,,無(非車輛駕駛人因素),尚未發現肇事因素,否,120.285238,23.567152
2020,3,20200319,234344,A1,臺南市政府警察局,臺南市六甲區王爺里市道174線前32500.0公尺西側,晴,夜間(或隧道、地下道、涵洞)有照明,市區道路,40,單路部分,彎曲路及附近,路段,一般車道(未劃分快慢車道),柏油,乾燥,無缺陷,無障礙物,良好,良好,無號誌,無號誌,雙向禁止超車線,附標記,未繪設車道線,未繪設快慢車道分隔線,有,汽(機)車本身,路上翻車、摔倒,駕駛人,未依規定減速,死亡1;受傷0,2,,,無或物(動物、堆置物),-1,,,,,,,,,無(非車輛駕駛人因素),尚未發現肇事因素,否,120.377783,23.237871
2020,3,20200319,234344,A1,臺南市政府警察局,臺南市六甲區王爺里市道174線前32500.0公尺西側,晴,夜間(或隧道、地下道、涵洞)有照明,市區道路,40,單路部分,彎曲路及附近,路段,一般車道(未劃分快慢車道),柏油,乾燥,無缺陷,無障礙物,良好,良好,無號誌,無號誌,雙向禁止超車線,附標記,未繪設車道線,未繪設快慢車道分隔線,有,汽(機)車本身,路上翻車、摔倒,駕駛人,未依規定減速,死亡1;受傷0,1,機車,普通重型,男,22,戴安全帽或繫安全帶(使用幼童安全椅),未使用,車的狀態,向前直行中,機車,左側車身,,,駕駛人,未依規定減速,否,120.377783,23.237871
2020,3,20200320,012800,A1,新北市政府警察局,新北市淡水區關渡橋道路前0.0公尺,陰,夜間(或隧道、地下道、涵洞)有照明,市區道路,30,單路部分,橋樑,路段,機車專用道,柏油,濕潤,無缺陷,無障礙物,良好,良好,無號誌,無號誌,雙向禁止超車線,無標記,禁止變換車道線(無標記),未繪設快慢車道分隔線,有,汽(機)車本身,路上翻車、摔倒,駕駛人,酒醉(後)駕駛失控,死亡1;受傷0,2,,,無或物(動物、堆置物),0,,,,,,,,,無(非車輛駕駛人因素),尚未發現肇事因素,否,121.457766,25.097622
2020,3,20200320,012800,A1,新北市政府警察局,新北市淡水區關渡橋道路前0.0公尺,陰,夜間(或隧道、地下道、涵洞)有照明,市區道路,30,單路部分,橋樑,路段,機車專用道,柏油,濕潤,無缺陷,無障礙物,良好,良好,無號誌,無號誌,雙向禁止超車線,無標記,禁止變換車道線(無標記),未繪設快慢車道分隔線,有,汽(機)車本身,路上翻車、摔倒,駕駛人,酒醉(後)駕駛失控,死亡1;受傷0,1,機車,普通重型,女,46,戴安全帽或繫安全帶(使用幼童安全椅),未使用,車的狀態,向前直行中,機車,右側車身,機車,右側車身,駕駛人,酒醉(後)駕駛失控,否,121.457766,25.097622
2020,3,20200320,015822,A1,嘉義縣警察局,嘉義縣布袋鎮光復里台61線273.3公里處,晴,夜間(或隧道、地下道、涵洞)有照明,省道,90,單路部分,直路,路段,交通島(含槽化線),柏油,乾燥,無缺陷,無障礙物,良好,良好,無號誌,無號誌,中央分向島,寛式(50公分以上),車道線(附標記),寛式快慢車道分隔島(50公分以上),有,汽(機)車本身,撞號誌、標誌桿,駕駛人,超速失控,死亡1;受傷0,2,,,無或物(動物、堆置物),-1,,,,,,,,,無(非車輛駕駛人因素),尚未發現肇事因素,否,120.155094,23.372461
2020,3,20200320,015822,A1,嘉義縣警察局,嘉義縣布袋鎮光復里台61線273.3公里處,晴,夜間(或隧道、地下道、涵洞)有照明,省道,90,單路部分,直路,路段,交通島(含槽化線),柏油,乾燥,無缺陷,無障礙物,良好,良好,無號誌,無號誌,中央分向島,寛式(50公分以上),車道線(附標記),寛式快慢車道分隔島(50公分以上),有,汽(機)車本身,撞號誌、標誌桿,駕駛人,超速失控,死亡1;受傷0,1,小客車,自用,男,35,不明,不明,車的狀態,向前直行中,汽車,前車頭,汽車,右前車頭(身),駕駛人,超速失控,否,120.155094,23.372461
2020,3,20200320,020000,A1,桃園市政府警察局,桃園市中壢區中山東路3段222號前0.0公尺,晴,夜間(或隧道、地下道、涵洞)有照明,市區道路,50,單路部分,直路,路段,一般車道(未劃分快慢車道),柏油,乾燥,無缺陷,無障礙物,良好,良好,無號誌,無號誌,雙向禁止超車線,無標記,未繪設車道線,未繪設快慢車道分隔線,有,人與汽(機)車,穿越道路中,行人(或乘客),未依規定行走行人穿越道、地下道、天橋而穿越道路,死亡1;受傷1,2,機車,普通重型,男,32,不明,不明,車的狀態,向前直行中,機車,前車頭,,,駕駛人,未注意車前狀態,否,121.250159,24.942276
2020,3,20200320,020000,A1,桃園市政府警察局,桃園市中壢區中山東路3段222號前0.0公尺,晴,夜間(或隧道、地下道、涵洞)有照明,市區道路,50,單路部分,直路,路段,一般車道(未劃分快慢車道),柏油,乾燥,無缺陷,無障礙物,良好,良好,無號誌,無號誌,雙向禁止超車線,無標記,未繪設車道線,未繪設快慢車道分隔線,有,人與汽(機)車,穿越道路中,行人(或乘客),未依規定行走行人穿越道、地下道、天橋而穿越道路,死亡1;受傷1,1,人,行人,男,53,其他(行人、慢車駕駛人),不明,人的狀態,步行,其他,非汽(機)車,,,行人(或乘客),未依規定行走行人穿越道、地下道、天橋而穿越道路,否,121.250159,24.942276
2020,3,20200320,030502,A1,臺南市政府警察局,臺南市永康區網寮里文化路口 / 臺南市永康區永華路,晴,夜間(或隧道、地下道、涵洞)有照明,市區道路,50,交岔路,四岔路,交叉路口,交叉路口內,柏油,乾燥,無缺陷,無障礙物,良好,良好,閃光號誌,正常,無,無分向設施,未繪設車道線,未繪設快慢車道分隔線,無,車與車,路口交岔撞,駕駛人,未依規定讓車,死亡1;受傷0,3,小客車,自用,男,29,不明,不明,車的狀態,靜止(引擎熄火),汽車,左側車身,,,無(車輛駕駛人因素),尚未發現肇事因素,否,120.258045,23.015950
2020,3,20200320,030502,A1,臺南市政府警察局,臺南市永康區網寮里文化路口 / 臺南市永康區永華路,晴,夜間(或隧道、地下道、涵洞)有照明,市區道路,50,交岔路,四岔路,交叉路口,交叉路口內,柏油,乾燥,無缺陷,無障礙物,良好,良好,閃光號誌,正常,無,無分向設施,未繪設車道線,未繪設快慢車道分隔線,無,車與車,路口交岔撞,駕駛人,未依規定讓車,死亡1;受傷0,1,機車,普通重型,男,57,戴安全帽或繫安全帶(使用幼童安全椅),不明,車的狀態,向前直行中,機車,右側車身,,,駕駛人,未依規定讓車,否,120.258045,23.015950
2020,3,20200320,030502,A1,臺南市政府警察局,臺南市永康區網寮里文化路口 / 臺南市永康區永華路,晴,夜間(或隧道、地下道、涵洞)有照明,市區道路,50,交岔路,四岔路,交叉路口,交叉路口內,柏油,乾燥,無缺陷,無障礙物,良好,良好,閃光號誌,正常,無,無分向設施,未繪設車道線,未繪設快慢車道分隔線,無,車與車,路口交岔撞,駕駛人,未依規定讓車,死亡1;受傷0,2,小客車,計程車,男,25,戴安全帽或繫安全帶(使用幼童安全椅),未使用,車的狀態,向前直行中,汽車,左前車頭(身),,,駕駛人,未依規定減速,否,120.258045,23.015950