發生年度,發生月份,發生日期,發生時間,事故類別名稱,處理單位名稱警局層,發生地點,天候名稱,光線名稱,道路類別-第1當事者-名稱,速限-第1當事者,道路型態大類別名稱,道路型態子類別名稱,事故位置大類別名稱,事故位置子類別名稱,路面狀況-路面鋪裝名稱,路面狀況-路面狀態名稱,路面狀況-路面缺陷名稱,道路障礙-障礙物名稱,道路障礙-視距品質名稱,道路障礙-視距名稱,號誌-號誌種類名稱,號誌-號誌動作名稱,車道劃分設施-分向設施大類別名稱,車道劃分設施-分向設施子類別名稱,車道劃分設施-分道設施-快車道或一般車道間名稱,車道劃分設施-分道設施-快慢車道間名稱,車道劃分設施-分道設施-路面邊線名稱,事故類型及型態大類別名稱,事故類型及型態子類別名稱,肇因研判大類別名稱-主要,肇因研判子類別名稱-主要,死亡受傷人數,當事者順位,當事者區分-類別-大類別名稱-車種,當事者區分-類別-子類別名稱-車種,當事者屬-性-別名稱,當事者事故發生時年齡,保護裝備名稱,行動電話或電腦或其他相類功能裝置名稱,當事者行動狀態大類別名稱,當事者行動狀態子類別名稱,車輛撞擊部位大類別名稱-最初,車輛撞擊部位子類別名稱-最初,車輛撞擊部位大類別名稱-其他,車輛撞擊部位子類別名稱-其他,肇因研判大類別名稱-個別,肇因研判子類別名稱-個別,肇事逃逸類別名稱-是否肇逃,經度,緯度
2020,5,20200505,212100,A1,新北市政府警察局,新北市板橋區堤外機車專用道路0K+750,晴,夜間(或隧道、地下道、涵洞)有照明,專用道路,40,單路部分,直路,路段,機車專用道,柏油,乾燥,無缺陷,無障礙物,良好,良好,無號誌,無號誌,雙向禁止超車線,無標記,未繪設車道線,未繪設快慢車道分隔線,無,車與車,同向擦撞,駕駛人,未保持行車安全間隔,死亡1;受傷2,3,機車,普通重型,女,41,戴安全帽或繫安全帶(使用幼童安全椅),未使用,車的狀態,向前直行中,機車,前車頭,機車,前車頭,駕駛人,未注意車前狀態,否,121.469820,25.036062
2020,5,20200505,212100,A1,新北市政府警察局,新北市板橋區堤外機車專用道路0K+750,晴,夜間(或隧道、地下道、涵洞)有照明,專用道路,40,單路部分,直路,路段,機車專用道,柏油,乾燥,無缺陷,無障礙物,良好,良好,無號誌,無號誌,雙向禁止超車線,無標記,未繪設車道線,未繪設快慢車道分隔線,無,車與車,同向擦撞,駕駛人,未保持行車安全間隔,死亡1;受傷2,1,機車,普通重型,男,56,戴安全帽或繫安全帶(使用幼童安全椅),未使用,車的狀態,向前直行中,機車,右側車身,機車,右側車身,駕駛人,未保持行車安全間隔,否,121.469820,25.036062
2020,5,20200505,212100,A1,新北市政府警察局,新北市板橋區堤外機車專用道路0K+750,晴,夜間(或隧道、地下道、涵洞)有照明,專用道路,40,單路部分,直路,路段,機車專用道,柏油,乾燥,無缺陷,無障礙物,良好,良好,無號誌,無號誌,雙向禁止超車線,無標記,未繪設車道線,未繪設快慢車道分隔線,無,車與車,同向擦撞,駕駛人,未保持行車安全間隔,死亡1;受傷2,2,慢車,腳踏自行車,男,67,其他(行人、慢車駕駛人),未使用,車的狀態,向前直行中,其他,非汽(機)車,其他,非汽(機)車,無(車輛駕駛人因素),尚未發現肇事因素,否,121.469820,25.036062
2020,5,20200506,100600,A1,嘉義縣警察局,嘉義縣六腳鄉蘇厝村蘇厝寮2之3號前,晴,日間自然光線,縣道,50,交岔路,三岔路,交叉路口,交叉口附近,柏油,乾燥,無缺陷,無障礙物,良好,良好,無號誌,無號誌,雙向禁止超車線,附標記,未繪設車道線,快慢車道分隔線,有,人與汽(機)車,穿越道路中,行人(或乘客),未依標誌、標線、號誌或手勢指揮穿越道路,死亡1;受傷0,2,小客車,自用,男,38,戴安全帽或繫安全帶(使用幼童安全椅),未使用,車的狀態,向前直行中,汽車,前車頭,,,駕駛人,未注意車前狀態,否,120.301648,23.559632
2020,5,20200506,100600,A1,嘉義縣警察局,嘉義縣六腳鄉蘇厝村蘇厝寮2之3號前,晴,日間自然光線,縣道,50,交岔路,三岔路,交叉路口,交叉口附近,柏油,乾燥,無缺陷,無障礙物,良好,良好,無號誌,無號誌,雙向禁止超車線,附標記,未繪設車道線,快慢車道分隔線,有,人與汽(機)車,穿越道路中,行人(或乘客),未依標誌、標線、號誌或手勢指揮穿越道路,死亡1;受傷0,1,人,行人,男,85,其他(行人、慢車駕駛人),非汽(機)車駕駛人,人的狀態,步行,其他,非汽(機)車,,,行人(或乘客),未依標誌、標線、號誌或手勢指揮穿越道路,否,120.301648,23.559632
2020,5,20200507,042200,A1,桃園市政府警察局,桃園市龍潭區東龍路159號前0.0公尺南側,雨,夜間(或隧道、地下道、涵洞)有照明,市區道路,50,單路部分,直路,路段,一般車道(未劃分快慢車道),柏油,濕潤,無缺陷,路上有停車,不良,其他,無號誌,無號誌,行車分向線,無標記,未繪設車道線,未繪設快慢車道分隔線,有,車與車,追撞,駕駛人,酒醉(後)駕駛失控,死亡1;受傷0,1,機車,普通重型,男,23,戴安全帽或繫安全帶(使用幼童安全椅),未使用,車的狀態,向前直行中,機車,前車頭,,,駕駛人,酒醉(後)駕駛失控,否,121.214813,24.863045
2020,5,20200507,042200,A1,桃園市政府警察局,桃園市龍潭區東龍路159號前0.0公尺南側,雨,夜間(或隧道、地下道、涵洞)有照明,市區道路,50,單路部分,直路,路段,一般車道(未劃分快慢車道),柏油,濕潤,無缺陷,路上有停車,不良,其他,無號誌,無號誌,行車分向線,無標記,未繪設車道線,未繪設快慢車道分隔線,有,車與車,追撞,駕駛人,酒醉(後)駕駛失控,死亡1;受傷0,2,小貨車(含客、貨兩用),自用,男,53,未戴案全帽或未繫安全帶(未使用幼童安全椅),未使用,車的狀態,靜止(引擎熄火),汽車,後車尾,,,其他,違規停車或暫停不當而肇事,否,121.214813,24.863045
2020,5,20200507,155100,A1,高雄市政府警察局,高雄市美濃區和平街口 / 高雄市美濃區和平街口,晴,晨或暮光,市區道路,30,交岔路,四岔路,交叉路口,交叉路口內,柏油,乾燥,無缺陷,無障礙物,不良,其他,無號誌,無號誌,無,無分向設施,未繪設車道線,未繪設快慢車道分隔線,有,車與車,側撞,駕駛人,未依規定讓車,死亡1;受傷0,2,機車,普通重型,女,78,戴安全帽或繫安全帶(使用幼童安全椅),不明,車的狀態,向前直行中,機車,左側車身,機車,左側車身,駕駛人,未依規定減速,否,120.540100,22.874760
2020,5,20200507,155100,A1,高雄市政府警察局,高雄市美濃區和平街口 / 高雄市美濃區和平街口,晴,晨或暮光,市區道路,30,交岔路,四岔路,交叉路口,交叉路口內,柏油,乾燥,無缺陷,無障礙物,不良,其他,無號誌,無號誌,無,無分向設施,未繪設車道線,未繪設快慢車道分隔線,有,車與車,側撞,駕駛人,未依規定讓車,死亡1;受傷0,1,小貨車(含客、貨兩用),自用,男,63,戴安全帽或繫安全帶(使用幼童安全椅),未使用,車的狀態,向前直行中,汽車,前車頭,汽車,前車頭,駕駛人,未依規定讓車,否,120.540100,22.874760
2020,5,20200507,161455,A1,嘉義縣警察局,嘉義縣竹崎鄉中和村台18線60.4公里,晴,日間自然光線,省道,30,單路部分,彎曲路及附近,路段,一般車道(未劃分快慢車道),柏油,乾燥,無缺陷,無障礙物,不良,彎道,無號誌,無號誌,雙向禁止超車線,附標記,未繪設車道線,未繪設快慢車道分隔線,有,車與車,對撞,駕駛人,未依規定減速,死亡1;受傷0,1,機車,大型重型1(550C.C.以上),男,42,戴安全帽或繫安全帶(使用幼童安全椅),未使用,車的狀態,向前直行中,機車,前車頭,,,駕駛人,未依規定減速,否,120.685424,23.460363
2020,5,20200507,161455,A1,嘉義縣警察局,嘉義縣竹崎鄉中和村台18線60.4公里,晴,日間自然光線,省道,30,單路部分,彎曲路及附近,路段,一般車道(未劃分快慢車道),柏油,乾燥,無缺陷,無障礙物,不良,彎道,無號誌,無號誌,雙向禁止超車線,附標記,未繪設車道線,未繪設快慢車道分隔線,有,車與車,對撞,駕駛人,未依規定減速,死亡1;受傷0,2,大貨車,營業用,男,41,戴安全帽或繫安全帶(使用幼童安全椅),未使用,車的狀態,向前直行中,汽車,前車頭,,,無(車輛駕駛人因素),尚未發現肇事因素,否,120.685424,23.460363
2020,5,20200507,173500,A1,屏東縣政府警察局,屏東縣新園鄉新南路口 / 屏東縣新園鄉媽祖路口,晴,日間自然光線,村里道路,50,交岔路,四岔路,交叉路口,交叉路口內,柏油,乾燥,無缺陷,無障礙物,良好,良好,閃光號誌,無動作,雙向禁止超車線,無標記,未繪設車道線,未繪設快慢車道分隔線,有,車與車,對撞,駕駛人,酒醉(後)駕駛失控,死亡1;受傷0,1,小客車,自用,男,48,不明,不明,車的狀態,超車(含超越),汽車,右前車頭(身),,,駕駛人,酒醉(後)駕駛失控,否,120.451709,22.522108
2020,5,20200507,173500,A1,屏東縣政府警察局,屏東縣新園鄉新南路口 / 屏東縣新園鄉媽祖路口,晴,日間自然光線,村里道路,50,交岔路,四岔路,交叉路口,交叉路口內,柏油,乾燥,無缺陷,無障礙物,良好,良好,閃光號誌,無動作,雙向禁止超車線,無標記,未繪設車道線,未繪設快慢車道分隔線,有,車與車,對撞,駕駛人,酒醉(後)駕駛失控,死亡1;受傷0,2,機車,普通重型,男,60,戴安全帽或繫安全帶(使用幼童安全椅),未使用,車的狀態,向前直行中,機車,前車頭,,,無(車輛駕駛人因素),尚未發現肇事因素,否,120.451709,22.522108
2020,5,20200508,004800,A1,臺中市政府警察局,臺中市清水區台一線(大甲溪橋157.5K處往南),晴,夜間(或隧道、地下道、涵洞)有照明,市區道路,70,單路部分,直路,路段,快車道,柏油,乾燥,無缺陷,無障礙物,良好,良好,無號誌,無號誌,中央分向島,寛式(50公分以上),車道線(無標記),快慢車道分隔線,有,車與車,對向擦撞,其他,不明原因肇事,死亡1;受傷1,1,機車,普通重型,男,19,戴安全帽或繫安全帶(使用幼童安全椅),未使用,車的狀態,向前直行中,機車,前車頭,機車,左側車身,其他,不明原因肇事,否,120.605554,24.317934
2020,5,20200508,004800,A1,臺中市政府警察局,臺中市清水區台一線(大甲溪橋157.5K處往南),晴,夜間(或隧道、地下道、涵洞)有照明,市區道路,70,單路部分,直路,路段,快車道,柏油,乾燥,無缺陷,無障礙物,良好,良好,無號誌,無號誌,中央分向島,寛式(50公分以上),車道線(無標記),快慢車道分隔線,有,車與車,對向擦撞,其他,不明原因肇事,死亡1;受傷1,2,小客車,自用,男,52,戴安全帽或繫安全帶(使用幼童安全椅),未使用,車的狀態,向前直行中,汽車,車底,,,無(車輛駕駛人因素),尚未發現肇事因素,否,120.605554,24.317934
2020,5,20200508,004800,A1,臺中市政府警察局,臺中市清水區台一線(大甲溪橋157.5K處往南),晴,夜間(或隧道、地下道、涵洞)有照明,市區道路,70,單路部分,直路,路段,快車道,柏油,乾燥,無缺陷,無障礙物,良好,良好,無號誌,無號誌,中央分向島,寛式(50公分以上),車道線(無標記),快慢車道分隔線,有,車與車,對向擦撞,其他,不明原因肇事,死亡1;受傷1,3,人,乘客,男,16,戴安全帽或繫安全帶(使用幼童安全椅),非汽(機)車駕駛人,人的狀態,其他,其他,非汽(機)車,,,無(非車輛駕駛人因素),尚未發現肇事因素,否,120.605554,24.317934
2020,5,20200508,075300,A1,彰化縣警察局,彰化縣溪湖鎮河東里二溪路2段 / 彰化縣溪湖鎮河東里二溪路2段橋北巷,晴,日間自然光線,村里道路,60,交岔路,四岔路,交叉路口,交叉路口內,柏油,乾燥,無缺陷,無障礙物,良好,良好,行車管制號誌,正常,雙向禁止超車線,無標記,車道線(無標記),未繪設快慢車道分隔線,有,車與車,側撞,駕駛人,未依規定讓車,死亡1;受傷0,1,小客車,自用,女,32,戴安全帽或繫安全帶(使用幼童安全椅),未使用,車的狀態,左轉彎,汽車,右前車頭(身),汽車,右前車頭(身),駕駛人,未依規定讓車,否,120.448241,23.956372
2020,5,20200508,075300,A1,彰化縣警察局,彰化縣溪湖鎮河東里二溪路2段 / 彰化縣溪湖鎮河東里二溪路2段橋北巷,晴,日間自然光線,村里道路,60,交岔路,四岔路,交叉路口,交叉路口內,柏油,乾燥,無缺陷,無障礙物,良好,良好,行車管制號誌,正常,雙向禁止超車線,無標記,車道線(無標記),未繪設快慢車道分隔線,有,車與車,側撞,駕駛人,未依規定讓車,死亡1;受傷0,2,機車,大型重型2(250-550C.C.),男,21,戴安全帽或繫安全帶(使用幼童安全椅),未使用,車的狀態,向前直行中,機車,前車頭,機車,前車頭,駕駛人,未依規定減速,否,120.448241,23.956372
2020,5,20200508,085600,A1,彰化縣警察局,彰化縣秀水鄉安溪村彰水路1段 / 彰化縣秀水鄉安溪村彰水路1段,晴,日間自然光線,村里道路,60,交岔路,三岔路,交叉路口,交叉路口內,柏油,乾燥,無缺陷,無障礙物,良好,良好,閃光號誌,正常,中央分向島,寛式(50公分以上),車道線(無標記),未繪設快慢車道分隔線,有,車與車,側撞,駕駛人,未依規定讓車,死亡1;受傷1,1,機車,普通重型,女,73,戴安全帽或繫安全帶(使用幼童安全椅),未使用,車的狀態,左轉彎,機車,前車頭,,,駕駛人,未依規定讓車,否,120.502137,24.036996
2020,5,20200508,085600,A1,彰化縣警察局,彰化縣秀水鄉安溪村彰水路1段 / 彰化縣秀水鄉安溪村彰水路1段,晴,日間自然光線,村里道路,60,交岔路,三岔路,交叉路口,交叉路口內,柏油,乾燥,無缺陷,無障礙物,良好,良好,閃光號誌,正常,中央分向島,寛式(50公分以上),車道線(無標記),未繪設快慢車道分隔線,有,車與車,側撞,駕駛人,未依規定讓車,死亡1;受傷1,2,機車,普通重型,男,24,戴安全帽或繫安全帶(使用幼童安全椅),未使用,車的狀態,向前直行中,機車,前車頭,,,駕駛人,未依規定減速,否,120.502137,24.036996
2020,5,20200508,102200,A1,臺中市政府警察局,臺中市東區樂成里振興路口 / 臺中市東區育英路口,晴,日間自然光線,市區道路,50,交岔路,三岔路,交叉路口,交叉路口內,柏油,乾燥,無缺陷,無障礙物,良好,良好,行車管制號誌,正常,無,無分向設施,未繪設車道線,未繪設快慢車道分隔線,無,車與車,追撞,駕駛人,未注意車前狀態,死亡1;受傷1,1,大客車,民營客運,男,37,戴安全帽或繫安全帶(使用幼童安全椅),未使用,車的狀態,向右變換車道,汽車,右前車頭(身),,,駕駛人,未注意車前狀態,否,120.697769,24.133168
2020,5,20200508,102200,A1,臺中市政府警察局,臺中市東區樂成里振興路口 / 臺中市東區育英路口,晴,日間自然光線,市區道路,50,交岔路,三岔路,交叉路口,交叉路口內,柏油,乾燥,無缺陷,無障礙物,良好,良好,行車管制號誌,正常,無,無分向設施,未繪設車道線,未繪設快慢車道分隔線,無,車與車,追撞,駕駛人,未注意車前狀態,死亡1;受傷1,3,人,乘客,女,61,戴安全帽或繫安全帶(使用幼童安全椅),非汽(機)車駕駛人,人的狀態,其他,其他,非汽(機)車,,,無(非車輛駕駛人因素),尚未發現肇事因素,否,120.697769,24.133168
2020,5,20200508,102200,A1,臺中市政府警察局,臺中市東區樂成里振興路口 / 臺中市東區育英路口,晴,日間自然光線,市區道路,50,交岔路,三岔路,交叉路口,交叉路口內,柏油,乾燥,無缺陷,無障礙物,良好,良好,行車管制號誌,正常,無,無分向設施,未繪設車道線,未繪設快慢車道分隔線,無,車與車,追撞,駕駛人,未注意車前狀態,死亡1;受傷1,2,慢車,微型電動二輪車,男,65,戴安全帽或繫安全帶(使用幼童安全椅),未使用,車的狀態,向前直行中,其他,非汽(機)車,,,無(車輛駕駛人因素),尚未發現肇事因素,否,120.697769,24.133168
2020,5,20200508,112110,A1,屏東縣政府警察局,屏東縣里港鄉塔樓村里嶺路6號前,晴,日間自然光線,村里道路,50,單路部分,直路,路段,慢車道,柏油,乾燥,無缺陷,無障礙物,良好,良好,無號誌,無號誌,雙向禁止超車線,無標記,車道線(無標記),快慢車道分隔線,有,車與車,追撞,駕駛人,未注意車前狀態,死亡1;受傷0,1,機車,普通重型,女,78,戴安全帽或繫安全帶(使用幼童安全椅),未使用,車的狀態,向前直行中,機車,前車頭,,,駕駛人,未注意車前狀態,否,120.492749,22.773038
2020,5,20200508,112110,A1,屏東縣政府警察局,屏東縣里港鄉塔樓村里嶺路6號前,晴,日間自然光線,村里道路,50,單路部分,直路,路段,慢車道,柏油,乾燥,無缺陷,無障礙物,良好,良好,無號誌,無號誌,雙向禁止超車線,無標記,車道線(無標記),快慢車道分隔線,有,車與車,追撞,駕駛人,未注意車前狀態,死亡1;受傷0,2,小貨車(含客、貨兩用),自用,男,44,未戴案全帽或未繫安全帶(未使用幼童安全椅),未使用,車的狀態,等待(引擎未熄火),汽車,後車尾,,,其他,違規停車或暫停不當而肇事,否,120.492749,22.773038
2020,5,20200508,160800,A1,桃園市政府警察局,桃園市觀音區文化路石橋段601號前,晴,日間自然光線,市區道路,50,單路部分,直路,路段,一般車道(未劃分快慢車道),柏油,乾燥,無缺陷,無障礙物,良好,良好,無號誌,無號誌,行車分向線,附標記,車道線(附標記),未繪設快慢車道分隔線,有,車與車,側撞,駕駛人,酒醉(後)駕駛失控,死亡1;受傷0,2,機車,普通重型,男,69,戴安全帽或繫安全帶(使用幼童安全椅),未使用,車的狀態,向前直行中,機車,前車頭,,,駕駛人,未注意車前狀態,否,121.099222,25.000221
2020,5,20200508,160800,A1,桃園市政府警察局,桃園市觀音區文化路石橋段601號前,晴,日間自然光線,市區道路,50,單路部分,直路,路段,一般車道(未劃分快慢車道),柏油,乾燥,無缺陷,無障礙物,良好,良好,無號誌,無號誌,行車分向線,附標記,車道線(附標記),未繪設快慢車道分隔線,有,車與車,側撞,駕駛人,酒醉(後)駕駛失控,死亡1;受傷0,1,小客車,自用,男,39,戴安全帽或繫安全帶(使用幼童安全椅),未使用,車的狀態,迴轉或橫越道路中,汽車,左側車身,汽車,左側車身,駕駛人,酒醉(後)駕駛失控,否,121.099222,25.000221
2020,5,20200508,165000,A1,高雄市政府警察局,高雄市鳳山區過埤路62號前0.0公尺前,晴,日間自然光線,市區道路,40,單路部分,直路,路段,慢車道,柏油,乾燥,無缺陷,無障礙物,良好,良好,無號誌,無號誌,中央分向島,寛式(50公分以上),車道線(無標記),快慢車道分隔線,無,車與車,側撞,其他,開啟車門不當而肇事,死亡1;受傷0,1,小客車,自用,男,33,戴安全帽或繫安全帶(使用幼童安全椅),未使用,車的狀態,靜止(引擎熄火),汽車,左側車身,汽車,左側車身,其他,開啟車門不當而肇事,是,120.366540,22.590142
2020,5,20200508,165000,A1,高雄市政府警察局,高雄市鳳山區過埤路62號前0.0公尺前,晴,日間自然光線,市區道路,40,單路部分,直路,路段,慢車道,柏油,乾燥,無缺陷,無障礙物,良好,良好,無號誌,無號誌,中央分向島,寛式(50公分以上),車道線(無標記),快慢車道分隔線,無,車與車,側撞,其他,開啟車門不當而肇事,死亡1;受傷0,3,大客車,遊覽車,男,45,戴安全帽或繫安全帶(使用幼童安全椅),未使用,車的狀態,向前直行中,汽車,前車頭,汽車,前車頭,無(車輛駕駛人因素),尚未發現肇事因素,否,120.366540,22.590142
2020,5,20200508,165000,A1,高雄市政府警察局,高雄市鳳山區過埤路62號前0.0公尺前,晴,日間自然光線,市區道路,40,單路部分,直路,路段,慢車道,柏油,乾燥,無缺陷,無障礙物,良好,良好,無號誌,無號誌,中央分向島,寛式(50公分以上),車道線(無標記),快慢車道分隔線,無,車與車,側撞,其他,開啟車門不當而肇事,死亡1;受傷0,2,機車,普通重型,女,37,戴安全帽或繫安全帶(使用幼童安全椅),未使用,車的狀態,向前直行中,機車,右側車身,機車,右側車身,無(車輛駕駛人因素),尚未發現肇事因素,否,120.366540,22.590142
2020,5,20200508,191124,A1,苗栗縣警察局,苗栗縣竹南鎮台一己線2.6公里處附近西向機車道與港墘里2鄰13-1號前產業道路口,晴,夜間(或隧道、地下道、涵洞)有照明,其他,30,交岔路,三岔路,交叉路口,交叉路口內,柏油,乾燥,無缺陷,無障礙物,良好,良好,無號誌,無號誌,無,無分向設施,未繪設車道線,未繪設快慢車道分隔線,無,車與車,其他,駕駛人,倒車未依規定,死亡1;受傷0,2,機車,普通重型,男,18,戴安全帽或繫安全帶(使用幼童安全椅),不明,車的狀態,向前直行中,機車,前車頭,,,駕駛人,未注意車前狀態,否,120.864803,24.670192
2020,5,20200508,191124,A1,苗栗縣警察局,苗栗縣竹南鎮台一己線2.6公里處附近西向機車道與港墘里2鄰13-1號前產業道路口,晴,夜間(或隧道、地下道、涵洞)有照明,其他,30,交岔路,三岔路,交叉路口,交叉路口內,柏油,乾燥,無缺陷,無障礙物,良好,良好,無號誌,無號誌,無,無分向設施,未繪設車道線,未繪設快慢車道分隔線,無,車與車,其他,駕駛人,倒車未依規定,死亡1;受傷0,1,小貨車(含客、貨兩用),自用,女,48,戴安全帽或繫安全帶(使用幼童安全椅),不明,車的狀態,倒車,汽車,右後車尾(身),,,駕駛人,倒車未依規定,否,120.864803,24.670192
2020,5,20200508,191738,A1,苗栗縣警察局,苗栗縣苑裡鎮介壽路與介壽路42巷口,晴,夜間(或隧道、地下道、涵洞)有照明,市區道路,60,交岔路,四岔路,交叉路口,交叉路口內,柏油,乾燥,無缺陷,無障礙物,良好,良好,行車管制號誌,正常,無,無分向設施,未繪設車道線,未繪設快慢車道分隔線,有,車與車,側撞,駕駛人,違反號誌管制或指揮,死亡1;受傷4,6,小客車,自用,男,25,不明,未使用,車的狀態,靜止(引擎熄火),汽車,左後車尾(身),,,無(車輛駕駛人因素),尚未發現肇事因素,否,120.648754,24.444570
2020,5,20200508,191738,A1,苗栗縣警察局,苗栗縣苑裡鎮介壽路與介壽路42巷口,晴,夜間(或隧道、地下道、涵洞)有照明,市區道路,60,交岔路,四岔路,交叉路口,交叉路口內,柏油,乾燥,無缺陷,無障礙物,良好,良好,行車管制號誌,正常,無,無分向設施,未繪設車道線,未繪設快慢車道分隔線,有,車與車,側撞,駕駛人,違反號誌管制或指揮,死亡1;受傷4,5,人,乘客,男,25,戴安全帽或繫安全帶(使用幼童安全椅),未使用,人的狀態,其他,其他,不明,,,無(非車輛駕駛人因素),尚未發現肇事因素,否,120.648754,24.444570
2020,5,20200508,191738,A1,苗栗縣警察局,苗栗縣苑裡鎮介壽路與介壽路42巷口,晴,夜間(或隧道、地下道、涵洞)有照明,市區道路,60,交岔路,四岔路,交叉路口,交叉路口內,柏油,乾燥,無缺陷,無障礙物,良好,良好,行車管制號誌,正常,無,無分向設施,未繪設車道線,未繪設快慢車道分隔線,有,車與車,側撞,駕駛人,違反號誌管制或指揮,死亡1;受傷4,7,人,乘客,男,20,戴安全帽或繫安全帶(使用幼童安全椅),未使用,人的狀態,其他,其他,不明,,,無(非車輛駕駛人因素),尚未發現肇事因素,否,120.648754,24.444570
2020,5,20200508,191738,A1,苗栗縣警察局,苗栗縣苑裡鎮介壽路與介壽路42巷口,晴,夜間(或隧道、地下道、涵洞)有照明,市區道路,60,交岔路,四岔路,交叉路口,交叉路口內,柏油,乾燥,無缺陷,無障礙物,良好,良好,行車管制號誌,正常,無,無分向設施,未繪設車道線,未繪設快慢車道分隔線,有,車與車,側撞,駕駛人,違反號誌管制或指揮,死亡1;受傷4,1,小客車,自用,男,19,戴安全帽或繫安全帶(使用幼童安全椅),未使用,車的狀態,向前直行中,汽車,前車頭,,,駕駛人,違反號誌管制或指揮,否,120.648754,24.444570
2020,5,20200508,191738,A1,苗栗縣警察局,苗栗縣苑裡鎮介壽路與介壽路42巷口,晴,夜間(或隧道、地下道、涵洞)有照明,市區道路,60,交岔路,四岔路,交叉路口,交叉路口內,柏油,乾燥,無缺陷,無障礙物,良好,良好,行車管制號誌,正常,無,無分向設施,未繪設車道線,未繪設快慢車道分隔線,有,車與車,側撞,駕駛人,違反號誌管制或指揮,死亡1;受傷4,3,人,乘客,女,23,戴安全帽或繫安全帶(使用幼童安全椅),未使用,人的狀態,其他,其他,非汽(機)車,,,無(非車輛駕駛人因素),尚未發現肇事因素,否,120.648754,24.444570
2020,5,20200508,191738,A1,苗栗縣警察局,苗栗縣苑裡鎮介壽路與介壽路42巷口,晴,夜間(或隧道、地下道、涵洞)有照明,市區道路,60,交岔路,四岔路,交叉路口,交叉路口內,柏油,乾燥,無缺陷,無障礙物,良好,良好,行車管制號誌,正常,無,無分向設施,未繪設車道線,未繪設快慢車道分隔線,有,車與車,側撞,駕駛人,違反號誌管制或指揮,死亡1;受傷4,4,人,乘客,男,35,戴安全帽或繫安全帶(使用幼童安全椅),未使用,人的狀態,其他,其他,非汽(機)車,,,無(非車輛駕駛人因素),尚未發現肇事因素,否,120.648754,24.444570
2020,5,20200508,191738,A1,苗栗縣警察局,苗栗縣苑裡鎮介壽路與介壽路42巷口,晴,夜間(或隧道、地下道、涵洞)有照明,市區道路,60,交岔路,四岔路,交叉路口,交叉路口內,柏油,乾燥,無缺陷,無障礙物,良好,良好,行車管制號誌,正常,無,無分向設施,未繪設車道線,未繪設快慢車道分隔線,有,車與車,側撞,駕駛人,違反號誌管制或指揮,死亡1;受傷4,2,小客車,自用,女,30,戴安全帽或繫安全帶(使用幼童安全椅),未使用,車的狀態,左轉彎,汽車,左後車尾(身),,,無(車輛駕駛人因素),尚未發現肇事因素,否,120.648754,24.444570
2020,5,20200509,040000,A1,屏東縣政府警察局,屏東縣屏東市復興南路一段410號前0.0公尺附近,晴,夜間(或隧道、地下道、涵洞)有照明,市區道路,50,單路部分,直路,路段,快車道,柏油,乾燥,無缺陷,無障礙物,良好,良好,無號誌,無號誌,中央分向島,寛式(50公分以上),禁止變換車道線(附標記),快慢車道分隔線,有,人與汽(機)車,穿越道路中,行人(或乘客),未依規定行走行人穿越道、地下道、天橋而穿越道路,死亡1;受傷0,2,小客車,自用,男,23,戴安全帽或繫安全帶(使用幼童安全椅),未使用,車的狀態,向前直行中,汽車,左前車頭(身),,,駕駛人,未注意車前狀態,否,120.485641,22.646798
2020,5,20200509,040000,A1,屏東縣政府警察局,屏東縣屏東市復興南路一段410號前0.0公尺附近,晴,夜間(或隧道、地下道、涵洞)有照明,市區道路,50,單路部分,直路,路段,快車道,柏油,乾燥,無缺陷,無障礙物,良好,良好,無號誌,無號誌,中央分向島,寛式(50公分以上),禁止變換車道線(附標記),快慢車道分隔線,有,人與汽(機)車,穿越道路中,行人(或乘客),未依規定行走行人穿越道、地下道、天橋而穿越道路,死亡1;受傷0,1,人,行人,女,22,其他(行人、慢車駕駛人),非汽(機)車駕駛人,人的狀態,步行,其他,非汽(機)車,,,行人(或乘客),未依規定行走行人穿越道、地下道、天橋而穿越道路,否,120.485641,22.646798
2020,5,20200509,054200,A1,桃園市政府警察局,桃園市中壢區中華路1段口 / 桃園市中壢區自強一路口,晴,日間自然光線,其他,50,交岔路,三岔路,交叉路口,交叉路口內,柏油,乾燥,無缺陷,無障礙物,良好,良好,行車管制號誌(附設行人專用號誌),正常,無,無分向設施,未繪設車道線,未繪設快慢車道分隔線,無,車與車,側撞,駕駛人,違反號誌管制或指揮,死亡1;受傷1,1,機車,普通重型,男,36,戴安全帽或繫安全帶(使用幼童安全椅),未使用,車的狀態,向前直行中,機車,前車頭,,,駕駛人,違反號誌管制或指揮,否,121.244385,24.967026
2020,5,20200509,054200,A1,桃園市政府警察局,桃園市中壢區中華路1段口 / 桃園市中壢區自強一路口,晴,日間自然光線,其他,50,交岔路,三岔路,交叉路口,交叉路口內,柏油,乾燥,無缺陷,無障礙物,良好,良好,行車管制號誌(附設行人專用號誌),正常,無,無分向設施,未繪設車道線,未繪設快慢車道分隔線,無,車與車,側撞,駕駛人,違反號誌管制或指揮,死亡1;受傷1,2,機車,普通重型,男,68,戴安全帽或繫安全帶(使用幼童安全椅),未使用,車的狀態,左轉彎,機車,左側車身,,,無(車輛駕駛人因素),尚未發現肇事因素,否,121.244385,24.967026
2020,5,20200509,055000,A1,屏東縣政府警察局,屏東縣東港鎮船頭里產業道路段,晴,日間自然光線,村里道路,30,單路部分,直路,路段,一般車道(未劃分快慢車道),柏油,乾燥,無缺陷,無障礙物,良好,良好,無號誌,無號誌,無,無分向設施,未繪設車道線,未繪設快慢車道分隔線,有,汽(機)車本身,其他,駕駛人,未注意車前狀態,死亡1;受傷0,2,,,無或物(動物、堆置物),-1,,,,,,,,,無(非車輛駕駛人因素),尚未發現肇事因素,否,120.471268,22.464436