發生年度,發生月份,發生日期,發生時間,事故類別名稱,處理單位名稱警局層,發生地點,天候名稱,光線名稱,道路類別-第1當事者-名稱,速限-第1當事者,道路型態大類別名稱,道路型態子類別名稱,事故位置大類別名稱,事故位置子類別名稱,路面狀況-路面鋪裝名稱,路面狀況-路面狀態名稱,路面狀況-路面缺陷名稱,道路障礙-障礙物名稱,道路障礙-視距品質名稱,道路障礙-視距名稱,號誌-號誌種類名稱,號誌-號誌動作名稱,車道劃分設施-分向設施大類別名稱,車道劃分設施-分向設施子類別名稱,車道劃分設施-分道設施-快車道或一般車道間名稱,車道劃分設施-分道設施-快慢車道間名稱,車道劃分設施-分道設施-路面邊線名稱,事故類型及型態大類別名稱,事故類型及型態子類別名稱,肇因研判大類別名稱-主要,肇因研判子類別名稱-主要,死亡受傷人數,當事者順位,當事者區分-類別-大類別名稱-車種,當事者區分-類別-子類別名稱-車種,當事者屬-性-別名稱,當事者事故發生時年齡,保護裝備名稱,行動電話或電腦或其他相類功能裝置名稱,當事者行動狀態大類別名稱,當事者行動狀態子類別名稱,車輛撞擊部位大類別名稱-最初,車輛撞擊部位子類別名稱-最初,車輛撞擊部位大類別名稱-其他,車輛撞擊部位子類別名稱-其他,肇因研判大類別名稱-個別,肇因研判子類別名稱-個別,肇事逃逸類別名稱-是否肇逃,經度,緯度
2020,6,20200613,120827,A1,南投縣政府警察局,南投縣草屯鎮中山里成功路口 / 南投縣草屯鎮碧山南路,晴,日間自然光線,省道,50,交岔路,四岔路,交叉路口,交叉路口內,柏油,乾燥,無缺陷,無障礙物,良好,良好,行車管制號誌,正常,中央分向島,寛式(50公分以上),未繪設車道線,未繪設快慢車道分隔線,有,車與車,側撞,駕駛人,違反特定標誌(線)禁制,死亡1;受傷0,2,小客車,自用,男,43,戴安全帽或繫安全帶(使用幼童安全椅),未使用,車的狀態,向前直行中,汽車,左前車頭(身),,,駕駛人,未注意車前狀態,否,120.680319,23.978096
2020,6,20200613,152000,A1,新竹縣政府警察局,新竹縣關西鎮竹118線32.2K東向西車道,陰,日間自然光線,縣道,50,單路部分,彎曲路及附近,路段,一般車道(未劃分快慢車道),柏油,乾燥,無缺陷,無障礙物,良好,良好,無號誌,無號誌,雙向禁止超車線,附標記,未繪設車道線,未繪設快慢車道分隔線,有,車與車,對向擦撞,其他,其他引起事故之違規或不當行為,死亡1;受傷1,3,小客車,自用,男,33,戴安全帽或繫安全帶(使用幼童安全椅),不明,車的狀態,向前直行中,汽車,車底,,,無(車輛駕駛人因素),尚未發現肇事因素,否,121.203441,24.778366
2020,6,20200613,152000,A1,新竹縣政府警察局,新竹縣關西鎮竹118線32.2K東向西車道,陰,日間自然光線,縣道,50,單路部分,彎曲路及附近,路段,一般車道(未劃分快慢車道),柏油,乾燥,無缺陷,無障礙物,良好,良好,無號誌,無號誌,雙向禁止超車線,附標記,未繪設車道線,未繪設快慢車道分隔線,有,車與車,對向擦撞,其他,其他引起事故之違規或不當行為,死亡1;受傷1,2,小客車,自用,男,32,戴安全帽或繫安全帶(使用幼童安全椅),不明,車的狀態,向前直行中,汽車,左側車身,,,無(車輛駕駛人因素),尚未發現肇事因素,否,121.203441,24.778366
2020,6,20200613,152000,A1,新竹縣政府警察局,新竹縣關西鎮竹118線32.2K東向西車道,陰,日間自然光線,縣道,50,單路部分,彎曲路及附近,路段,一般車道(未劃分快慢車道),柏油,乾燥,無缺陷,無障礙物,良好,良好,無號誌,無號誌,雙向禁止超車線,附標記,未繪設車道線,未繪設快慢車道分隔線,有,車與車,對向擦撞,其他,其他引起事故之違規或不當行為,死亡1;受傷1,1,機車,大型重型1(550C.C.以上),男,34,戴安全帽或繫安全帶(使用幼童安全椅),不明,車的狀態,向前直行中,機車,前車頭,,,其他,其他引起事故之違規或不當行為,否,121.203441,24.778366
2020,6,20200613,211900,A1,高雄市政府警察局,高雄市鳳山區自強一路 / 高雄市鳳山區南光街,晴,夜間(或隧道、地下道、涵洞)有照明,市區道路,50,交岔路,四岔路,交叉路口,交叉路口內,柏油,乾燥,無缺陷,無障礙物,良好,良好,行車管制號誌,正常,無,無分向設施,未繪設車道線,未繪設快慢車道分隔線,無,車與車,同向擦撞,駕駛人,違規超車,死亡1;受傷1,1,大貨車,自用,男,39,戴安全帽或繫安全帶(使用幼童安全椅),未使用,車的狀態,超車(含超越),汽車,右後車尾(身),汽車,右後車尾(身),駕駛人,違規超車,否,120.328400,22.592150
2020,6,20200613,211900,A1,高雄市政府警察局,高雄市鳳山區自強一路 / 高雄市鳳山區南光街,晴,夜間(或隧道、地下道、涵洞)有照明,市區道路,50,交岔路,四岔路,交叉路口,交叉路口內,柏油,乾燥,無缺陷,無障礙物,良好,良好,行車管制號誌,正常,無,無分向設施,未繪設車道線,未繪設快慢車道分隔線,無,車與車,同向擦撞,駕駛人,違規超車,死亡1;受傷1,2,機車,普通輕型,女,60,戴安全帽或繫安全帶(使用幼童安全椅),未使用,車的狀態,向前直行中,機車,後車尾,機車,後車尾,無(車輛駕駛人因素),尚未發現肇事因素,否,120.328400,22.592150
2020,6,20200613,211900,A1,高雄市政府警察局,高雄市鳳山區自強一路 / 高雄市鳳山區南光街,晴,夜間(或隧道、地下道、涵洞)有照明,市區道路,50,交岔路,四岔路,交叉路口,交叉路口內,柏油,乾燥,無缺陷,無障礙物,良好,良好,行車管制號誌,正常,無,無分向設施,未繪設車道線,未繪設快慢車道分隔線,無,車與車,同向擦撞,駕駛人,違規超車,死亡1;受傷1,3,人,乘客,女,8,戴安全帽或繫安全帶(使用幼童安全椅),非汽(機)車駕駛人,人的狀態,靜立(止),其他,非汽(機)車,其他,非汽(機)車,無(非車輛駕駛人因素),尚未發現肇事因素,否,120.328400,22.592150
2020,6,20200613,220522,A1,桃園市政府警察局,桃園市大溪區台7線 23公里附近,晴,夜間(或隧道、地下道、涵洞)無照明,省道,40,單路部分,彎曲路及附近,路段,一般車道(未劃分快慢車道),柏油,乾燥,無缺陷,無障礙物,良好,良好,無號誌,無號誌,無,無分向設施,未繪設車道線,未繪設快慢車道分隔線,有,汽(機)車本身,撞護欄(樁),駕駛人,未依規定減速,死亡1;受傷0,2,,,無或物(動物、堆置物),-1,,,,,,,,,無(非車輛駕駛人因素),尚未發現肇事因素,否,121.364296,24.789689
2020,6,20200613,220522,A1,桃園市政府警察局,桃園市大溪區台7線 23公里附近,晴,夜間(或隧道、地下道、涵洞)無照明,省道,40,單路部分,彎曲路及附近,路段,一般車道(未劃分快慢車道),柏油,乾燥,無缺陷,無障礙物,良好,良好,無號誌,無號誌,無,無分向設施,未繪設車道線,未繪設快慢車道分隔線,有,汽(機)車本身,撞護欄(樁),駕駛人,未依規定減速,死亡1;受傷0,1,機車,普通重型,男,14,未戴案全帽或未繫安全帶(未使用幼童安全椅),未使用,車的狀態,向前直行中,機車,前車頭,機車,前車頭,駕駛人,未依規定減速,否,121.364296,24.789689
2020,6,20200614,054000,A1,新北市政府警察局,新北市五股區新北市五股區疏洪一路804584燈桿永安橋下往三重,晴,晨或暮光,專用道路,40,單路部分,彎曲路及附近,路段,機車專用道,柏油,乾燥,無缺陷,無障礙物,良好,良好,無號誌,無號誌,無,無分向設施,禁止變換車道線(無標記),未繪設快慢車道分隔線,無,汽(機)車本身,撞護欄(樁),其他,不明原因肇事,死亡1;受傷0,2,,,無或物(動物、堆置物),0,,,,,,,,,無(非車輛駕駛人因素),尚未發現肇事因素,否,121.458371,25.075385
2020,6,20200614,054000,A1,新北市政府警察局,新北市五股區新北市五股區疏洪一路804584燈桿永安橋下往三重,晴,晨或暮光,專用道路,40,單路部分,彎曲路及附近,路段,機車專用道,柏油,乾燥,無缺陷,無障礙物,良好,良好,無號誌,無號誌,無,無分向設施,禁止變換車道線(無標記),未繪設快慢車道分隔線,無,汽(機)車本身,撞護欄(樁),其他,不明原因肇事,死亡1;受傷0,1,機車,普通重型,男,33,不明,不明,車的狀態,向前直行中,機車,右側車身,機車,右側車身,其他,不明原因肇事,否,121.458371,25.075385
2020,6,20200614,054200,A1,屏東縣政府警察局,屏東縣屏東市大連路14-3號前0.0公尺附近,晴,日間自然光線,市區道路,50,單路部分,直路,路段,路肩、路緣,柏油,乾燥,無缺陷,無障礙物,良好,良好,無號誌,無號誌,雙向禁止超車線,附標記,未繪設車道線,快慢車道分隔線,有,人與汽(機)車,其他,駕駛人,未注意車前狀態,死亡1;受傷1,7,,,無或物(動物、堆置物),-1,,,,,,,,,無(非車輛駕駛人因素),尚未發現肇事因素,否,120.509358,22.684392
2020,6,20200614,054200,A1,屏東縣政府警察局,屏東縣屏東市大連路14-3號前0.0公尺附近,晴,日間自然光線,市區道路,50,單路部分,直路,路段,路肩、路緣,柏油,乾燥,無缺陷,無障礙物,良好,良好,無號誌,無號誌,雙向禁止超車線,附標記,未繪設車道線,快慢車道分隔線,有,人與汽(機)車,其他,駕駛人,未注意車前狀態,死亡1;受傷1,8,,,無或物(動物、堆置物),-1,,,,,,,,,無(非車輛駕駛人因素),尚未發現肇事因素,否,120.509358,22.684392
2020,6,20200614,054200,A1,屏東縣政府警察局,屏東縣屏東市大連路14-3號前0.0公尺附近,晴,日間自然光線,市區道路,50,單路部分,直路,路段,路肩、路緣,柏油,乾燥,無缺陷,無障礙物,良好,良好,無號誌,無號誌,雙向禁止超車線,附標記,未繪設車道線,快慢車道分隔線,有,人與汽(機)車,其他,駕駛人,未注意車前狀態,死亡1;受傷1,3,機車,普通重型,男,60,不明,不明,車的狀態,靜止(引擎熄火),機車,後車尾,,,無(車輛駕駛人因素),尚未發現肇事因素,否,120.509358,22.684392
2020,6,20200614,054200,A1,屏東縣政府警察局,屏東縣屏東市大連路14-3號前0.0公尺附近,晴,日間自然光線,市區道路,50,單路部分,直路,路段,路肩、路緣,柏油,乾燥,無缺陷,無障礙物,良好,良好,無號誌,無號誌,雙向禁止超車線,附標記,未繪設車道線,快慢車道分隔線,有,人與汽(機)車,其他,駕駛人,未注意車前狀態,死亡1;受傷1,4,小客車,自用,男,40,不明,未使用,車的狀態,靜止(引擎熄火),汽車,前車頭,,,無(車輛駕駛人因素),尚未發現肇事因素,否,120.509358,22.684392
2020,6,20200614,054200,A1,屏東縣政府警察局,屏東縣屏東市大連路14-3號前0.0公尺附近,晴,日間自然光線,市區道路,50,單路部分,直路,路段,路肩、路緣,柏油,乾燥,無缺陷,無障礙物,良好,良好,無號誌,無號誌,雙向禁止超車線,附標記,未繪設車道線,快慢車道分隔線,有,人與汽(機)車,其他,駕駛人,未注意車前狀態,死亡1;受傷1,1,小客車,自用,女,27,未戴案全帽或未繫安全帶(未使用幼童安全椅),未使用,車的狀態,向前直行中,汽車,前車頭,,,駕駛人,未注意車前狀態,是,120.509358,22.684392
2020,6,20200614,054200,A1,屏東縣政府警察局,屏東縣屏東市大連路14-3號前0.0公尺附近,晴,日間自然光線,市區道路,50,單路部分,直路,路段,路肩、路緣,柏油,乾燥,無缺陷,無障礙物,良好,良好,無號誌,無號誌,雙向禁止超車線,附標記,未繪設車道線,快慢車道分隔線,有,人與汽(機)車,其他,駕駛人,未注意車前狀態,死亡1;受傷1,2,人,行人,男,60,其他(行人、慢車駕駛人),非汽(機)車駕駛人,人的狀態,步行,其他,非汽(機)車,,,無(非車輛駕駛人因素),尚未發現肇事因素,否,120.509358,22.684392
2020,6,20200614,054200,A1,屏東縣政府警察局,屏東縣屏東市大連路14-3號前0.0公尺附近,晴,日間自然光線,市區道路,50,單路部分,直路,路段,路肩、路緣,柏油,乾燥,無缺陷,無障礙物,良好,良好,無號誌,無號誌,雙向禁止超車線,附標記,未繪設車道線,快慢車道分隔線,有,人與汽(機)車,其他,駕駛人,未注意車前狀態,死亡1;受傷1,5,小貨車(含客、貨兩用),自用,男,52,不明,未使用,車的狀態,靜止(引擎熄火),汽車,左後車尾(身),,,無(車輛駕駛人因素),尚未發現肇事因素,否,120.509358,22.684392
2020,6,20200614,054200,A1,屏東縣政府警察局,屏東縣屏東市大連路14-3號前0.0公尺附近,晴,日間自然光線,市區道路,50,單路部分,直路,路段,路肩、路緣,柏油,乾燥,無缺陷,無障礙物,良好,良好,無號誌,無號誌,雙向禁止超車線,附標記,未繪設車道線,快慢車道分隔線,有,人與汽(機)車,其他,駕駛人,未注意車前狀態,死亡1;受傷1,6,人,乘客,男,25,未戴案全帽或未繫安全帶(未使用幼童安全椅),非汽(機)車駕駛人,人的狀態,其他,其他,非汽(機)車,,,無(非車輛駕駛人因素),尚未發現肇事因素,否,120.509358,22.684392
2020,6,20200614,143700,A1,新竹市警察局,新竹市東區中華路二段與東大路一段,晴,日間自然光線,市區道路,50,交岔路,四岔路,交叉路口,交叉路口內,柏油,乾燥,無缺陷,無障礙物,良好,良好,行車管制號誌,正常,中央分向島,寛式(50公分以上),禁止變換車道線(無標記),未繪設快慢車道分隔線,無,車與車,同向擦撞,駕駛人,變換車道或方向不當,死亡1;受傷0,1,機車,普通重型,女,19,不明,不明,車的狀態,向左變換車道,機車,前車頭,,,駕駛人,變換車道或方向不當,否,120.975314,24.804342
2020,6,20200614,143700,A1,新竹市警察局,新竹市東區中華路二段與東大路一段,晴,日間自然光線,市區道路,50,交岔路,四岔路,交叉路口,交叉路口內,柏油,乾燥,無缺陷,無障礙物,良好,良好,行車管制號誌,正常,中央分向島,寛式(50公分以上),禁止變換車道線(無標記),未繪設快慢車道分隔線,無,車與車,同向擦撞,駕駛人,變換車道或方向不當,死亡1;受傷0,3,大客車,自用大客車,男,38,不明,不明,車的狀態,向前直行中,汽車,左側車身,,,無(車輛駕駛人因素),尚未發現肇事因素,否,120.975314,24.804342
2020,6,20200614,143700,A1,新竹市警察局,新竹市東區中華路二段與東大路一段,晴,日間自然光線,市區道路,50,交岔路,四岔路,交叉路口,交叉路口內,柏油,乾燥,無缺陷,無障礙物,良好,良好,行車管制號誌,正常,中央分向島,寛式(50公分以上),禁止變換車道線(無標記),未繪設快慢車道分隔線,無,車與車,同向擦撞,駕駛人,變換車道或方向不當,死亡1;受傷0,2,小客車,自用,男,50,不明,不明,車的狀態,等待(引擎未熄火),汽車,右後車尾(身),,,無(車輛駕駛人因素),尚未發現肇事因素,否,120.975314,24.804342
2020,6,20200614,155502,A1,國道公路警察局,新竹縣寶山鄉國道3號 98公里300.0公尺處南側向外側,雨,日間自然光線,國道,110,單路部分,直路,其他,其他,柏油,濕潤,無缺陷,無障礙物,不良,其他,無號誌,無號誌,中央分向島,寛式(50公分以上),車道線(附標記),未繪設快慢車道分隔線,有,汽(機)車本身,撞護欄(樁),其他,其他引起事故之違規或不當行為,死亡1;受傷1,2,,,無或物(動物、堆置物),-1,,,,,,,,,無(非車輛駕駛人因素),尚未發現肇事因素,否,121.011378,24.755970
2020,6,20200614,155502,A1,國道公路警察局,新竹縣寶山鄉國道3號 98公里300.0公尺處南側向外側,雨,日間自然光線,國道,110,單路部分,直路,其他,其他,柏油,濕潤,無缺陷,無障礙物,不良,其他,無號誌,無號誌,中央分向島,寛式(50公分以上),車道線(附標記),未繪設快慢車道分隔線,有,汽(機)車本身,撞護欄(樁),其他,其他引起事故之違規或不當行為,死亡1;受傷1,3,大客車,民營客運,男,44,戴安全帽或繫安全帶(使用幼童安全椅),未使用,車的狀態,向前直行中,汽車,前車頭,,,無(車輛駕駛人因素),尚未發現肇事因素,否,121.011378,24.755970
2020,6,20200614,155502,A1,國道公路警察局,新竹縣寶山鄉國道3號 98公里300.0公尺處南側向外側,雨,日間自然光線,國道,110,單路部分,直路,其他,其他,柏油,濕潤,無缺陷,無障礙物,不良,其他,無號誌,無號誌,中央分向島,寛式(50公分以上),車道線(附標記),未繪設快慢車道分隔線,有,汽(機)車本身,撞護欄(樁),其他,其他引起事故之違規或不當行為,死亡1;受傷1,4,人,乘客,女,34,戴安全帽或繫安全帶(使用幼童安全椅),非汽(機)車駕駛人,人的狀態,其他,其他,非汽(機)車,,,無(非車輛駕駛人因素),尚未發現肇事因素,否,121.011378,24.755970
2020,6,20200614,155502,A1,國道公路警察局,新竹縣寶山鄉國道3號 98公里300.0公尺處南側向外側,雨,日間自然光線,國道,110,單路部分,直路,其他,其他,柏油,濕潤,無缺陷,無障礙物,不良,其他,無號誌,無號誌,中央分向島,寛式(50公分以上),車道線(附標記),未繪設快慢車道分隔線,有,汽(機)車本身,撞護欄(樁),其他,其他引起事故之違規或不當行為,死亡1;受傷1,1,小客車,自用,男,43,戴安全帽或繫安全帶(使用幼童安全椅),未使用,車的狀態,迴轉或橫越道路中,汽車,左前車頭(身),汽車,右側車身,其他,其他引起事故之違規或不當行為,否,121.011378,24.755970
2020,6,20200614,203625,A1,新竹縣政府警察局,新竹縣竹東鎮北興路2段17號,晴,夜間(或隧道、地下道、涵洞)有照明,市區道路,50,單路部分,直路,路段,一般車道(未劃分快慢車道),柏油,乾燥,無缺陷,無障礙物,良好,良好,無號誌,無號誌,雙向禁止超車線,無標記,車道線(無標記),未繪設快慢車道分隔線,有,人與汽(機)車,穿越道路中,行人(或乘客),未依規定行走行人穿越道、地下道、天橋而穿越道路,死亡1;受傷1,2,機車,普通重型,男,22,戴安全帽或繫安全帶(使用幼童安全椅),未使用,車的狀態,向前直行中,機車,前車頭,,,駕駛人,未注意車前狀態,否,121.093723,24.738277
2020,6,20200614,203625,A1,新竹縣政府警察局,新竹縣竹東鎮北興路2段17號,晴,夜間(或隧道、地下道、涵洞)有照明,市區道路,50,單路部分,直路,路段,一般車道(未劃分快慢車道),柏油,乾燥,無缺陷,無障礙物,良好,良好,無號誌,無號誌,雙向禁止超車線,無標記,車道線(無標記),未繪設快慢車道分隔線,有,人與汽(機)車,穿越道路中,行人(或乘客),未依規定行走行人穿越道、地下道、天橋而穿越道路,死亡1;受傷1,1,人,行人,男,51,其他(無需使用保護裝備之人),非駕駛人,人的狀態,步行,其他,非汽(機)車,,,行人(或乘客),未依規定行走行人穿越道、地下道、天橋而穿越道路,否,121.093723,24.738277
2020,6,20200614,215400,A1,桃園市政府警察局,桃園市楊梅區員本里民有路1段582號前0.0公尺,晴,夜間(或隧道、地下道、涵洞)有照明,村里道路,50,單路部分,彎曲路及附近,路段,路肩、路緣,柏油,乾燥,無缺陷,無障礙物,良好,良好,無號誌,無號誌,雙向禁止超車線,無標記,未繪設車道線,未繪設快慢車道分隔線,有,汽(機)車本身,撞護欄(樁),駕駛人,未依規定減速,死亡1;受傷0,2,,,無或物(動物、堆置物),-1,,,,,,,,,無(非車輛駕駛人因素),尚未發現肇事因素,否,121.110017,24.941699
2020,6,20200614,215400,A1,桃園市政府警察局,桃園市楊梅區員本里民有路1段582號前0.0公尺,晴,夜間(或隧道、地下道、涵洞)有照明,村里道路,50,單路部分,彎曲路及附近,路段,路肩、路緣,柏油,乾燥,無缺陷,無障礙物,良好,良好,無號誌,無號誌,雙向禁止超車線,無標記,未繪設車道線,未繪設快慢車道分隔線,有,汽(機)車本身,撞護欄(樁),駕駛人,未依規定減速,死亡1;受傷0,1,小貨車(含客、貨兩用),自用,男,66,戴安全帽或繫安全帶(使用幼童安全椅),未使用,車的狀態,向前直行中,汽車,前車頭,汽車,前車頭,駕駛人,未依規定減速,否,121.110017,24.941699
2020,6,20200615,001500,A1,高雄市政府警察局,高雄市小港區沿海三路近號前0.0公尺,晴,夜間(或隧道、地下道、涵洞)有照明,市區道路,60,單路部分,直路,路段,快車道,柏油,乾燥,無缺陷,無障礙物,良好,良好,行車管制號誌,正常,中央分向島,寛式(50公分以上),車道線(無標記),窄式快慢車道分隔島(無柵欄),無,車與車,追撞,駕駛人,未注意車前狀態,死亡1;受傷0,1,小客車,自用,男,48,戴安全帽或繫安全帶(使用幼童安全椅),未使用,車的狀態,向前直行中,汽車,前車頭,汽車,前車頭,駕駛人,未注意車前狀態,否,120.373360,22.536138
2020,6,20200615,001500,A1,高雄市政府警察局,高雄市小港區沿海三路近號前0.0公尺,晴,夜間(或隧道、地下道、涵洞)有照明,市區道路,60,單路部分,直路,路段,快車道,柏油,乾燥,無缺陷,無障礙物,良好,良好,行車管制號誌,正常,中央分向島,寛式(50公分以上),車道線(無標記),窄式快慢車道分隔島(無柵欄),無,車與車,追撞,駕駛人,未注意車前狀態,死亡1;受傷0,2,半聯結車,營業用,男,49,戴安全帽或繫安全帶(使用幼童安全椅),未使用,車的狀態,等待(引擎未熄火),汽車,後車尾,汽車,後車尾,無(車輛駕駛人因素),尚未發現肇事因素,否,120.373360,22.536138
2020,6,20200615,072613,A1,苗栗縣警察局,苗栗縣竹南鎮大埔里科學路口 / 苗栗縣竹南鎮大埔里科中路口,晴,日間自然光線,村里道路,40,交岔路,四岔路,交叉路口,交叉路口內,柏油,乾燥,無缺陷,無障礙物,良好,良好,行車管制號誌(附設行人專用號誌),正常,無,無分向設施,未繪設車道線,未繪設快慢車道分隔線,無,車與車,對向擦撞,駕駛人,違反號誌管制或指揮,死亡1;受傷3,1,小客車,自用,男,55,不明,不明,車的狀態,左轉彎,汽車,前車頭,,,駕駛人,違反號誌管制或指揮,否,120.914502,24.713728
2020,6,20200615,072613,A1,苗栗縣警察局,苗栗縣竹南鎮大埔里科學路口 / 苗栗縣竹南鎮大埔里科中路口,晴,日間自然光線,村里道路,40,交岔路,四岔路,交叉路口,交叉路口內,柏油,乾燥,無缺陷,無障礙物,良好,良好,行車管制號誌(附設行人專用號誌),正常,無,無分向設施,未繪設車道線,未繪設快慢車道分隔線,無,車與車,對向擦撞,駕駛人,違反號誌管制或指揮,死亡1;受傷3,2,機車,普通重型,男,20,戴安全帽或繫安全帶(使用幼童安全椅),不明,車的狀態,向前直行中,機車,左側車身,,,駕駛人,違反號誌管制或指揮,否,120.914502,24.713728
2020,6,20200615,072613,A1,苗栗縣警察局,苗栗縣竹南鎮大埔里科學路口 / 苗栗縣竹南鎮大埔里科中路口,晴,日間自然光線,村里道路,40,交岔路,四岔路,交叉路口,交叉路口內,柏油,乾燥,無缺陷,無障礙物,良好,良好,行車管制號誌(附設行人專用號誌),正常,無,無分向設施,未繪設車道線,未繪設快慢車道分隔線,無,車與車,對向擦撞,駕駛人,違反號誌管制或指揮,死亡1;受傷3,3,機車,普通重型,女,39,戴安全帽或繫安全帶(使用幼童安全椅),不明,車的狀態,等待(引擎未熄火),機車,前車頭,,,無(車輛駕駛人因素),尚未發現肇事因素,否,120.914502,24.713728
2020,6,20200615,072613,A1,苗栗縣警察局,苗栗縣竹南鎮大埔里科學路口 / 苗栗縣竹南鎮大埔里科中路口,晴,日間自然光線,村里道路,40,交岔路,四岔路,交叉路口,交叉路口內,柏油,乾燥,無缺陷,無障礙物,良好,良好,行車管制號誌(附設行人專用號誌),正常,無,無分向設施,未繪設車道線,未繪設快慢車道分隔線,無,車與車,對向擦撞,駕駛人,違反號誌管制或指揮,死亡1;受傷3,4,機車,普通重型,女,35,戴安全帽或繫安全帶(使用幼童安全椅),不明,車的狀態,等待(引擎未熄火),機車,前車頭,,,無(車輛駕駛人因素),尚未發現肇事因素,否,120.914502,24.713728
2020,6,20200615,131551,A1,新竹縣政府警察局,新竹縣湖口鄉台一線山崎陸橋(南下車道),晴,日間自然光線,省道,60,單路部分,彎曲路及附近,路段,路肩、路緣,柏油,乾燥,無缺陷,無障礙物,良好,良好,無號誌,無號誌,中央分向島,寛式(50公分以上),車道線(無標記),快慢車道分隔線,有,汽(機)車本身,撞護欄(樁),其他,不明原因肇事,死亡1;受傷0,2,,,無或物(動物、堆置物),-1,,,,,,,,,無(非車輛駕駛人因素),尚未發現肇事因素,否,121.043605,24.877975
2020,6,20200615,131551,A1,新竹縣政府警察局,新竹縣湖口鄉台一線山崎陸橋(南下車道),晴,日間自然光線,省道,60,單路部分,彎曲路及附近,路段,路肩、路緣,柏油,乾燥,無缺陷,無障礙物,良好,良好,無號誌,無號誌,中央分向島,寛式(50公分以上),車道線(無標記),快慢車道分隔線,有,汽(機)車本身,撞護欄(樁),其他,不明原因肇事,死亡1;受傷0,1,小客車,自用,男,48,不明,不明,車的狀態,向前直行中,汽車,前車頭,汽車,前車頭,其他,不明原因肇事,否,121.043605,24.877975
2020,6,20200615,175000,A1,嘉義縣警察局,嘉義縣六腳鄉蘇厝村蘇厝寮38之2號旁產業道路,晴,日間自然光線,村里道路,30,單路部分,直路,路段,一般車道(未劃分快慢車道),柏油,乾燥,無缺陷,無障礙物,良好,良好,無號誌,無號誌,無,無分向設施,未繪設車道線,未繪設快慢車道分隔線,無,汽(機)車本身,撞橋樑、建築物,駕駛人,未注意車前狀態,死亡1;受傷0,2,,,無或物(動物、堆置物),-1,,,,,,,,,無(非車輛駕駛人因素),尚未發現肇事因素,否,120.298518,23.557940
2020,6,20200615,175000,A1,嘉義縣警察局,嘉義縣六腳鄉蘇厝村蘇厝寮38之2號旁產業道路,晴,日間自然光線,村里道路,30,單路部分,直路,路段,一般車道(未劃分快慢車道),柏油,乾燥,無缺陷,無障礙物,良好,良好,無號誌,無號誌,無,無分向設施,未繪設車道線,未繪設快慢車道分隔線,無,汽(機)車本身,撞橋樑、建築物,駕駛人,未注意車前狀態,死亡1;受傷0,1,機車,普通重型,男,59,未戴案全帽或未繫安全帶(未使用幼童安全椅),未使用,車的狀態,向前直行中,機車,前車頭,,,駕駛人,未注意車前狀態,否,120.298518,23.557940
2020,6,20200615,181000,A1,彰化縣警察局,彰化縣二林鎮西斗里新湖巷前0.0公尺,晴,日間自然光線,村里道路,30,交岔路,四岔路,交叉路口,交叉路口內,柏油,乾燥,無缺陷,無障礙物,不良,建築物,無號誌,無號誌,無,無分向設施,未繪設車道線,未繪設快慢車道分隔線,有,車與車,路口交岔撞,駕駛人,未依規定讓車,死亡1;受傷1,2,小客車,自用,男,65,不明,不明,車的狀態,向前直行中,汽車,左前車頭(身),,,駕駛人,未依規定減速,否,120.407400,23.900150
2020,6,20200615,181000,A1,彰化縣警察局,彰化縣二林鎮西斗里新湖巷前0.0公尺,晴,日間自然光線,村里道路,30,交岔路,四岔路,交叉路口,交叉路口內,柏油,乾燥,無缺陷,無障礙物,不良,建築物,無號誌,無號誌,無,無分向設施,未繪設車道線,未繪設快慢車道分隔線,有,車與車,路口交岔撞,駕駛人,未依規定讓車,死亡1;受傷1,1,機車,普通重型,女,45,戴安全帽或繫安全帶(使用幼童安全椅),未使用,車的狀態,向前直行中,機車,右側車身,,,駕駛人,未依規定讓車,否,120.407400,23.900150
2020,6,20200615,181000,A1,彰化縣警察局,彰化縣二林鎮西斗里新湖巷前0.0公尺,晴,日間自然光線,村里道路,30,交岔路,四岔路,交叉路口,交叉路口內,柏油,乾燥,無缺陷,無障礙物,不良,建築物,無號誌,無號誌,無,無分向設施,未繪設車道線,未繪設快慢車道分隔線,有,車與車,路口交岔撞,駕駛人,未依規定讓車,死亡1;受傷1,3,人,乘客,女,18,戴安全帽或繫安全帶(使用幼童安全椅),非汽(機)車駕駛人,人的狀態,其他,其他,非汽(機)車,,,無(非車輛駕駛人因素),尚未發現肇事因素,否,120.407400,23.900150
2020,6,20200615,201200,A1,臺中市政府警察局,臺中市西屯區西平里福星路 / 臺中市西屯區西平里福星北路,晴,夜間(或隧道、地下道、涵洞)有照明,市區道路,50,交岔路,三岔路,交叉路口,交叉路口內,柏油,乾燥,無缺陷,道路工事(程)中,良好,良好,行車管制號誌(附設行人專用號誌),正常,無,無分向設施,未繪設車道線,未繪設快慢車道分隔線,有,車與車,其他,駕駛人,未依規定讓車,死亡1;受傷0,1,小客車,自用,男,31,戴安全帽或繫安全帶(使用幼童安全椅),未使用,車的狀態,左轉彎,汽車,右側車身,,,駕駛人,未依規定讓車,否,120.644821,24.182356