發生年度,發生月份,發生日期,發生時間,事故類別名稱,處理單位名稱警局層,發生地點,天候名稱,光線名稱,道路類別-第1當事者-名稱,速限-第1當事者,道路型態大類別名稱,道路型態子類別名稱,事故位置大類別名稱,事故位置子類別名稱,路面狀況-路面鋪裝名稱,路面狀況-路面狀態名稱,路面狀況-路面缺陷名稱,道路障礙-障礙物名稱,道路障礙-視距品質名稱,道路障礙-視距名稱,號誌-號誌種類名稱,號誌-號誌動作名稱,車道劃分設施-分向設施大類別名稱,車道劃分設施-分向設施子類別名稱,車道劃分設施-分道設施-快車道或一般車道間名稱,車道劃分設施-分道設施-快慢車道間名稱,車道劃分設施-分道設施-路面邊線名稱,事故類型及型態大類別名稱,事故類型及型態子類別名稱,肇因研判大類別名稱-主要,肇因研判子類別名稱-主要,死亡受傷人數,當事者順位,當事者區分-類別-大類別名稱-車種,當事者區分-類別-子類別名稱-車種,當事者屬-性-別名稱,當事者事故發生時年齡,保護裝備名稱,行動電話或電腦或其他相類功能裝置名稱,當事者行動狀態大類別名稱,當事者行動狀態子類別名稱,車輛撞擊部位大類別名稱-最初,車輛撞擊部位子類別名稱-最初,車輛撞擊部位大類別名稱-其他,車輛撞擊部位子類別名稱-其他,肇因研判大類別名稱-個別,肇因研判子類別名稱-個別,肇事逃逸類別名稱-是否肇逃,經度,緯度
2020,6,20200626,101606,A1,苗栗縣警察局,苗栗縣獅潭鄉百壽產業道路,晴,日間自然光線,村里道路,15,單路部分,橋樑,其他,其他,柏油,油滑,無缺陷,無障礙物,良好,良好,無號誌,無號誌,無,無分向設施,未繪設車道線,未繪設快慢車道分隔線,無,汽(機)車本身,撞護欄(樁),駕駛人,酒醉(後)駕駛失控,死亡1;受傷0,1,機車,普通重型,男,37,不明,未使用,車的狀態,向前直行中,機車,前車頭,機車,左側車身,駕駛人,酒醉(後)駕駛失控,否,120.948948,24.578914
2020,6,20200626,104300,A1,雲林縣警察局,雲林縣莿桐鄉麻園村雲54鄉道與產業道路,晴,日間自然光線,鄉道,30,交岔路,四岔路,交叉路口,交叉路口內,柏油,乾燥,無缺陷,無障礙物,良好,良好,無號誌,無號誌,雙向禁止超車線,無標記,未繪設車道線,未繪設快慢車道分隔線,有,車與車,路口交岔撞,駕駛人,未依規定讓車,死亡1;受傷0,1,機車,普通重型,女,71,未戴案全帽或未繫安全帶(未使用幼童安全椅),不明,車的狀態,向前直行中,機車,右側車身,,,駕駛人,未依規定讓車,否,120.530788,23.765427
2020,6,20200626,104300,A1,雲林縣警察局,雲林縣莿桐鄉麻園村雲54鄉道與產業道路,晴,日間自然光線,鄉道,30,交岔路,四岔路,交叉路口,交叉路口內,柏油,乾燥,無缺陷,無障礙物,良好,良好,無號誌,無號誌,雙向禁止超車線,無標記,未繪設車道線,未繪設快慢車道分隔線,有,車與車,路口交岔撞,駕駛人,未依規定讓車,死亡1;受傷0,2,小貨車(含客、貨兩用),自用,男,52,戴安全帽或繫安全帶(使用幼童安全椅),未使用,車的狀態,向前直行中,汽車,前車頭,,,駕駛人,未依規定減速,否,120.530788,23.765427
2020,6,20200626,163600,A1,彰化縣警察局,彰化縣秀水鄉陝西村湳底巷 / 彰化縣秀水鄉陝西村湳底巷,晴,日間自然光線,村里道路,40,交岔路,四岔路,交叉路口,交叉路口內,柏油,乾燥,無缺陷,無障礙物,不良,建築物,無號誌,無號誌,無,無分向設施,未繪設車道線,未繪設快慢車道分隔線,有,車與車,路口交岔撞,駕駛人,未依規定讓車,死亡1;受傷0,2,大貨車,自用,男,43,不明,不明,車的狀態,向前直行中,汽車,前車頭,,,駕駛人,未依規定減速,否,120.514845,24.009639
2020,6,20200626,163600,A1,彰化縣警察局,彰化縣秀水鄉陝西村湳底巷 / 彰化縣秀水鄉陝西村湳底巷,晴,日間自然光線,村里道路,40,交岔路,四岔路,交叉路口,交叉路口內,柏油,乾燥,無缺陷,無障礙物,不良,建築物,無號誌,無號誌,無,無分向設施,未繪設車道線,未繪設快慢車道分隔線,有,車與車,路口交岔撞,駕駛人,未依規定讓車,死亡1;受傷0,1,機車,普通重型,男,61,戴安全帽或繫安全帶(使用幼童安全椅),不明,車的狀態,向前直行中,機車,右側車身,,,駕駛人,未依規定讓車,否,120.514845,24.009639
2020,6,20200626,192400,A1,高雄市政府警察局,高雄市大寮區萬大大橋東向11.1k號前0.0公尺,雨,夜間(或隧道、地下道、涵洞)有照明,市區道路,60,單路部分,直路,路段,慢車道,柏油,濕潤,無缺陷,無障礙物,良好,良好,無號誌,無號誌,中央分向島,寛式(50公分以上),車道線(附標記),快慢車道分隔線,有,車與車,追撞,駕駛人,酒醉(後)駕駛失控,死亡1;受傷0,2,小客車,自用,男,52,不明,不明,車的狀態,等待(引擎未熄火),汽車,左後車尾(身),汽車,左後車尾(身),其他,違規停車或暫停不當而肇事,否,120.437104,22.592582
2020,6,20200626,192400,A1,高雄市政府警察局,高雄市大寮區萬大大橋東向11.1k號前0.0公尺,雨,夜間(或隧道、地下道、涵洞)有照明,市區道路,60,單路部分,直路,路段,慢車道,柏油,濕潤,無缺陷,無障礙物,良好,良好,無號誌,無號誌,中央分向島,寛式(50公分以上),車道線(附標記),快慢車道分隔線,有,車與車,追撞,駕駛人,酒醉(後)駕駛失控,死亡1;受傷0,4,小客車,自用,男,22,戴安全帽或繫安全帶(使用幼童安全椅),未使用,車的狀態,向前直行中,汽車,前車頭,汽車,前車頭,駕駛人,未注意車前狀態,否,120.437104,22.592582
2020,6,20200626,192400,A1,高雄市政府警察局,高雄市大寮區萬大大橋東向11.1k號前0.0公尺,雨,夜間(或隧道、地下道、涵洞)有照明,市區道路,60,單路部分,直路,路段,慢車道,柏油,濕潤,無缺陷,無障礙物,良好,良好,無號誌,無號誌,中央分向島,寛式(50公分以上),車道線(附標記),快慢車道分隔線,有,車與車,追撞,駕駛人,酒醉(後)駕駛失控,死亡1;受傷0,1,機車,普通重型,男,36,戴安全帽或繫安全帶(使用幼童安全椅),未使用,車的狀態,向前直行中,機車,前車頭,機車,前車頭,駕駛人,酒醉(後)駕駛失控,否,120.437104,22.592582
2020,6,20200626,192400,A1,高雄市政府警察局,高雄市大寮區萬大大橋東向11.1k號前0.0公尺,雨,夜間(或隧道、地下道、涵洞)有照明,市區道路,60,單路部分,直路,路段,慢車道,柏油,濕潤,無缺陷,無障礙物,良好,良好,無號誌,無號誌,中央分向島,寛式(50公分以上),車道線(附標記),快慢車道分隔線,有,車與車,追撞,駕駛人,酒醉(後)駕駛失控,死亡1;受傷0,6,大貨車,營業用,男,28,戴安全帽或繫安全帶(使用幼童安全椅),未使用,車的狀態,向前直行中,汽車,左側車身,汽車,左側車身,駕駛人,未注意車前狀態,否,120.437104,22.592582
2020,6,20200626,192400,A1,高雄市政府警察局,高雄市大寮區萬大大橋東向11.1k號前0.0公尺,雨,夜間(或隧道、地下道、涵洞)有照明,市區道路,60,單路部分,直路,路段,慢車道,柏油,濕潤,無缺陷,無障礙物,良好,良好,無號誌,無號誌,中央分向島,寛式(50公分以上),車道線(附標記),快慢車道分隔線,有,車與車,追撞,駕駛人,酒醉(後)駕駛失控,死亡1;受傷0,3,小客車,自用,男,19,戴安全帽或繫安全帶(使用幼童安全椅),未使用,車的狀態,向前直行中,汽車,左前車頭(身),汽車,左前車頭(身),駕駛人,未注意車前狀態,否,120.437104,22.592582
2020,6,20200626,192400,A1,高雄市政府警察局,高雄市大寮區萬大大橋東向11.1k號前0.0公尺,雨,夜間(或隧道、地下道、涵洞)有照明,市區道路,60,單路部分,直路,路段,慢車道,柏油,濕潤,無缺陷,無障礙物,良好,良好,無號誌,無號誌,中央分向島,寛式(50公分以上),車道線(附標記),快慢車道分隔線,有,車與車,追撞,駕駛人,酒醉(後)駕駛失控,死亡1;受傷0,5,小客車,自用,男,35,戴安全帽或繫安全帶(使用幼童安全椅),未使用,車的狀態,向前直行中,汽車,左前車頭(身),汽車,左前車頭(身),駕駛人,未注意車前狀態,否,120.437104,22.592582
2020,6,20200627,042000,A1,高雄市政府警察局,高雄市大寮區新厝路新厝429燈桿號前0.0公尺,晴,夜間(或隧道、地下道、涵洞)有照明,市區道路,50,單路部分,直路,路段,快車道,柏油,乾燥,無缺陷,無障礙物,良好,良好,閃光號誌,正常,中央分向島,寛式(50公分以上),車道線(無標記),快慢車道分隔線,有,汽(機)車本身,撞號誌、標誌桿,駕駛人,未注意車前狀態,死亡1;受傷0,2,,,無或物(動物、堆置物),109,,,,,,,,,無(非車輛駕駛人因素),尚未發現肇事因素,否,120.400507,22.561405
2020,6,20200627,042000,A1,高雄市政府警察局,高雄市大寮區新厝路新厝429燈桿號前0.0公尺,晴,夜間(或隧道、地下道、涵洞)有照明,市區道路,50,單路部分,直路,路段,快車道,柏油,乾燥,無缺陷,無障礙物,良好,良好,閃光號誌,正常,中央分向島,寛式(50公分以上),車道線(無標記),快慢車道分隔線,有,汽(機)車本身,撞號誌、標誌桿,駕駛人,未注意車前狀態,死亡1;受傷0,1,小客車,自用,男,50,戴安全帽或繫安全帶(使用幼童安全椅),未使用,車的狀態,向前直行中,汽車,前車頭,汽車,前車頭,駕駛人,未注意車前狀態,否,120.400507,22.561405
2020,6,20200627,113800,A1,屏東縣政府警察局,屏東縣屏東市金城街200巷前0.0公尺口,晴,日間自然光線,市區道路,50,交岔路,三岔路,交叉路口,交叉口附近,柏油,乾燥,無缺陷,無障礙物,良好,良好,無號誌,無號誌,雙向禁止超車線,無標記,未繪設車道線,未繪設快慢車道分隔線,有,車與車,其他,駕駛人,違規超車,死亡1;受傷0,1,機車,普通重型,男,42,戴安全帽或繫安全帶(使用幼童安全椅),未使用,車的狀態,向前直行中,其他,不明,,,駕駛人,違規超車,否,120.501915,22.698132
2020,6,20200627,113800,A1,屏東縣政府警察局,屏東縣屏東市金城街200巷前0.0公尺口,晴,日間自然光線,市區道路,50,交岔路,三岔路,交叉路口,交叉口附近,柏油,乾燥,無缺陷,無障礙物,良好,良好,無號誌,無號誌,雙向禁止超車線,無標記,未繪設車道線,未繪設快慢車道分隔線,有,車與車,其他,駕駛人,違規超車,死亡1;受傷0,2,機車,普通重型,男,44,戴安全帽或繫安全帶(使用幼童安全椅),未使用,車的狀態,左轉彎,其他,不明,,,駕駛人,違反特定標誌(線)禁制,否,120.501915,22.698132
2020,6,20200627,230800,A1,高雄市政府警察局,高雄市左營區高鐵路高鐵基地號前0.0公尺前,晴,夜間(或隧道、地下道、涵洞)有照明,市區道路,50,單路部分,彎曲路及附近,路段,慢車道,柏油,乾燥,無缺陷,無障礙物,良好,良好,無號誌,無號誌,中央分向島,寛式(50公分以上),車道線(無標記),快慢車道分隔線,無,汽(機)車本身,路上翻車、摔倒,駕駛人,酒醉(後)駕駛失控,死亡1;受傷0,2,,,無或物(動物、堆置物),109,,,,,,,,,無(非車輛駕駛人因素),尚未發現肇事因素,否,120.310600,22.689370
2020,6,20200627,230800,A1,高雄市政府警察局,高雄市左營區高鐵路高鐵基地號前0.0公尺前,晴,夜間(或隧道、地下道、涵洞)有照明,市區道路,50,單路部分,彎曲路及附近,路段,慢車道,柏油,乾燥,無缺陷,無障礙物,良好,良好,無號誌,無號誌,中央分向島,寛式(50公分以上),車道線(無標記),快慢車道分隔線,無,汽(機)車本身,路上翻車、摔倒,駕駛人,酒醉(後)駕駛失控,死亡1;受傷0,1,機車,普通重型,男,36,戴安全帽或繫安全帶(使用幼童安全椅),未使用,車的狀態,向前直行中,其他,不明,其他,不明,駕駛人,酒醉(後)駕駛失控,否,120.310600,22.689370
2020,6,20200627,231300,A1,臺東縣警察局,臺東縣臺東市東45 12公里附近,晴,夜間(或隧道、地下道、涵洞)無照明,鄉道,30,單路部分,彎曲路及附近,路段,一般車道(未劃分快慢車道),柏油,乾燥,無缺陷,無障礙物,良好,良好,無號誌,無號誌,雙向禁止超車線,無標記,未繪設車道線,未繪設快慢車道分隔線,有,汽(機)車本身,撞護欄(樁),駕駛人,未注意車前狀態,死亡2;受傷0,2,,,無或物(動物、堆置物),-1,,,,,,,,,無(非車輛駕駛人因素),尚未發現肇事因素,否,121.155957,22.771417
2020,6,20200627,231300,A1,臺東縣警察局,臺東縣臺東市東45 12公里附近,晴,夜間(或隧道、地下道、涵洞)無照明,鄉道,30,單路部分,彎曲路及附近,路段,一般車道(未劃分快慢車道),柏油,乾燥,無缺陷,無障礙物,良好,良好,無號誌,無號誌,雙向禁止超車線,無標記,未繪設車道線,未繪設快慢車道分隔線,有,汽(機)車本身,撞護欄(樁),駕駛人,未注意車前狀態,死亡2;受傷0,1,小客車,自用,男,23,不明,不明,車的狀態,向前直行中,汽車,右側車身,,,駕駛人,未注意車前狀態,否,121.155957,22.771417
2020,6,20200627,231300,A1,臺東縣警察局,臺東縣臺東市東45 12公里附近,晴,夜間(或隧道、地下道、涵洞)無照明,鄉道,30,單路部分,彎曲路及附近,路段,一般車道(未劃分快慢車道),柏油,乾燥,無缺陷,無障礙物,良好,良好,無號誌,無號誌,雙向禁止超車線,無標記,未繪設車道線,未繪設快慢車道分隔線,有,汽(機)車本身,撞護欄(樁),駕駛人,未注意車前狀態,死亡2;受傷0,3,人,乘客,男,37,不明,不明,人的狀態,不明,其他,非汽(機)車,,,無(非車輛駕駛人因素),尚未發現肇事因素,否,121.155957,22.771417
2020,6,20200628,022500,A1,高雄市政府警察局,高雄市大樹區三和路132號前0.0公尺,晴,夜間(或隧道、地下道、涵洞)有照明,市區道路,40,單路部分,彎曲路及附近,路段,一般車道(未劃分快慢車道),柏油,乾燥,無缺陷,無障礙物,不良,彎道,無號誌,無號誌,雙向禁止超車線,附標記,車道線(無標記),未繪設快慢車道分隔線,有,汽(機)車本身,路上翻車、摔倒,駕駛人,未依規定減速,死亡1;受傷0,2,,,無或物(動物、堆置物),109,,,,,,,,,無(非車輛駕駛人因素),尚未發現肇事因素,否,120.416508,22.732279
2020,6,20200628,022500,A1,高雄市政府警察局,高雄市大樹區三和路132號前0.0公尺,晴,夜間(或隧道、地下道、涵洞)有照明,市區道路,40,單路部分,彎曲路及附近,路段,一般車道(未劃分快慢車道),柏油,乾燥,無缺陷,無障礙物,不良,彎道,無號誌,無號誌,雙向禁止超車線,附標記,車道線(無標記),未繪設快慢車道分隔線,有,汽(機)車本身,路上翻車、摔倒,駕駛人,未依規定減速,死亡1;受傷0,1,機車,普通重型,男,21,戴安全帽或繫安全帶(使用幼童安全椅),未使用,車的狀態,向前直行中,機車,前車頭,機車,前車頭,駕駛人,未依規定減速,否,120.416508,22.732279
2020,6,20200628,054500,A1,屏東縣政府警察局,屏東縣內埔鄉黎明村黎東路878號前,晴,日間自然光線,鄉道,50,交岔路,三岔路,交叉路口,交叉口附近,柏油,乾燥,無缺陷,無障礙物,良好,良好,無號誌,無號誌,雙向禁止超車線,附標記,未繪設車道線,未繪設快慢車道分隔線,有,車與車,追撞,駕駛人,未注意車前狀態,死亡1;受傷0,1,小客車,自用,男,23,不明,不明,車的狀態,向前直行中,汽車,前車頭,,,駕駛人,未注意車前狀態,是,120.609186,22.690908
2020,6,20200628,054500,A1,屏東縣政府警察局,屏東縣內埔鄉黎明村黎東路878號前,晴,日間自然光線,鄉道,50,交岔路,三岔路,交叉路口,交叉口附近,柏油,乾燥,無缺陷,無障礙物,良好,良好,無號誌,無號誌,雙向禁止超車線,附標記,未繪設車道線,未繪設快慢車道分隔線,有,車與車,追撞,駕駛人,未注意車前狀態,死亡1;受傷0,2,機車,普通重型,男,67,戴安全帽或繫安全帶(使用幼童安全椅),未使用,車的狀態,向前直行中,機車,後車尾,機車,左側車身,無(車輛駕駛人因素),尚未發現肇事因素,否,120.609186,22.690908
2020,6,20200628,091200,A1,屏東縣政府警察局,屏東縣內埔鄉中林村聯通街與舊鐵道路口,晴,日間自然光線,鄉道,50,交岔路,四岔路,交叉路口,交叉路口內,柏油,乾燥,無缺陷,無障礙物,良好,良好,無號誌,無號誌,無,無分向設施,未繪設車道線,未繪設快慢車道分隔線,有,車與車,路口交岔撞,駕駛人,未依規定讓車,死亡1;受傷0,2,機車,普通重型,女,23,戴安全帽或繫安全帶(使用幼童安全椅),未使用,車的狀態,向前直行中,機車,前車頭,,,駕駛人,未注意車前狀態,否,120.603803,22.660802
2020,6,20200628,091200,A1,屏東縣政府警察局,屏東縣內埔鄉中林村聯通街與舊鐵道路口,晴,日間自然光線,鄉道,50,交岔路,四岔路,交叉路口,交叉路口內,柏油,乾燥,無缺陷,無障礙物,良好,良好,無號誌,無號誌,無,無分向設施,未繪設車道線,未繪設快慢車道分隔線,有,車與車,路口交岔撞,駕駛人,未依規定讓車,死亡1;受傷0,1,小貨車(含客、貨兩用),自用,男,51,戴安全帽或繫安全帶(使用幼童安全椅),未使用,車的狀態,向前直行中,汽車,右側車身,,,駕駛人,未依規定讓車,否,120.603803,22.660802
2020,6,20200628,133614,A1,嘉義縣警察局,嘉義縣阿里山鄉樂野村台18線64.1公里西向車道,晴,日間自然光線,省道,30,單路部分,直路,路段,一般車道(未劃分快慢車道),柏油,乾燥,無缺陷,無障礙物,良好,良好,無號誌,無號誌,雙向禁止超車線,附標記,未繪設車道線,未繪設快慢車道分隔線,有,汽(機)車本身,路上翻車、摔倒,其他,不明原因肇事,死亡1;受傷0,2,,,無或物(動物、堆置物),-1,,,,,,,,,無(非車輛駕駛人因素),尚未發現肇事因素,否,120.708830,23.470498
2020,6,20200628,133614,A1,嘉義縣警察局,嘉義縣阿里山鄉樂野村台18線64.1公里西向車道,晴,日間自然光線,省道,30,單路部分,直路,路段,一般車道(未劃分快慢車道),柏油,乾燥,無缺陷,無障礙物,良好,良好,無號誌,無號誌,雙向禁止超車線,附標記,未繪設車道線,未繪設快慢車道分隔線,有,汽(機)車本身,路上翻車、摔倒,其他,不明原因肇事,死亡1;受傷0,1,慢車,腳踏自行車,男,56,戴安全帽或繫安全帶(使用幼童安全椅),未使用,車的狀態,向前直行中,其他,非汽(機)車,,,其他,不明原因肇事,否,120.708830,23.470498
2020,6,20200629,072200,A1,臺東縣警察局,臺東縣成功鎮台11線 106公里400.0公尺處北側向中內,晴,日間自然光線,省道,50,交岔路,三岔路,交叉路口,交叉口附近,柏油,乾燥,無缺陷,無障礙物,良好,良好,無號誌,無號誌,雙向禁止超車線,附標記,未繪設車道線,快慢車道分隔線,有,車與車,追撞,駕駛人,未依規定減速,死亡2;受傷0,1,小貨車(含客、貨兩用),自用,男,61,戴安全帽或繫安全帶(使用幼童安全椅),未使用,車的狀態,向前直行中,汽車,前車頭,,,駕駛人,未依規定減速,否,121.400538,23.157552
2020,6,20200629,072200,A1,臺東縣警察局,臺東縣成功鎮台11線 106公里400.0公尺處北側向中內,晴,日間自然光線,省道,50,交岔路,三岔路,交叉路口,交叉口附近,柏油,乾燥,無缺陷,無障礙物,良好,良好,無號誌,無號誌,雙向禁止超車線,附標記,未繪設車道線,快慢車道分隔線,有,車與車,追撞,駕駛人,未依規定減速,死亡2;受傷0,2,機車,普通重型,女,67,戴安全帽或繫安全帶(使用幼童安全椅),未使用,車的狀態,左轉彎,機車,後車尾,,,無(車輛駕駛人因素),尚未發現肇事因素,否,121.400538,23.157552
2020,6,20200629,072200,A1,臺東縣警察局,臺東縣成功鎮台11線 106公里400.0公尺處北側向中內,晴,日間自然光線,省道,50,交岔路,三岔路,交叉路口,交叉口附近,柏油,乾燥,無缺陷,無障礙物,良好,良好,無號誌,無號誌,雙向禁止超車線,附標記,未繪設車道線,快慢車道分隔線,有,車與車,追撞,駕駛人,未依規定減速,死亡2;受傷0,3,人,乘客,男,12,未戴案全帽或未繫安全帶(未使用幼童安全椅),未使用,人的狀態,其他,其他,非汽(機)車,,,無(非車輛駕駛人因素),尚未發現肇事因素,否,121.400538,23.157552
2020,6,20200629,171522,A1,花蓮縣警察局,花蓮縣玉里鎮台30線 14公里100.0公尺處附近向路肩,晴,日間自然光線,省道,60,單路部分,直路,路段,路肩、路緣,柏油,乾燥,無缺陷,無障礙物,良好,良好,無號誌,無號誌,雙向禁止超車線,附標記,未繪設車道線,快慢車道分隔線,有,汽(機)車本身,撞路樹、電桿,駕駛人,未注意車前狀態,死亡1;受傷0,2,,,無或物(動物、堆置物),-1,,,,,,,,,無(非車輛駕駛人因素),尚未發現肇事因素,否,121.313768,23.324932
2020,6,20200629,171522,A1,花蓮縣警察局,花蓮縣玉里鎮台30線 14公里100.0公尺處附近向路肩,晴,日間自然光線,省道,60,單路部分,直路,路段,路肩、路緣,柏油,乾燥,無缺陷,無障礙物,良好,良好,無號誌,無號誌,雙向禁止超車線,附標記,未繪設車道線,快慢車道分隔線,有,汽(機)車本身,撞路樹、電桿,駕駛人,未注意車前狀態,死亡1;受傷0,1,小客車,自用,女,59,不明,未使用,車的狀態,向前直行中,汽車,前車頭,,,駕駛人,未注意車前狀態,否,121.313768,23.324932
2020,6,20200629,175909,A1,花蓮縣警察局,花蓮縣吉安鄉海岸路口 / 花蓮縣吉安鄉南海六街口,晴,日間自然光線,村里道路,40,交岔路,四岔路,交叉路口,交叉路口內,柏油,乾燥,無缺陷,無障礙物,良好,良好,無號誌,無號誌,無,無分向設施,未繪設車道線,未繪設快慢車道分隔線,無,車與車,路口交岔撞,駕駛人,未依規定讓車,死亡1;受傷0,2,機車,普通重型,男,46,戴安全帽或繫安全帶(使用幼童安全椅),未使用,車的狀態,向前直行中,機車,前車頭,,,駕駛人,未注意車前狀態,否,121.589776,23.948977
2020,6,20200629,175909,A1,花蓮縣警察局,花蓮縣吉安鄉海岸路口 / 花蓮縣吉安鄉南海六街口,晴,日間自然光線,村里道路,40,交岔路,四岔路,交叉路口,交叉路口內,柏油,乾燥,無缺陷,無障礙物,良好,良好,無號誌,無號誌,無,無分向設施,未繪設車道線,未繪設快慢車道分隔線,無,車與車,路口交岔撞,駕駛人,未依規定讓車,死亡1;受傷0,1,小客車,自用,男,19,戴安全帽或繫安全帶(使用幼童安全椅),未使用,車的狀態,向前直行中,汽車,左後車尾(身),,,駕駛人,未依規定讓車,否,121.589776,23.948977
2020,6,20200629,183600,A1,雲林縣警察局,雲林縣虎尾鎮建國里光復路757號前,晴,夜間(或隧道、地下道、涵洞)有照明,市區道路,40,交岔路,四岔路,交叉路口,交叉口附近,柏油,乾燥,無缺陷,無障礙物,良好,良好,無號誌,無號誌,雙向禁止超車線,無標記,未繪設車道線,未繪設快慢車道分隔線,有,車與車,側撞,駕駛人,酒醉(後)駕駛失控,死亡1;受傷1,2,機車,普通重型,男,24,戴安全帽或繫安全帶(使用幼童安全椅),未使用,車的狀態,向前直行中,機車,前車頭,,,駕駛人,未注意車前狀態,否,120.427610,23.714934
2020,6,20200629,183600,A1,雲林縣警察局,雲林縣虎尾鎮建國里光復路757號前,晴,夜間(或隧道、地下道、涵洞)有照明,市區道路,40,交岔路,四岔路,交叉路口,交叉口附近,柏油,乾燥,無缺陷,無障礙物,良好,良好,無號誌,無號誌,雙向禁止超車線,無標記,未繪設車道線,未繪設快慢車道分隔線,有,車與車,側撞,駕駛人,酒醉(後)駕駛失控,死亡1;受傷1,1,慢車,微型電動二輪車,男,44,其他(行人、慢車駕駛人),非汽(機)車駕駛人,車的狀態,左轉彎,其他,非汽(機)車,,,駕駛人,酒醉(後)駕駛失控,否,120.427610,23.714934
2020,6,20200629,210700,A1,國道公路警察局,苗栗縣西湖鄉國道3號 135公里100.0公尺處北側向內側,晴,夜間(或隧道、地下道、涵洞)有照明,國道,110,單路部分,直路,路段,快車道,柏油,乾燥,無缺陷,道路工事(程)中,良好,良好,無號誌,無號誌,中央分向島,寛式(50公分以上),車道線(附標記),未繪設快慢車道分隔線,有,車與車,追撞,駕駛人,未保持行車安全距離,死亡1;受傷1,1,小客車,自用,男,61,不明,不明,車的狀態,向前直行中,汽車,前車頭,,,駕駛人,未保持行車安全距離,否,120.750308,24.553714
2020,6,20200629,210700,A1,國道公路警察局,苗栗縣西湖鄉國道3號 135公里100.0公尺處北側向內側,晴,夜間(或隧道、地下道、涵洞)有照明,國道,110,單路部分,直路,路段,快車道,柏油,乾燥,無缺陷,道路工事(程)中,良好,良好,無號誌,無號誌,中央分向島,寛式(50公分以上),車道線(附標記),未繪設快慢車道分隔線,有,車與車,追撞,駕駛人,未保持行車安全距離,死亡1;受傷1,2,小客車,自用,男,32,戴安全帽或繫安全帶(使用幼童安全椅),未使用,車的狀態,向前直行中,汽車,後車尾,,,無(車輛駕駛人因素),尚未發現肇事因素,否,120.750308,24.553714
2020,6,20200629,210700,A1,國道公路警察局,苗栗縣西湖鄉國道3號 135公里100.0公尺處北側向內側,晴,夜間(或隧道、地下道、涵洞)有照明,國道,110,單路部分,直路,路段,快車道,柏油,乾燥,無缺陷,道路工事(程)中,良好,良好,無號誌,無號誌,中央分向島,寛式(50公分以上),車道線(附標記),未繪設快慢車道分隔線,有,車與車,追撞,駕駛人,未保持行車安全距離,死亡1;受傷1,3,人,乘客,女,59,未戴案全帽或未繫安全帶(未使用幼童安全椅),非汽(機)車駕駛人,人的狀態,靜立(止),其他,非汽(機)車,,,無(非車輛駕駛人因素),尚未發現肇事因素,否,120.750308,24.553714
2020,6,20200630,102600,A1,臺南市政府警察局,臺南市鹽水區橋南里忠孝路南側 / 臺南市鹽水區月津路,晴,日間自然光線,市區道路,50,交岔路,四岔路,交叉路口,交叉路口內,柏油,乾燥,無缺陷,無障礙物,良好,良好,行車管制號誌,正常,中央分向島,寛式(50公分以上),未繪設車道線,未繪設快慢車道分隔線,有,車與車,同向擦撞,駕駛人,未注意車前狀態,死亡1;受傷1,1,機車,普通重型,男,86,戴安全帽或繫安全帶(使用幼童安全椅),未使用,車的狀態,等待(引擎未熄火),機車,前車頭,,,駕駛人,未注意車前狀態,否,120.264065,23.311117
2020,6,20200630,102600,A1,臺南市政府警察局,臺南市鹽水區橋南里忠孝路南側 / 臺南市鹽水區月津路,晴,日間自然光線,市區道路,50,交岔路,四岔路,交叉路口,交叉路口內,柏油,乾燥,無缺陷,無障礙物,良好,良好,行車管制號誌,正常,中央分向島,寛式(50公分以上),未繪設車道線,未繪設快慢車道分隔線,有,車與車,同向擦撞,駕駛人,未注意車前狀態,死亡1;受傷1,2,機車,普通重型,男,75,戴安全帽或繫安全帶(使用幼童安全椅),未使用,車的狀態,向前直行中,機車,右側車身,,,無(車輛駕駛人因素),尚未發現肇事因素,否,120.264065,23.311117
2020,6,20200630,150400,A1,嘉義縣警察局,嘉義縣番路鄉番路村159甲線13公里500公尺處,晴,日間自然光線,縣道,50,單路部分,彎曲路及附近,路段,路肩、路緣,柏油,乾燥,無缺陷,無障礙物,良好,良好,無號誌,無號誌,雙向禁止超車線,附標記,未繪設車道線,未繪設快慢車道分隔線,有,汽(機)車本身,衝出路外,駕駛人,未注意車前狀態,死亡1;受傷2,2,,,無或物(動物、堆置物),-1,,,,,,,,,無(非車輛駕駛人因素),尚未發現肇事因素,否,120.562642,23.463489
2020,6,20200630,150400,A1,嘉義縣警察局,嘉義縣番路鄉番路村159甲線13公里500公尺處,晴,日間自然光線,縣道,50,單路部分,彎曲路及附近,路段,路肩、路緣,柏油,乾燥,無缺陷,無障礙物,良好,良好,無號誌,無號誌,雙向禁止超車線,附標記,未繪設車道線,未繪設快慢車道分隔線,有,汽(機)車本身,衝出路外,駕駛人,未注意車前狀態,死亡1;受傷2,1,小客車,自用,男,33,戴安全帽或繫安全帶(使用幼童安全椅),未使用,車的狀態,向前直行中,汽車,前車頭,,,駕駛人,未注意車前狀態,否,120.562642,23.463489
2020,6,20200630,150400,A1,嘉義縣警察局,嘉義縣番路鄉番路村159甲線13公里500公尺處,晴,日間自然光線,縣道,50,單路部分,彎曲路及附近,路段,路肩、路緣,柏油,乾燥,無缺陷,無障礙物,良好,良好,無號誌,無號誌,雙向禁止超車線,附標記,未繪設車道線,未繪設快慢車道分隔線,有,汽(機)車本身,衝出路外,駕駛人,未注意車前狀態,死亡1;受傷2,3,人,乘客,男,63,戴安全帽或繫安全帶(使用幼童安全椅),非汽(機)車駕駛人,人的狀態,其他,其他,非汽(機)車,,,無(非車輛駕駛人因素),尚未發現肇事因素,否,120.562642,23.463489