發生年度,發生月份,發生日期,發生時間,事故類別名稱,處理單位名稱警局層,發生地點,天候名稱,光線名稱,道路類別-第1當事者-名稱,速限-第1當事者,道路型態大類別名稱,道路型態子類別名稱,事故位置大類別名稱,事故位置子類別名稱,路面狀況-路面鋪裝名稱,路面狀況-路面狀態名稱,路面狀況-路面缺陷名稱,道路障礙-障礙物名稱,道路障礙-視距品質名稱,道路障礙-視距名稱,號誌-號誌種類名稱,號誌-號誌動作名稱,車道劃分設施-分向設施大類別名稱,車道劃分設施-分向設施子類別名稱,車道劃分設施-分道設施-快車道或一般車道間名稱,車道劃分設施-分道設施-快慢車道間名稱,車道劃分設施-分道設施-路面邊線名稱,事故類型及型態大類別名稱,事故類型及型態子類別名稱,肇因研判大類別名稱-主要,肇因研判子類別名稱-主要,死亡受傷人數,當事者順位,當事者區分-類別-大類別名稱-車種,當事者區分-類別-子類別名稱-車種,當事者屬-性-別名稱,當事者事故發生時年齡,保護裝備名稱,行動電話或電腦或其他相類功能裝置名稱,當事者行動狀態大類別名稱,當事者行動狀態子類別名稱,車輛撞擊部位大類別名稱-最初,車輛撞擊部位子類別名稱-最初,車輛撞擊部位大類別名稱-其他,車輛撞擊部位子類別名稱-其他,肇因研判大類別名稱-個別,肇因研判子類別名稱-個別,肇事逃逸類別名稱-是否肇逃,經度,緯度
2020,6,20200630,150400,A1,嘉義縣警察局,嘉義縣番路鄉番路村159甲線13公里500公尺處,晴,日間自然光線,縣道,50,單路部分,彎曲路及附近,路段,路肩、路緣,柏油,乾燥,無缺陷,無障礙物,良好,良好,無號誌,無號誌,雙向禁止超車線,附標記,未繪設車道線,未繪設快慢車道分隔線,有,汽(機)車本身,衝出路外,駕駛人,未注意車前狀態,死亡1;受傷2,4,人,乘客,女,65,戴安全帽或繫安全帶(使用幼童安全椅),非汽(機)車駕駛人,人的狀態,其他,其他,非汽(機)車,,,無(非車輛駕駛人因素),尚未發現肇事因素,否,120.562642,23.463489
2020,7,20200701,140000,A1,雲林縣警察局,雲林縣斗六市嘉東里鎮南路與嘉東中路口,晴,日間自然光線,村里道路,50,交岔路,四岔路,交叉路口,交叉路口內,柏油,乾燥,無缺陷,無障礙物,良好,良好,行車管制號誌,正常,無,無分向設施,未繪設車道線,未繪設快慢車道分隔線,無,車與車,側撞,駕駛人,未注意車前狀態,死亡1;受傷0,2,機車,普通重型,男,42,戴安全帽或繫安全帶(使用幼童安全椅),不明,車的狀態,向前直行中,機車,前車頭,,,駕駛人,未注意車前狀態,否,120.548136,23.686596
2020,7,20200701,140000,A1,雲林縣警察局,雲林縣斗六市嘉東里鎮南路與嘉東中路口,晴,日間自然光線,村里道路,50,交岔路,四岔路,交叉路口,交叉路口內,柏油,乾燥,無缺陷,無障礙物,良好,良好,行車管制號誌,正常,無,無分向設施,未繪設車道線,未繪設快慢車道分隔線,無,車與車,側撞,駕駛人,未注意車前狀態,死亡1;受傷0,3,人,乘客,男,34,戴安全帽或繫安全帶(使用幼童安全椅),未使用,人的狀態,其他,其他,非汽(機)車,,,無(非車輛駕駛人因素),尚未發現肇事因素,否,120.548136,23.686596
2020,7,20200701,140000,A1,雲林縣警察局,雲林縣斗六市嘉東里鎮南路與嘉東中路口,晴,日間自然光線,村里道路,50,交岔路,四岔路,交叉路口,交叉路口內,柏油,乾燥,無缺陷,無障礙物,良好,良好,行車管制號誌,正常,無,無分向設施,未繪設車道線,未繪設快慢車道分隔線,無,車與車,側撞,駕駛人,未注意車前狀態,死亡1;受傷0,1,小貨車(含客、貨兩用),自用,男,24,戴安全帽或繫安全帶(使用幼童安全椅),未使用,車的狀態,向前直行中,汽車,前車頭,,,駕駛人,未注意車前狀態,否,120.548136,23.686596
2020,7,20200701,161800,A1,高雄市政府警察局,高雄市左營區自由二路 / 高雄市左營區裕誠路,陰,日間自然光線,市區道路,40,交岔路,四岔路,交叉路口,交叉口附近,柏油,乾燥,無缺陷,無障礙物,良好,良好,行車管制號誌,正常,雙向禁止超車線,無標記,未繪設車道線,未繪設快慢車道分隔線,無,車與車,同向擦撞,駕駛人,未保持行車安全間隔,死亡1;受傷0,1,機車,普通輕型,男,84,戴安全帽或繫安全帶(使用幼童安全椅),未使用,車的狀態,向前直行中,機車,左側車身,機車,左側車身,駕駛人,未保持行車安全間隔,否,120.308468,22.665042
2020,7,20200701,161800,A1,高雄市政府警察局,高雄市左營區自由二路 / 高雄市左營區裕誠路,陰,日間自然光線,市區道路,40,交岔路,四岔路,交叉路口,交叉口附近,柏油,乾燥,無缺陷,無障礙物,良好,良好,行車管制號誌,正常,雙向禁止超車線,無標記,未繪設車道線,未繪設快慢車道分隔線,無,車與車,同向擦撞,駕駛人,未保持行車安全間隔,死亡1;受傷0,2,大客車,民營客運,男,55,戴安全帽或繫安全帶(使用幼童安全椅),未使用,車的狀態,向前直行中,汽車,右側車身,汽車,右側車身,無(車輛駕駛人因素),尚未發現肇事因素,否,120.308468,22.665042
2020,7,20200701,161800,A1,高雄市政府警察局,高雄市左營區自由二路 / 高雄市左營區裕誠路,陰,日間自然光線,市區道路,40,交岔路,四岔路,交叉路口,交叉口附近,柏油,乾燥,無缺陷,無障礙物,良好,良好,行車管制號誌,正常,雙向禁止超車線,無標記,未繪設車道線,未繪設快慢車道分隔線,無,車與車,同向擦撞,駕駛人,未保持行車安全間隔,死亡1;受傷0,3,小貨車(含客、貨兩用),自用,男,59,戴安全帽或繫安全帶(使用幼童安全椅),未使用,車的狀態,等待(引擎未熄火),其他,不明,其他,不明,其他,違規停車或暫停不當而肇事,否,120.308468,22.665042
2020,7,20200702,040031,A1,國道公路警察局,高雄市燕巢區國道10號 18公里300.0公尺處東側向輔助,陰,夜間(或隧道、地下道、涵洞)無照明,國道,100,單路部分,直路,交流道,減速車道,柏油,乾燥,無缺陷,無障礙物,良好,良好,無號誌,無號誌,中央分向島,寛式(50公分以上),車道線(附標記),未繪設快慢車道分隔線,有,車與車,追撞,駕駛人,酒醉(後)駕駛失控,死亡1;受傷0,1,小客車,自用,男,24,戴安全帽或繫安全帶(使用幼童安全椅),不明,車的狀態,向前直行中,汽車,前車頭,,,駕駛人,酒醉(後)駕駛失控,否,120.382253,22.759619
2020,7,20200702,040031,A1,國道公路警察局,高雄市燕巢區國道10號 18公里300.0公尺處東側向輔助,陰,夜間(或隧道、地下道、涵洞)無照明,國道,100,單路部分,直路,交流道,減速車道,柏油,乾燥,無缺陷,無障礙物,良好,良好,無號誌,無號誌,中央分向島,寛式(50公分以上),車道線(附標記),未繪設快慢車道分隔線,有,車與車,追撞,駕駛人,酒醉(後)駕駛失控,死亡1;受傷0,2,大貨車,營業用,男,22,戴安全帽或繫安全帶(使用幼童安全椅),未使用,車的狀態,向前直行中,汽車,左後車尾(身),,,無(車輛駕駛人因素),尚未發現肇事因素,否,120.382253,22.759619
2020,7,20200702,055000,A1,雲林縣警察局,雲林縣林內鄉林北村增產路37之18號旁水溝,晴,夜間(或隧道、地下道、涵洞)無照明,村里道路,40,單路部分,直路,其他,其他,柏油,乾燥,無缺陷,無障礙物,不良,其他,無號誌,無號誌,無,無分向設施,未繪設車道線,未繪設快慢車道分隔線,有,汽(機)車本身,路上翻車、摔倒,無(車輛駕駛人因素),尚未發現肇事因素,死亡1;受傷0,2,,,無或物(動物、堆置物),-1,,,,,,,,,無(非車輛駕駛人因素),尚未發現肇事因素,否,120.628292,23.775443
2020,7,20200702,055000,A1,雲林縣警察局,雲林縣林內鄉林北村增產路37之18號旁水溝,晴,夜間(或隧道、地下道、涵洞)無照明,村里道路,40,單路部分,直路,其他,其他,柏油,乾燥,無缺陷,無障礙物,不良,其他,無號誌,無號誌,無,無分向設施,未繪設車道線,未繪設快慢車道分隔線,有,汽(機)車本身,路上翻車、摔倒,無(車輛駕駛人因素),尚未發現肇事因素,死亡1;受傷0,1,慢車,腳踏自行車,女,59,不明,不明,車的狀態,向前直行中,其他,不明,,,無(車輛駕駛人因素),尚未發現肇事因素,否,120.628292,23.775443
2020,7,20200702,062123,A1,桃園市政府警察局,桃園市蘆竹區文中路1段口 / 桃園市蘆竹區文中路1段口,晴,日間自然光線,市區道路,50,交岔路,四岔路,交叉路口,交叉路口內,柏油,乾燥,無缺陷,無障礙物,良好,良好,行車管制號誌,正常,無,無分向設施,未繪設車道線,未繪設快慢車道分隔線,無,車與車,側撞,駕駛人,左轉彎未依規定,死亡1;受傷1,1,機車,普通重型,男,67,戴安全帽或繫安全帶(使用幼童安全椅),未使用,車的狀態,左轉彎,機車,左側車身,,,駕駛人,左轉彎未依規定,否,121.259837,24.989835
2020,7,20200702,062123,A1,桃園市政府警察局,桃園市蘆竹區文中路1段口 / 桃園市蘆竹區文中路1段口,晴,日間自然光線,市區道路,50,交岔路,四岔路,交叉路口,交叉路口內,柏油,乾燥,無缺陷,無障礙物,良好,良好,行車管制號誌,正常,無,無分向設施,未繪設車道線,未繪設快慢車道分隔線,無,車與車,側撞,駕駛人,左轉彎未依規定,死亡1;受傷1,3,人,乘客,女,59,戴安全帽或繫安全帶(使用幼童安全椅),未使用,人的狀態,其他,其他,非汽(機)車,,,無(非車輛駕駛人因素),尚未發現肇事因素,否,121.259837,24.989835
2020,7,20200702,062123,A1,桃園市政府警察局,桃園市蘆竹區文中路1段口 / 桃園市蘆竹區文中路1段口,晴,日間自然光線,市區道路,50,交岔路,四岔路,交叉路口,交叉路口內,柏油,乾燥,無缺陷,無障礙物,良好,良好,行車管制號誌,正常,無,無分向設施,未繪設車道線,未繪設快慢車道分隔線,無,車與車,側撞,駕駛人,左轉彎未依規定,死亡1;受傷1,2,小貨車(含客、貨兩用),自用,男,43,戴安全帽或繫安全帶(使用幼童安全椅),未使用,車的狀態,向前直行中,汽車,前車頭,,,駕駛人,未依規定減速,否,121.259837,24.989835
2020,7,20200702,080504,A1,屏東縣政府警察局,屏東縣枋山鄉台1線 450公里100.0公尺處北側向外側,雨,日間自然光線,省道,70,單路部分,直路,路段,快車道,柏油,濕潤,無缺陷,無障礙物,良好,良好,無號誌,無號誌,中央分向島,寛式(50公分以上),車道線(無標記),快慢車道分隔線,有,汽(機)車本身,路上翻車、摔倒,駕駛人,酒醉(後)駕駛失控,死亡1;受傷0,2,,,無或物(動物、堆置物),-1,,,,,,,,,無(非車輛駕駛人因素),尚未發現肇事因素,否,120.652989,22.261031
2020,7,20200702,080504,A1,屏東縣政府警察局,屏東縣枋山鄉台1線 450公里100.0公尺處北側向外側,雨,日間自然光線,省道,70,單路部分,直路,路段,快車道,柏油,濕潤,無缺陷,無障礙物,良好,良好,無號誌,無號誌,中央分向島,寛式(50公分以上),車道線(無標記),快慢車道分隔線,有,汽(機)車本身,路上翻車、摔倒,駕駛人,酒醉(後)駕駛失控,死亡1;受傷0,1,機車,普通重型,女,58,不明,不明,人的狀態,不明,機車,左側車身,,,駕駛人,酒醉(後)駕駛失控,否,120.652989,22.261031
2020,7,20200702,082440,A1,國道公路警察局,臺中市西屯區國道1號 178公里100.0公尺處南側向外側,晴,日間自然光線,國道,110,單路部分,直路,路段,快車道,柏油,乾燥,無缺陷,無障礙物,良好,良好,無號誌,無號誌,中央分向島,寛式(50公分以上),車道線(附標記),未繪設快慢車道分隔線,有,車與車,追撞,駕駛人,變換車道或方向不當,死亡1;受傷0,2,半聯結車,自用,男,36,戴安全帽或繫安全帶(使用幼童安全椅),未使用,車的狀態,向前直行中,汽車,右前車頭(身),,,駕駛人,未注意車前狀態,否,120.633485,24.179454
2020,7,20200702,082440,A1,國道公路警察局,臺中市西屯區國道1號 178公里100.0公尺處南側向外側,晴,日間自然光線,國道,110,單路部分,直路,路段,快車道,柏油,乾燥,無缺陷,無障礙物,良好,良好,無號誌,無號誌,中央分向島,寛式(50公分以上),車道線(附標記),未繪設快慢車道分隔線,有,車與車,追撞,駕駛人,變換車道或方向不當,死亡1;受傷0,4,小客車,自用,男,71,戴安全帽或繫安全帶(使用幼童安全椅),未使用,車的狀態,等待(引擎未熄火),汽車,後車尾,,,無(車輛駕駛人因素),尚未發現肇事因素,否,120.633485,24.179454
2020,7,20200702,082440,A1,國道公路警察局,臺中市西屯區國道1號 178公里100.0公尺處南側向外側,晴,日間自然光線,國道,110,單路部分,直路,路段,快車道,柏油,乾燥,無缺陷,無障礙物,良好,良好,無號誌,無號誌,中央分向島,寛式(50公分以上),車道線(附標記),未繪設快慢車道分隔線,有,車與車,追撞,駕駛人,變換車道或方向不當,死亡1;受傷0,1,小客車,自用,男,56,戴安全帽或繫安全帶(使用幼童安全椅),未使用,車的狀態,向右變換車道,汽車,左後車尾(身),汽車,前車頭,駕駛人,變換車道或方向不當,否,120.633485,24.179454
2020,7,20200702,082440,A1,國道公路警察局,臺中市西屯區國道1號 178公里100.0公尺處南側向外側,晴,日間自然光線,國道,110,單路部分,直路,路段,快車道,柏油,乾燥,無缺陷,無障礙物,良好,良好,無號誌,無號誌,中央分向島,寛式(50公分以上),車道線(附標記),未繪設快慢車道分隔線,有,車與車,追撞,駕駛人,變換車道或方向不當,死亡1;受傷0,3,小客車,自用,男,73,戴安全帽或繫安全帶(使用幼童安全椅),不明,車的狀態,等待(引擎未熄火),汽車,左後車尾(身),汽車,前車頭,無(車輛駕駛人因素),尚未發現肇事因素,否,120.633485,24.179454
2020,7,20200702,084000,A1,臺北市政府警察局,臺北市大同區重慶北路3段 / 臺北市大同區伊寧街,晴,日間自然光線,市區道路,50,交岔路,四岔路,交叉路口,交叉路口內,柏油,乾燥,無缺陷,無障礙物,良好,良好,行車管制號誌(附設行人專用號誌),正常,中央分向島,寛式(50公分以上),車道線(無標記),未繪設快慢車道分隔線,無,人與汽(機)車,穿越道路中,行人(或乘客),未依標誌、標線、號誌或手勢指揮穿越道路,死亡1;受傷0,2,大客車,民營公車,男,43,不明,不明,車的狀態,向前直行中,汽車,前車頭,汽車,前車頭,駕駛人,搶越行人穿越道,否,121.513602,25.064743
2020,7,20200702,084000,A1,臺北市政府警察局,臺北市大同區重慶北路3段 / 臺北市大同區伊寧街,晴,日間自然光線,市區道路,50,交岔路,四岔路,交叉路口,交叉路口內,柏油,乾燥,無缺陷,無障礙物,良好,良好,行車管制號誌(附設行人專用號誌),正常,中央分向島,寛式(50公分以上),車道線(無標記),未繪設快慢車道分隔線,無,人與汽(機)車,穿越道路中,行人(或乘客),未依標誌、標線、號誌或手勢指揮穿越道路,死亡1;受傷0,1,人,行人,女,85,其他(行人、慢車駕駛人),非汽(機)車駕駛人,人的狀態,步行,其他,不明,其他,不明,行人(或乘客),未依標誌、標線、號誌或手勢指揮穿越道路,否,121.513602,25.064743
2020,7,20200703,042300,A1,臺中市政府警察局,臺中市北屯區新平里中清路二段935號前0.0公尺,晴,夜間(或隧道、地下道、涵洞)有照明,市區道路,50,交岔路,四岔路,其他,行人穿越道,柏油,乾燥,無缺陷,無障礙物,良好,良好,行車管制號誌,正常,無,無分向設施,未繪設車道線,未繪設快慢車道分隔線,無,人與汽(機)車,穿越道路中,駕駛人,搶越行人穿越道,死亡1;受傷0,1,小客車,自用,男,28,戴安全帽或繫安全帶(使用幼童安全椅),未使用,車的狀態,向前直行中,汽車,前車頭,,,駕駛人,搶越行人穿越道,否,120.662480,24.188185
2020,7,20200703,042300,A1,臺中市政府警察局,臺中市北屯區新平里中清路二段935號前0.0公尺,晴,夜間(或隧道、地下道、涵洞)有照明,市區道路,50,交岔路,四岔路,其他,行人穿越道,柏油,乾燥,無缺陷,無障礙物,良好,良好,行車管制號誌,正常,無,無分向設施,未繪設車道線,未繪設快慢車道分隔線,無,人與汽(機)車,穿越道路中,駕駛人,搶越行人穿越道,死亡1;受傷0,2,人,行人,女,75,其他(行人、慢車駕駛人),非汽(機)車駕駛人,人的狀態,步行,其他,非汽(機)車,,,無(非車輛駕駛人因素),尚未發現肇事因素,否,120.662480,24.188185
2020,7,20200703,045500,A1,臺中市政府警察局,臺中市西屯區上石里青海路 / 臺中市西屯區上石里湳仔巷,陰,晨或暮光,市區道路,50,交岔路,四岔路,交叉路口,交叉路口內,柏油,乾燥,無缺陷,無障礙物,良好,良好,行車管制號誌,正常,無,無分向設施,未繪設車道線,未繪設快慢車道分隔線,無,人與汽(機)車,穿越道路中,駕駛人,未注意車前狀態,死亡1;受傷0,1,小客車,自用,男,44,戴安全帽或繫安全帶(使用幼童安全椅),未使用,車的狀態,向前直行中,汽車,前車頭,,,駕駛人,未注意車前狀態,否,120.643488,24.172476
2020,7,20200703,045500,A1,臺中市政府警察局,臺中市西屯區上石里青海路 / 臺中市西屯區上石里湳仔巷,陰,晨或暮光,市區道路,50,交岔路,四岔路,交叉路口,交叉路口內,柏油,乾燥,無缺陷,無障礙物,良好,良好,行車管制號誌,正常,無,無分向設施,未繪設車道線,未繪設快慢車道分隔線,無,人與汽(機)車,穿越道路中,駕駛人,未注意車前狀態,死亡1;受傷0,3,小客車,自用,男,37,戴安全帽或繫安全帶(使用幼童安全椅),未使用,車的狀態,靜止(引擎熄火),汽車,左後車尾(身),,,無(車輛駕駛人因素),尚未發現肇事因素,否,120.643488,24.172476
2020,7,20200703,045500,A1,臺中市政府警察局,臺中市西屯區上石里青海路 / 臺中市西屯區上石里湳仔巷,陰,晨或暮光,市區道路,50,交岔路,四岔路,交叉路口,交叉路口內,柏油,乾燥,無缺陷,無障礙物,良好,良好,行車管制號誌,正常,無,無分向設施,未繪設車道線,未繪設快慢車道分隔線,無,人與汽(機)車,穿越道路中,駕駛人,未注意車前狀態,死亡1;受傷0,2,人,行人,女,87,戴安全帽或繫安全帶(使用幼童安全椅),未使用,人的狀態,其他,其他,非汽(機)車,,,行人(或乘客),未依規定行走行人穿越道、地下道、天橋而穿越道路,否,120.643488,24.172476
2020,7,20200703,053800,A1,臺東縣警察局,臺東縣臺東市東49-1線道與南王橋交叉路口,晴,日間自然光線,鄉道,50,交岔路,四岔路,交叉路口,交叉路口內,柏油,乾燥,無缺陷,無障礙物,良好,良好,閃光號誌,正常,無,無分向設施,未繪設車道線,未繪設快慢車道分隔線,無,車與車,路口交岔撞,駕駛人,未依規定讓車,死亡1;受傷0,1,機車,普通重型,女,69,戴安全帽或繫安全帶(使用幼童安全椅),未使用,車的狀態,向前直行中,機車,右側車身,,,駕駛人,未依規定讓車,否,121.109931,22.780081
2020,7,20200703,053800,A1,臺東縣警察局,臺東縣臺東市東49-1線道與南王橋交叉路口,晴,日間自然光線,鄉道,50,交岔路,四岔路,交叉路口,交叉路口內,柏油,乾燥,無缺陷,無障礙物,良好,良好,閃光號誌,正常,無,無分向設施,未繪設車道線,未繪設快慢車道分隔線,無,車與車,路口交岔撞,駕駛人,未依規定讓車,死亡1;受傷0,2,小貨車(含客、貨兩用),自用,男,51,戴安全帽或繫安全帶(使用幼童安全椅),未使用,車的狀態,向前直行中,汽車,右前車頭(身),,,駕駛人,未依規定減速,否,121.109931,22.780081
2020,7,20200703,100200,A1,彰化縣警察局,彰化縣大村鄉擺塘村擺塘巷13-6號前0.0公尺,晴,日間自然光線,村里道路,40,交岔路,多岔路,交叉路口,交叉路口內,柏油,乾燥,無缺陷,無障礙物,良好,良好,無號誌,無號誌,行車分向線,無標記,未繪設車道線,未繪設快慢車道分隔線,有,車與車,倒車撞,駕駛人,倒車未依規定,死亡1;受傷0,1,大貨車,營業用,男,55,戴安全帽或繫安全帶(使用幼童安全椅),未使用,車的狀態,倒車,汽車,後車尾,,,駕駛人,倒車未依規定,否,120.563400,23.979795
2020,7,20200703,100200,A1,彰化縣警察局,彰化縣大村鄉擺塘村擺塘巷13-6號前0.0公尺,晴,日間自然光線,村里道路,40,交岔路,多岔路,交叉路口,交叉路口內,柏油,乾燥,無缺陷,無障礙物,良好,良好,無號誌,無號誌,行車分向線,無標記,未繪設車道線,未繪設快慢車道分隔線,有,車與車,倒車撞,駕駛人,倒車未依規定,死亡1;受傷0,2,機車,普通重型,女,73,戴安全帽或繫安全帶(使用幼童安全椅),未使用,人的狀態,不明,機車,前車頭,,,無(車輛駕駛人因素),尚未發現肇事因素,否,120.563400,23.979795
2020,7,20200703,161100,A1,彰化縣警察局,彰化縣芳苑鄉路上村新上路 / 彰化縣芳苑鄉路上村上林路路上段,晴,日間自然光線,村里道路,50,交岔路,四岔路,交叉路口,交叉路口內,柏油,乾燥,無缺陷,無障礙物,良好,良好,無號誌,無號誌,無,無分向設施,未繪設車道線,未繪設快慢車道分隔線,有,車與車,路口交岔撞,駕駛人,未依規定讓車,死亡1;受傷0,2,大客車,遊覽車,男,43,不明,不明,車的狀態,向前直行中,汽車,左側車身,,,駕駛人,未依規定減速,否,120.327903,23.900356
2020,7,20200703,161100,A1,彰化縣警察局,彰化縣芳苑鄉路上村新上路 / 彰化縣芳苑鄉路上村上林路路上段,晴,日間自然光線,村里道路,50,交岔路,四岔路,交叉路口,交叉路口內,柏油,乾燥,無缺陷,無障礙物,良好,良好,無號誌,無號誌,無,無分向設施,未繪設車道線,未繪設快慢車道分隔線,有,車與車,路口交岔撞,駕駛人,未依規定讓車,死亡1;受傷0,1,機車,普通重型,女,47,戴安全帽或繫安全帶(使用幼童安全椅),不明,車的狀態,向前直行中,機車,前車頭,,,駕駛人,未依規定讓車,否,120.327903,23.900356
2020,7,20200704,025200,A1,臺北市政府警察局,臺北市信義區信義路4段 / 臺北市信義區基隆路1段,晴,夜間(或隧道、地下道、涵洞)有照明,其他,50,交岔路,四岔路,交叉路口,交叉口附近,柏油,乾燥,無缺陷,無障礙物,良好,良好,行車管制號誌(附設行人專用號誌),正常,中央分向島,寛式(50公分以上),車道線(無標記),寛式快慢車道分隔島(50公分以上),無,人與汽(機)車,穿越道路中,駕駛人,搶越行人穿越道,死亡1;受傷0,1,小貨車(含客、貨兩用),自用,男,57,戴安全帽或繫安全帶(使用幼童安全椅),未使用,車的狀態,向前直行中,汽車,前車頭,汽車,前車頭,駕駛人,搶越行人穿越道,否,121.559299,25.033122
2020,7,20200704,025200,A1,臺北市政府警察局,臺北市信義區信義路4段 / 臺北市信義區基隆路1段,晴,夜間(或隧道、地下道、涵洞)有照明,其他,50,交岔路,四岔路,交叉路口,交叉口附近,柏油,乾燥,無缺陷,無障礙物,良好,良好,行車管制號誌(附設行人專用號誌),正常,中央分向島,寛式(50公分以上),車道線(無標記),寛式快慢車道分隔島(50公分以上),無,人與汽(機)車,穿越道路中,駕駛人,搶越行人穿越道,死亡1;受傷0,2,人,行人,女,53,其他(行人、慢車駕駛人),非汽(機)車駕駛人,人的狀態,步行,其他,非汽(機)車,其他,非汽(機)車,行人(或乘客),未依標誌、標線、號誌或手勢指揮穿越道路,否,121.559299,25.033122
2020,7,20200704,055900,A1,雲林縣警察局,雲林縣臺西鄉富琦村台17線南下車道與仁愛路口,晴,日間自然光線,村里道路,50,交岔路,四岔路,交叉路口,交叉路口內,柏油,乾燥,無缺陷,無障礙物,不良,建築物,閃光號誌,正常,無,無分向設施,未繪設車道線,未繪設快慢車道分隔線,無,車與車,路口交岔撞,駕駛人,未依規定讓車,死亡1;受傷0,2,曳引車,營業用,男,26,不明,不明,車的狀態,向前直行中,汽車,左前車頭(身),,,駕駛人,未依規定減速,否,120.214236,23.719064
2020,7,20200704,055900,A1,雲林縣警察局,雲林縣臺西鄉富琦村台17線南下車道與仁愛路口,晴,日間自然光線,村里道路,50,交岔路,四岔路,交叉路口,交叉路口內,柏油,乾燥,無缺陷,無障礙物,不良,建築物,閃光號誌,正常,無,無分向設施,未繪設車道線,未繪設快慢車道分隔線,無,車與車,路口交岔撞,駕駛人,未依規定讓車,死亡1;受傷0,1,機車,普通重型,男,45,戴安全帽或繫安全帶(使用幼童安全椅),不明,車的狀態,向前直行中,機車,右側車身,,,駕駛人,未依規定讓車,否,120.214236,23.719064
2020,7,20200704,062000,A1,彰化縣警察局,彰化縣鹿港鎮永安里鹿和路1段 / 彰化縣鹿港鎮永安里永安三路,晴,日間自然光線,村里道路,60,交岔路,四岔路,交叉路口,交叉路口內,柏油,乾燥,無缺陷,無障礙物,良好,良好,行車管制號誌,正常,雙向禁止超車線,無標記,車道線(無標記),未繪設快慢車道分隔線,有,車與車,路口交岔撞,駕駛人,違反號誌管制或指揮,死亡1;受傷0,1,機車,普通重型,男,65,戴安全帽或繫安全帶(使用幼童安全椅),未使用,車的狀態,向前直行中,機車,前車頭,機車,前車頭,駕駛人,違反號誌管制或指揮,否,120.440387,24.059726
2020,7,20200704,062000,A1,彰化縣警察局,彰化縣鹿港鎮永安里鹿和路1段 / 彰化縣鹿港鎮永安里永安三路,晴,日間自然光線,村里道路,60,交岔路,四岔路,交叉路口,交叉路口內,柏油,乾燥,無缺陷,無障礙物,良好,良好,行車管制號誌,正常,雙向禁止超車線,無標記,車道線(無標記),未繪設快慢車道分隔線,有,車與車,路口交岔撞,駕駛人,違反號誌管制或指揮,死亡1;受傷0,2,小客車,自用,男,55,戴安全帽或繫安全帶(使用幼童安全椅),未使用,車的狀態,向前直行中,汽車,左側車身,汽車,左側車身,無(車輛駕駛人因素),尚未發現肇事因素,否,120.440387,24.059726
2020,7,20200704,105050,A1,臺東縣警察局,臺東縣鹿野鄉中華路2段143號,晴,日間自然光線,省道,50,單路部分,彎曲路及附近,路段,路肩、路緣,柏油,乾燥,無缺陷,無障礙物,良好,良好,無號誌,無號誌,雙向禁止超車線,附標記,未繪設車道線,快慢車道分隔線,有,汽(機)車本身,撞護欄(樁),駕駛人,疲勞(患病)駕駛失控,死亡1;受傷0,2,,,無或物(動物、堆置物),-1,,,,,,,,,無(非車輛駕駛人因素),尚未發現肇事因素,否,121.139393,22.744846
2020,7,20200704,105050,A1,臺東縣警察局,臺東縣鹿野鄉中華路2段143號,晴,日間自然光線,省道,50,單路部分,彎曲路及附近,路段,路肩、路緣,柏油,乾燥,無缺陷,無障礙物,良好,良好,無號誌,無號誌,雙向禁止超車線,附標記,未繪設車道線,快慢車道分隔線,有,汽(機)車本身,撞護欄(樁),駕駛人,疲勞(患病)駕駛失控,死亡1;受傷0,1,小客車,自用,女,66,戴安全帽或繫安全帶(使用幼童安全椅),未使用,車的狀態,向前直行中,汽車,前車頭,,,駕駛人,疲勞(患病)駕駛失控,否,121.139393,22.744846
2020,7,20200704,154722,A1,新竹縣政府警察局,新竹縣湖口鄉八德路1段316號前0.0公尺,晴,日間自然光線,村里道路,50,單路部分,直路,路段,路肩、路緣,柏油,乾燥,無缺陷,無障礙物,良好,良好,無號誌,無號誌,中央分向島,寛式(50公分以上),車道線(無標記),快慢車道分隔線,有,汽(機)車本身,撞路樹、電桿,其他,不明原因肇事,死亡1;受傷0,2,,,無或物(動物、堆置物),-1,,,,,,,,,無(非車輛駕駛人因素),尚未發現肇事因素,否,121.003165,24.875007
2020,7,20200704,154722,A1,新竹縣政府警察局,新竹縣湖口鄉八德路1段316號前0.0公尺,晴,日間自然光線,村里道路,50,單路部分,直路,路段,路肩、路緣,柏油,乾燥,無缺陷,無障礙物,良好,良好,無號誌,無號誌,中央分向島,寛式(50公分以上),車道線(無標記),快慢車道分隔線,有,汽(機)車本身,撞路樹、電桿,其他,不明原因肇事,死亡1;受傷0,1,慢車,微型電動二輪車,女,44,其他(行人、慢車駕駛人),非汽(機)車駕駛人,車的狀態,向前直行中,其他,非汽(機)車,其他,非汽(機)車,其他,不明原因肇事,否,121.003165,24.875007
2020,7,20200705,024044,A1,國道公路警察局,新北市汐止區國道1號 10公里600.0公尺處北側向內側,晴,夜間(或隧道、地下道、涵洞)有照明,國道,100,單路部分,直路,路段,快車道,柏油,乾燥,無缺陷,無障礙物,良好,良好,無號誌,無號誌,中央分向島,寛式(50公分以上),車道線(附標記),未繪設快慢車道分隔線,有,汽(機)車本身,撞護欄(樁),駕駛人,未注意車前狀態,死亡1;受傷1,2,,,無或物(動物、堆置物),-1,,,,,,,,,無(非車輛駕駛人因素),尚未發現肇事因素,否,121.668534,25.081816