發生年度,發生月份,發生日期,發生時間,事故類別名稱,處理單位名稱警局層,發生地點,天候名稱,光線名稱,道路類別-第1當事者-名稱,速限-第1當事者,道路型態大類別名稱,道路型態子類別名稱,事故位置大類別名稱,事故位置子類別名稱,路面狀況-路面鋪裝名稱,路面狀況-路面狀態名稱,路面狀況-路面缺陷名稱,道路障礙-障礙物名稱,道路障礙-視距品質名稱,道路障礙-視距名稱,號誌-號誌種類名稱,號誌-號誌動作名稱,車道劃分設施-分向設施大類別名稱,車道劃分設施-分向設施子類別名稱,車道劃分設施-分道設施-快車道或一般車道間名稱,車道劃分設施-分道設施-快慢車道間名稱,車道劃分設施-分道設施-路面邊線名稱,事故類型及型態大類別名稱,事故類型及型態子類別名稱,肇因研判大類別名稱-主要,肇因研判子類別名稱-主要,死亡受傷人數,當事者順位,當事者區分-類別-大類別名稱-車種,當事者區分-類別-子類別名稱-車種,當事者屬-性-別名稱,當事者事故發生時年齡,保護裝備名稱,行動電話或電腦或其他相類功能裝置名稱,當事者行動狀態大類別名稱,當事者行動狀態子類別名稱,車輛撞擊部位大類別名稱-最初,車輛撞擊部位子類別名稱-最初,車輛撞擊部位大類別名稱-其他,車輛撞擊部位子類別名稱-其他,肇因研判大類別名稱-個別,肇因研判子類別名稱-個別,肇事逃逸類別名稱-是否肇逃,經度,緯度
2020,8,20200809,130100,A1,臺中市政府警察局,臺中市北屯區同榮里崇德十九路 / 臺中市北屯區同榮里榮德路,晴,日間自然光線,市區道路,50,交岔路,四岔路,交叉路口,交叉路口內,柏油,乾燥,無缺陷,無障礙物,良好,良好,閃光號誌,正常,無,無分向設施,未繪設車道線,未繪設快慢車道分隔線,無,車與車,路口交岔撞,駕駛人,未依規定讓車,死亡1;受傷1,2,小客車,自用,男,29,戴安全帽或繫安全帶(使用幼童安全椅),未使用,車的狀態,向前直行中,汽車,前車頭,,,駕駛人,未依規定減速,否,120.668271,24.198255
2020,8,20200809,130100,A1,臺中市政府警察局,臺中市北屯區同榮里崇德十九路 / 臺中市北屯區同榮里榮德路,晴,日間自然光線,市區道路,50,交岔路,四岔路,交叉路口,交叉路口內,柏油,乾燥,無缺陷,無障礙物,良好,良好,閃光號誌,正常,無,無分向設施,未繪設車道線,未繪設快慢車道分隔線,無,車與車,路口交岔撞,駕駛人,未依規定讓車,死亡1;受傷1,1,機車,普通重型,男,62,戴安全帽或繫安全帶(使用幼童安全椅),未使用,車的狀態,向前直行中,機車,右側車身,,,駕駛人,未依規定讓車,否,120.668271,24.198255
2020,8,20200809,165100,A1,嘉義縣警察局,嘉義縣太保市港尾里台18線4.3K往西,晴,日間自然光線,省道,70,交岔路,四岔路,交叉路口,交叉路口內,柏油,乾燥,無缺陷,無障礙物,良好,良好,行車管制號誌,正常,無,無分向設施,未繪設車道線,未繪設快慢車道分隔線,無,車與車,側撞,駕駛人,左轉彎未依規定,死亡1;受傷0,1,小客車,自用,男,45,戴安全帽或繫安全帶(使用幼童安全椅),未使用,車的狀態,左轉彎,汽車,右前車頭(身),,,駕駛人,左轉彎未依規定,否,120.355077,23.483148
2020,8,20200809,165100,A1,嘉義縣警察局,嘉義縣太保市港尾里台18線4.3K往西,晴,日間自然光線,省道,70,交岔路,四岔路,交叉路口,交叉路口內,柏油,乾燥,無缺陷,無障礙物,良好,良好,行車管制號誌,正常,無,無分向設施,未繪設車道線,未繪設快慢車道分隔線,無,車與車,側撞,駕駛人,左轉彎未依規定,死亡1;受傷0,2,機車,普通重型,男,33,戴安全帽或繫安全帶(使用幼童安全椅),未使用,車的狀態,向前直行中,機車,左側車身,,,駕駛人,未依規定減速,否,120.355077,23.483148
2020,8,20200809,195523,A1,花蓮縣警察局,花蓮縣光復鄉中山路一段與農場路口,晴,夜間(或隧道、地下道、涵洞)有照明,省道,70,交岔路,三岔路,交叉路口,交叉口附近,柏油,乾燥,無缺陷,無障礙物,良好,良好,閃光號誌,正常,中央分向島,寛式(50公分以上),車道線(附標記),快慢車道分隔線,有,車與車,路口交岔撞,駕駛人,未依規定讓車,死亡1;受傷1,1,機車,普通重型,女,22,戴安全帽或繫安全帶(使用幼童安全椅),未使用,車的狀態,向前直行中,機車,左側車身,,,駕駛人,未依規定讓車,否,121.406228,23.630513
2020,8,20200809,195523,A1,花蓮縣警察局,花蓮縣光復鄉中山路一段與農場路口,晴,夜間(或隧道、地下道、涵洞)有照明,省道,70,交岔路,三岔路,交叉路口,交叉口附近,柏油,乾燥,無缺陷,無障礙物,良好,良好,閃光號誌,正常,中央分向島,寛式(50公分以上),車道線(附標記),快慢車道分隔線,有,車與車,路口交岔撞,駕駛人,未依規定讓車,死亡1;受傷1,3,人,乘客,女,20,戴安全帽或繫安全帶(使用幼童安全椅),未使用,人的狀態,不明,其他,非汽(機)車,,,無(非車輛駕駛人因素),尚未發現肇事因素,否,121.406228,23.630513
2020,8,20200809,195523,A1,花蓮縣警察局,花蓮縣光復鄉中山路一段與農場路口,晴,夜間(或隧道、地下道、涵洞)有照明,省道,70,交岔路,三岔路,交叉路口,交叉口附近,柏油,乾燥,無缺陷,無障礙物,良好,良好,閃光號誌,正常,中央分向島,寛式(50公分以上),車道線(附標記),快慢車道分隔線,有,車與車,路口交岔撞,駕駛人,未依規定讓車,死亡1;受傷1,2,小貨車(含客、貨兩用),自用,男,58,戴安全帽或繫安全帶(使用幼童安全椅),未使用,車的狀態,向前直行中,汽車,前車頭,,,駕駛人,未依規定減速,否,121.406228,23.630513
2020,8,20200810,062119,A1,臺南市政府警察局,臺南市官田區南廍里南318線2.5公里(東向),晴,日間自然光線,市區道路,50,交岔路,三岔路,路段,快車道,柏油,乾燥,無缺陷,無障礙物,良好,良好,閃光號誌,正常,中央分向島,寛式(50公分以上),車道線(無標記),未繪設快慢車道分隔線,有,車與車,其他,駕駛人,左轉彎未依規定,死亡1;受傷0,1,機車,普通重型,男,81,不明,不明,車的狀態,左轉彎,機車,右側車身,,,駕駛人,左轉彎未依規定,否,120.305040,23.213117
2020,8,20200810,062119,A1,臺南市政府警察局,臺南市官田區南廍里南318線2.5公里(東向),晴,日間自然光線,市區道路,50,交岔路,三岔路,路段,快車道,柏油,乾燥,無缺陷,無障礙物,良好,良好,閃光號誌,正常,中央分向島,寛式(50公分以上),車道線(無標記),未繪設快慢車道分隔線,有,車與車,其他,駕駛人,左轉彎未依規定,死亡1;受傷0,2,小客車,自用,女,63,戴安全帽或繫安全帶(使用幼童安全椅),未使用,車的狀態,向前直行中,汽車,右前車頭(身),,,駕駛人,未依規定減速,否,120.305040,23.213117
2020,8,20200810,080217,A1,臺南市政府警察局,臺南市善化區文正里進學路口 / 臺南市善化區文正里光復路口,晴,日間自然光線,省道,50,交岔路,三岔路,交叉路口,交叉路口內,柏油,乾燥,無缺陷,無障礙物,良好,良好,行車管制號誌,正常,無,無分向設施,未繪設車道線,未繪設快慢車道分隔線,無,車與車,側撞,駕駛人,未依規定讓車,死亡1;受傷0,1,半聯結車,營業用,男,36,戴安全帽或繫安全帶(使用幼童安全椅),未使用,車的狀態,右轉彎,汽車,右後車尾(身),,,駕駛人,未依規定讓車,否,120.288501,23.137615
2020,8,20200810,080217,A1,臺南市政府警察局,臺南市善化區文正里進學路口 / 臺南市善化區文正里光復路口,晴,日間自然光線,省道,50,交岔路,三岔路,交叉路口,交叉路口內,柏油,乾燥,無缺陷,無障礙物,良好,良好,行車管制號誌,正常,無,無分向設施,未繪設車道線,未繪設快慢車道分隔線,無,車與車,側撞,駕駛人,未依規定讓車,死亡1;受傷0,2,慢車,腳踏自行車,女,85,其他(行人、慢車駕駛人),非汽(機)車駕駛人,車的狀態,向前直行中,其他,非汽(機)車,,,駕駛人,未注意車前狀態,否,120.288501,23.137615
2020,8,20200810,101900,A1,花蓮縣警察局,花蓮縣吉安鄉知卡宣大道1段口 / 花蓮縣吉安鄉南濱路1段口,晴,日間自然光線,縣道,50,交岔路,三岔路,交叉路口,交叉路口內,柏油,乾燥,無缺陷,無障礙物,良好,良好,行車管制號誌,正常,無,無分向設施,未繪設車道線,未繪設快慢車道分隔線,無,車與車,側撞,駕駛人,違反特定標誌(線)禁制,死亡1;受傷0,1,機車,普通重型,女,27,戴安全帽或繫安全帶(使用幼童安全椅),未使用,車的狀態,右轉彎,機車,左側車身,,,駕駛人,違反特定標誌(線)禁制,否,121.592359,23.940617
2020,8,20200810,101900,A1,花蓮縣警察局,花蓮縣吉安鄉知卡宣大道1段口 / 花蓮縣吉安鄉南濱路1段口,晴,日間自然光線,縣道,50,交岔路,三岔路,交叉路口,交叉路口內,柏油,乾燥,無缺陷,無障礙物,良好,良好,行車管制號誌,正常,無,無分向設施,未繪設車道線,未繪設快慢車道分隔線,無,車與車,側撞,駕駛人,違反特定標誌(線)禁制,死亡1;受傷0,2,大貨車,自用,男,27,戴安全帽或繫安全帶(使用幼童安全椅),未使用,車的狀態,向前直行中,汽車,右側車身,,,無(車輛駕駛人因素),尚未發現肇事因素,否,121.592359,23.940617
2020,8,20200810,142700,A1,彰化縣警察局,彰化縣芳苑鄉文津村功湖路草湖段 / 彰化縣芳苑鄉文津村草崙路13巷,陰,日間自然光線,村里道路,50,交岔路,四岔路,交叉路口,交叉路口內,柏油,乾燥,無缺陷,無障礙物,良好,良好,行車管制號誌,正常,中央分向島,窄式附柵欄,未繪設車道線,快慢車道分隔線,有,車與車,路口交岔撞,駕駛人,違反號誌管制或指揮,死亡1;受傷1,2,小貨車(含客、貨兩用),自用,男,21,不明,不明,車的狀態,向前直行中,汽車,前車頭,,,駕駛人,未注意車前狀態,否,120.368232,23.959726
2020,8,20200810,142700,A1,彰化縣警察局,彰化縣芳苑鄉文津村功湖路草湖段 / 彰化縣芳苑鄉文津村草崙路13巷,陰,日間自然光線,村里道路,50,交岔路,四岔路,交叉路口,交叉路口內,柏油,乾燥,無缺陷,無障礙物,良好,良好,行車管制號誌,正常,中央分向島,窄式附柵欄,未繪設車道線,快慢車道分隔線,有,車與車,路口交岔撞,駕駛人,違反號誌管制或指揮,死亡1;受傷1,1,機車,普通重型,男,36,戴安全帽或繫安全帶(使用幼童安全椅),未使用,車的狀態,向前直行中,機車,右側車身,,,駕駛人,違反號誌管制或指揮,否,120.368232,23.959726
2020,8,20200811,061600,A1,彰化縣警察局,彰化縣彰化市桃源里虎崗路附近 / 彰化縣彰化市桃源里環山路,晴,日間自然光線,市區道路,50,交岔路,三岔路,交叉路口,交叉口附近,柏油,乾燥,無缺陷,無障礙物,良好,良好,無號誌,無號誌,雙向禁止超車線,無標記,禁止變換車道線(無標記),快慢車道分隔線,有,汽(機)車本身,撞護欄(樁),其他,不明原因肇事,死亡1;受傷0,2,,,無或物(動物、堆置物),0,,,,,,,,,無(非車輛駕駛人因素),尚未發現肇事因素,否,120.544500,24.077500
2020,8,20200811,061600,A1,彰化縣警察局,彰化縣彰化市桃源里虎崗路附近 / 彰化縣彰化市桃源里環山路,晴,日間自然光線,市區道路,50,交岔路,三岔路,交叉路口,交叉口附近,柏油,乾燥,無缺陷,無障礙物,良好,良好,無號誌,無號誌,雙向禁止超車線,無標記,禁止變換車道線(無標記),快慢車道分隔線,有,汽(機)車本身,撞護欄(樁),其他,不明原因肇事,死亡1;受傷0,1,機車,普通重型,男,41,戴安全帽或繫安全帶(使用幼童安全椅),未使用,車的狀態,向前直行中,機車,前車頭,,,其他,不明原因肇事,否,120.544500,24.077500
2020,8,20200811,092000,A1,屏東縣政府警察局,屏東縣東港鎮船頭路與大東路331巷口,雨,日間自然光線,省道,60,交岔路,三岔路,交叉路口,交叉口附近,柏油,濕潤,無缺陷,無障礙物,良好,良好,行車管制號誌,正常,雙向禁止超車線,無標記,車道線(無標記),快慢車道分隔線,有,車與車,同向擦撞,駕駛人,未保持行車安全間隔,死亡1;受傷0,1,機車,普通重型,女,65,戴安全帽或繫安全帶(使用幼童安全椅),未使用,車的狀態,向左變換車道,機車,左側車身,,,駕駛人,未保持行車安全間隔,否,120.467188,22.461323
2020,8,20200811,092000,A1,屏東縣政府警察局,屏東縣東港鎮船頭路與大東路331巷口,雨,日間自然光線,省道,60,交岔路,三岔路,交叉路口,交叉口附近,柏油,濕潤,無缺陷,無障礙物,良好,良好,行車管制號誌,正常,雙向禁止超車線,無標記,車道線(無標記),快慢車道分隔線,有,車與車,同向擦撞,駕駛人,未保持行車安全間隔,死亡1;受傷0,2,曳引車,營業用,男,46,戴安全帽或繫安全帶(使用幼童安全椅),未使用,車的狀態,向前直行中,汽車,右前車頭(身),,,駕駛人,未保持行車安全間隔,否,120.467188,22.461323
2020,8,20200811,154600,A1,臺中市政府警察局,臺中市南屯區豐樂里永春東路892號前0.0公尺,陰,日間自然光線,市區道路,50,單路部分,直路,其他,穿越道附近,柏油,乾燥,無缺陷,無障礙物,良好,良好,閃光號誌,正常,無,無分向設施,未繪設車道線,未繪設快慢車道分隔線,無,人與汽(機)車,其他,駕駛人,未注意車前狀態,死亡1;受傷2,5,小客車,自用,男,52,不明,不明,車的狀態,靜止(引擎熄火),汽車,後車尾,,,無(車輛駕駛人因素),尚未發現肇事因素,否,120.640065,24.134841
2020,8,20200811,154600,A1,臺中市政府警察局,臺中市南屯區豐樂里永春東路892號前0.0公尺,陰,日間自然光線,市區道路,50,單路部分,直路,其他,穿越道附近,柏油,乾燥,無缺陷,無障礙物,良好,良好,閃光號誌,正常,無,無分向設施,未繪設車道線,未繪設快慢車道分隔線,無,人與汽(機)車,其他,駕駛人,未注意車前狀態,死亡1;受傷2,4,小客車,自用,男,75,不明,不明,車的狀態,靜止(引擎熄火),汽車,後車尾,汽車,前車頭,無(車輛駕駛人因素),尚未發現肇事因素,否,120.640065,24.134841
2020,8,20200811,154600,A1,臺中市政府警察局,臺中市南屯區豐樂里永春東路892號前0.0公尺,陰,日間自然光線,市區道路,50,單路部分,直路,其他,穿越道附近,柏油,乾燥,無缺陷,無障礙物,良好,良好,閃光號誌,正常,無,無分向設施,未繪設車道線,未繪設快慢車道分隔線,無,人與汽(機)車,其他,駕駛人,未注意車前狀態,死亡1;受傷2,2,人,行人,女,70,其他(行人、慢車駕駛人),非汽(機)車駕駛人,人的狀態,其他,其他,不明,,,無(非車輛駕駛人因素),尚未發現肇事因素,否,120.640065,24.134841
2020,8,20200811,154600,A1,臺中市政府警察局,臺中市南屯區豐樂里永春東路892號前0.0公尺,陰,日間自然光線,市區道路,50,單路部分,直路,其他,穿越道附近,柏油,乾燥,無缺陷,無障礙物,良好,良好,閃光號誌,正常,無,無分向設施,未繪設車道線,未繪設快慢車道分隔線,無,人與汽(機)車,其他,駕駛人,未注意車前狀態,死亡1;受傷2,3,人,行人,男,74,其他(行人、慢車駕駛人),非汽(機)車駕駛人,人的狀態,其他,其他,不明,,,無(非車輛駕駛人因素),尚未發現肇事因素,否,120.640065,24.134841
2020,8,20200811,154600,A1,臺中市政府警察局,臺中市南屯區豐樂里永春東路892號前0.0公尺,陰,日間自然光線,市區道路,50,單路部分,直路,其他,穿越道附近,柏油,乾燥,無缺陷,無障礙物,良好,良好,閃光號誌,正常,無,無分向設施,未繪設車道線,未繪設快慢車道分隔線,無,人與汽(機)車,其他,駕駛人,未注意車前狀態,死亡1;受傷2,1,小客車,自用,女,56,戴安全帽或繫安全帶(使用幼童安全椅),未使用,車的狀態,向右變換車道,汽車,前車頭,汽車,右側車身,駕駛人,未注意車前狀態,否,120.640065,24.134841
2020,8,20200811,192500,A1,宜蘭縣政府警察局,宜蘭縣蘇澳鎮中山路2段西側 / 宜蘭縣蘇澳鎮中山路2段北側,晴,夜間(或隧道、地下道、涵洞)有照明,省道,60,交岔路,三岔路,交叉路口,交叉路口內,柏油,乾燥,無缺陷,無障礙物,良好,良好,行車管制號誌,正常,中央分向島,寛式(50公分以上),車道線(附標記),快慢車道分隔線,有,車與車,側撞,駕駛人,未依規定讓車,死亡1;受傷1,1,曳引車,營業用,男,46,戴安全帽或繫安全帶(使用幼童安全椅),未使用,車的狀態,左轉彎,汽車,右側車身,,,駕駛人,未依規定讓車,否,121.827038,24.607961
2020,8,20200811,192500,A1,宜蘭縣政府警察局,宜蘭縣蘇澳鎮中山路2段西側 / 宜蘭縣蘇澳鎮中山路2段北側,晴,夜間(或隧道、地下道、涵洞)有照明,省道,60,交岔路,三岔路,交叉路口,交叉路口內,柏油,乾燥,無缺陷,無障礙物,良好,良好,行車管制號誌,正常,中央分向島,寛式(50公分以上),車道線(附標記),快慢車道分隔線,有,車與車,側撞,駕駛人,未依規定讓車,死亡1;受傷1,2,機車,普通重型,男,35,戴安全帽或繫安全帶(使用幼童安全椅),未使用,車的狀態,向前直行中,機車,前車頭,,,駕駛人,未注意車前狀態,否,121.827038,24.607961
2020,8,20200811,192500,A1,宜蘭縣政府警察局,宜蘭縣蘇澳鎮中山路2段西側 / 宜蘭縣蘇澳鎮中山路2段北側,晴,夜間(或隧道、地下道、涵洞)有照明,省道,60,交岔路,三岔路,交叉路口,交叉路口內,柏油,乾燥,無缺陷,無障礙物,良好,良好,行車管制號誌,正常,中央分向島,寛式(50公分以上),車道線(附標記),快慢車道分隔線,有,車與車,側撞,駕駛人,未依規定讓車,死亡1;受傷1,3,人,乘客,男,5,戴安全帽或繫安全帶(使用幼童安全椅),未使用,人的狀態,其他,其他,非汽(機)車,,,無(非車輛駕駛人因素),尚未發現肇事因素,否,121.827038,24.607961
2020,8,20200812,061100,A1,桃園市政府警察局,桃園市八德區興豐路口 / 桃園市八德區建安街口,晴,日間自然光線,市區道路,50,交岔路,三岔路,交叉路口,交叉路口內,柏油,乾燥,無缺陷,無障礙物,良好,良好,行車管制號誌(附設行人專用號誌),正常,無,無分向設施,未繪設車道線,未繪設快慢車道分隔線,無,車與車,路口交岔撞,駕駛人,違反號誌管制或指揮,死亡1;受傷1,3,人,乘客,男,44,不明,非汽(機)車駕駛人,人的狀態,不明,其他,不明,其他,不明,無(非車輛駕駛人因素),尚未發現肇事因素,是,121.321577,24.950481
2020,8,20200812,061100,A1,桃園市政府警察局,桃園市八德區興豐路口 / 桃園市八德區建安街口,晴,日間自然光線,市區道路,50,交岔路,三岔路,交叉路口,交叉路口內,柏油,乾燥,無缺陷,無障礙物,良好,良好,行車管制號誌(附設行人專用號誌),正常,無,無分向設施,未繪設車道線,未繪設快慢車道分隔線,無,車與車,路口交岔撞,駕駛人,違反號誌管制或指揮,死亡1;受傷1,1,機車,普通重型,男,42,戴安全帽或繫安全帶(使用幼童安全椅),未使用,車的狀態,向前直行中,機車,前車頭,機車,前車頭,駕駛人,違反號誌管制或指揮,否,121.321577,24.950481
2020,8,20200812,061100,A1,桃園市政府警察局,桃園市八德區興豐路口 / 桃園市八德區建安街口,晴,日間自然光線,市區道路,50,交岔路,三岔路,交叉路口,交叉路口內,柏油,乾燥,無缺陷,無障礙物,良好,良好,行車管制號誌(附設行人專用號誌),正常,無,無分向設施,未繪設車道線,未繪設快慢車道分隔線,無,車與車,路口交岔撞,駕駛人,違反號誌管制或指揮,死亡1;受傷1,2,小客車,自用,男,69,戴安全帽或繫安全帶(使用幼童安全椅),未使用,車的狀態,向前直行中,汽車,左側車身,汽車,左側車身,無(車輛駕駛人因素),尚未發現肇事因素,否,121.321577,24.950481
2020,8,20200812,105000,A1,臺東縣警察局,臺東縣成功鎮台11線 112公里100.0公尺處北側向中內,晴,日間自然光線,省道,50,交岔路,三岔路,交叉路口,交叉路口內,柏油,乾燥,無缺陷,無障礙物,良好,良好,閃光號誌,正常,無,無分向設施,未繪設車道線,未繪設快慢車道分隔線,無,汽(機)車本身,路上翻車、摔倒,駕駛人,超速失控,死亡1;受傷1,2,,,無或物(動物、堆置物),-1,,,,,,,,,無(非車輛駕駛人因素),尚未發現肇事因素,否,121.384876,23.110432
2020,8,20200812,105000,A1,臺東縣警察局,臺東縣成功鎮台11線 112公里100.0公尺處北側向中內,晴,日間自然光線,省道,50,交岔路,三岔路,交叉路口,交叉路口內,柏油,乾燥,無缺陷,無障礙物,良好,良好,閃光號誌,正常,無,無分向設施,未繪設車道線,未繪設快慢車道分隔線,無,汽(機)車本身,路上翻車、摔倒,駕駛人,超速失控,死亡1;受傷1,1,機車,大型重型1(550C.C.以上),男,42,戴安全帽或繫安全帶(使用幼童安全椅),未使用,車的狀態,向前直行中,機車,左側車身,,,駕駛人,超速失控,否,121.384876,23.110432
2020,8,20200812,105000,A1,臺東縣警察局,臺東縣成功鎮台11線 112公里100.0公尺處北側向中內,晴,日間自然光線,省道,50,交岔路,三岔路,交叉路口,交叉路口內,柏油,乾燥,無缺陷,無障礙物,良好,良好,閃光號誌,正常,無,無分向設施,未繪設車道線,未繪設快慢車道分隔線,無,汽(機)車本身,路上翻車、摔倒,駕駛人,超速失控,死亡1;受傷1,3,小貨車(含客、貨兩用),自用,男,69,戴安全帽或繫安全帶(使用幼童安全椅),未使用,車的狀態,左轉彎,汽車,左前車頭(身),,,駕駛人,未依規定讓車,否,121.384876,23.110432
2020,8,20200812,143200,A1,新北市政府警察局,新北市三重區新北市三重區力行路與永福街,晴,日間自然光線,市區道路,50,交岔路,四岔路,交叉路口,交叉路口內,柏油,乾燥,無缺陷,無障礙物,良好,良好,行車管制號誌,正常,無,無分向設施,未繪設車道線,未繪設快慢車道分隔線,無,車與車,側撞,駕駛人,違反特定標誌(線)禁制,死亡1;受傷0,1,機車,普通重型,男,76,戴安全帽或繫安全帶(使用幼童安全椅),未使用,車的狀態,左轉彎,機車,左側車身,機車,左側車身,駕駛人,違反特定標誌(線)禁制,否,121.484434,25.068983
2020,8,20200812,143200,A1,新北市政府警察局,新北市三重區新北市三重區力行路與永福街,晴,日間自然光線,市區道路,50,交岔路,四岔路,交叉路口,交叉路口內,柏油,乾燥,無缺陷,無障礙物,良好,良好,行車管制號誌,正常,無,無分向設施,未繪設車道線,未繪設快慢車道分隔線,無,車與車,側撞,駕駛人,違反特定標誌(線)禁制,死亡1;受傷0,2,小貨車(含客、貨兩用),自用,男,40,戴安全帽或繫安全帶(使用幼童安全椅),未使用,車的狀態,向前直行中,汽車,前車頭,汽車,前車頭,無(車輛駕駛人因素),尚未發現肇事因素,否,121.484434,25.068983
2020,8,20200812,190300,A1,屏東縣政府警察局,屏東縣萬丹鄉崙頂村萬順路2段口 / 屏東縣萬丹鄉崙頂村崙中路口,晴,夜間(或隧道、地下道、涵洞)有照明,縣道,50,交岔路,四岔路,交叉路口,交叉路口內,柏油,乾燥,無缺陷,無障礙物,良好,良好,行車管制號誌,正常,中央分向島,寛式(50公分以上),禁止變換車道線(無標記),快慢車道分隔線,無,車與車,路口交岔撞,駕駛人,違反號誌管制或指揮,死亡1;受傷1,2,慢車,腳踏自行車,男,12,其他(行人、慢車駕駛人),未使用,車的狀態,向前直行中,其他,非汽(機)車,,,駕駛人,違反號誌管制或指揮,否,120.464542,22.586396
2020,8,20200812,190300,A1,屏東縣政府警察局,屏東縣萬丹鄉崙頂村萬順路2段口 / 屏東縣萬丹鄉崙頂村崙中路口,晴,夜間(或隧道、地下道、涵洞)有照明,縣道,50,交岔路,四岔路,交叉路口,交叉路口內,柏油,乾燥,無缺陷,無障礙物,良好,良好,行車管制號誌,正常,中央分向島,寛式(50公分以上),禁止變換車道線(無標記),快慢車道分隔線,無,車與車,路口交岔撞,駕駛人,違反號誌管制或指揮,死亡1;受傷1,1,小客車,自用,男,21,戴安全帽或繫安全帶(使用幼童安全椅),未使用,車的狀態,向前直行中,汽車,前車頭,,,駕駛人,違反號誌管制或指揮,否,120.464542,22.586396
2020,8,20200812,202840,A1,國道公路警察局,苗栗縣通霄鎮國道3號 146公里600.0公尺處北側向外側,陰,夜間(或隧道、地下道、涵洞)無照明,國道,90,單路部分,直路,路段,快車道,柏油,乾燥,無缺陷,無障礙物,良好,良好,無號誌,無號誌,中央分向島,寛式(50公分以上),車道線(附標記),未繪設快慢車道分隔線,有,汽(機)車本身,撞護欄(樁),駕駛人,未注意車前狀態,死亡1;受傷1,2,,,無或物(動物、堆置物),-1,,,,,,,,,無(非車輛駕駛人因素),尚未發現肇事因素,否,120.703645,24.489687
2020,8,20200812,202840,A1,國道公路警察局,苗栗縣通霄鎮國道3號 146公里600.0公尺處北側向外側,陰,夜間(或隧道、地下道、涵洞)無照明,國道,90,單路部分,直路,路段,快車道,柏油,乾燥,無缺陷,無障礙物,良好,良好,無號誌,無號誌,中央分向島,寛式(50公分以上),車道線(附標記),未繪設快慢車道分隔線,有,汽(機)車本身,撞護欄(樁),駕駛人,未注意車前狀態,死亡1;受傷1,1,大貨車,營業用,男,38,戴安全帽或繫安全帶(使用幼童安全椅),未使用,車的狀態,向右變換車道,汽車,左前車頭(身),汽車,左側車身,駕駛人,未注意車前狀態,否,120.703645,24.489687
2020,8,20200812,202840,A1,國道公路警察局,苗栗縣通霄鎮國道3號 146公里600.0公尺處北側向外側,陰,夜間(或隧道、地下道、涵洞)無照明,國道,90,單路部分,直路,路段,快車道,柏油,乾燥,無缺陷,無障礙物,良好,良好,無號誌,無號誌,中央分向島,寛式(50公分以上),車道線(附標記),未繪設快慢車道分隔線,有,汽(機)車本身,撞護欄(樁),駕駛人,未注意車前狀態,死亡1;受傷1,3,人,乘客,女,33,未戴案全帽或未繫安全帶(未使用幼童安全椅),非汽(機)車駕駛人,人的狀態,其他,其他,非汽(機)車,,,無(非車輛駕駛人因素),尚未發現肇事因素,否,120.703645,24.489687
2020,8,20200812,222100,A1,臺中市政府警察局,臺中市東區東信里樂業路466號前0.0公尺,陰,夜間(或隧道、地下道、涵洞)有照明,市區道路,50,交岔路,三岔路,交叉路口,交叉口附近,柏油,乾燥,無缺陷,無障礙物,良好,良好,無號誌,無號誌,雙向禁止超車線,無標記,未繪設車道線,快慢車道分隔線,無,車與車,其他,駕駛人,酒醉(後)駕駛失控,死亡1;受傷0,1,機車,普通重型,男,41,不明,不明,車的狀態,其他,機車,右側車身,,,駕駛人,酒醉(後)駕駛失控,否,120.707031,24.136402
2020,8,20200812,222100,A1,臺中市政府警察局,臺中市東區東信里樂業路466號前0.0公尺,陰,夜間(或隧道、地下道、涵洞)有照明,市區道路,50,交岔路,三岔路,交叉路口,交叉口附近,柏油,乾燥,無缺陷,無障礙物,良好,良好,無號誌,無號誌,雙向禁止超車線,無標記,未繪設車道線,快慢車道分隔線,無,車與車,其他,駕駛人,酒醉(後)駕駛失控,死亡1;受傷0,2,小客車,自用,男,37,不明,不明,車的狀態,靜止(引擎熄火),汽車,左後車尾(身),,,其他,違規停車或暫停不當而肇事,否,120.707031,24.136402
2020,8,20200813,055000,A1,基隆市警察局,基隆市安樂區基金三路71-1號前0.0公尺,晴,日間自然光線,市區道路,50,單路部分,直路,路段,一般車道(未劃分快慢車道),柏油,乾燥,無缺陷,無障礙物,良好,良好,無號誌,無號誌,無,無分向設施,未繪設車道線,未繪設快慢車道分隔線,無,人與汽(機)車,穿越道路中,行人(或乘客),未依規定行走行人穿越道、地下道、天橋而穿越道路,死亡1;受傷0,2,小客車,自用,男,71,戴安全帽或繫安全帶(使用幼童安全椅),未使用,車的狀態,向前直行中,汽車,前車頭,汽車,前車頭,駕駛人,未注意車前狀態,否,121.696910,25.154059
2020,8,20200813,055000,A1,基隆市警察局,基隆市安樂區基金三路71-1號前0.0公尺,晴,日間自然光線,市區道路,50,單路部分,直路,路段,一般車道(未劃分快慢車道),柏油,乾燥,無缺陷,無障礙物,良好,良好,無號誌,無號誌,無,無分向設施,未繪設車道線,未繪設快慢車道分隔線,無,人與汽(機)車,穿越道路中,行人(或乘客),未依規定行走行人穿越道、地下道、天橋而穿越道路,死亡1;受傷0,1,人,行人,男,80,其他(行人、慢車駕駛人),非汽(機)車駕駛人,人的狀態,步行,其他,非汽(機)車,其他,非汽(機)車,行人(或乘客),未依規定行走行人穿越道、地下道、天橋而穿越道路,否,121.696910,25.154059