發生年度,發生月份,發生日期,發生時間,事故類別名稱,處理單位名稱警局層,發生地點,天候名稱,光線名稱,道路類別-第1當事者-名稱,速限-第1當事者,道路型態大類別名稱,道路型態子類別名稱,事故位置大類別名稱,事故位置子類別名稱,路面狀況-路面鋪裝名稱,路面狀況-路面狀態名稱,路面狀況-路面缺陷名稱,道路障礙-障礙物名稱,道路障礙-視距品質名稱,道路障礙-視距名稱,號誌-號誌種類名稱,號誌-號誌動作名稱,車道劃分設施-分向設施大類別名稱,車道劃分設施-分向設施子類別名稱,車道劃分設施-分道設施-快車道或一般車道間名稱,車道劃分設施-分道設施-快慢車道間名稱,車道劃分設施-分道設施-路面邊線名稱,事故類型及型態大類別名稱,事故類型及型態子類別名稱,肇因研判大類別名稱-主要,肇因研判子類別名稱-主要,死亡受傷人數,當事者順位,當事者區分-類別-大類別名稱-車種,當事者區分-類別-子類別名稱-車種,當事者屬-性-別名稱,當事者事故發生時年齡,保護裝備名稱,行動電話或電腦或其他相類功能裝置名稱,當事者行動狀態大類別名稱,當事者行動狀態子類別名稱,車輛撞擊部位大類別名稱-最初,車輛撞擊部位子類別名稱-最初,車輛撞擊部位大類別名稱-其他,車輛撞擊部位子類別名稱-其他,肇因研判大類別名稱-個別,肇因研判子類別名稱-個別,肇事逃逸類別名稱-是否肇逃,經度,緯度
2020,8,20200831,101616,A1,桃園市政府警察局,桃園市中壢區民權路3段36號前0.0公尺,陰,日間自然光線,市區道路,50,交岔路,三岔路,路段,一般車道(未劃分快慢車道),柏油,乾燥,無缺陷,無障礙物,良好,良好,無號誌,無號誌,雙向禁止超車線,無標記,未繪設車道線,未繪設快慢車道分隔線,有,車與車,追撞,駕駛人,未注意車前狀態,死亡1;受傷0,2,小客車,自用,男,52,戴安全帽或繫安全帶(使用幼童安全椅),未使用,車的狀態,等待(引擎未熄火),汽車,後車尾,,,無(車輛駕駛人因素),尚未發現肇事因素,否,121.217105,24.955973
2020,8,20200831,120910,A1,雲林縣警察局,雲林縣元長鄉西莊村台19公路前63200.0公尺北側,晴,日間自然光線,省道,60,單路部分,直路,路段,一般車道(未劃分快慢車道),柏油,乾燥,無缺陷,無障礙物,良好,良好,無號誌,無號誌,雙向禁止超車線,無標記,車道線(無標記),未繪設快慢車道分隔線,有,車與車,側撞,駕駛人,迴轉未依規定,死亡1;受傷0,2,機車,普通重型,男,86,戴安全帽或繫安全帶(使用幼童安全椅),未使用,車的狀態,向前直行中,機車,前車頭,,,駕駛人,未注意車前狀態,否,120.309599,23.620666
2020,8,20200831,120910,A1,雲林縣警察局,雲林縣元長鄉西莊村台19公路前63200.0公尺北側,晴,日間自然光線,省道,60,單路部分,直路,路段,一般車道(未劃分快慢車道),柏油,乾燥,無缺陷,無障礙物,良好,良好,無號誌,無號誌,雙向禁止超車線,無標記,車道線(無標記),未繪設快慢車道分隔線,有,車與車,側撞,駕駛人,迴轉未依規定,死亡1;受傷0,1,小貨車(含客、貨兩用),自用,男,24,戴安全帽或繫安全帶(使用幼童安全椅),未使用,車的狀態,迴轉或橫越道路中,汽車,左後車尾(身),,,駕駛人,迴轉未依規定,否,120.309599,23.620666
2020,8,20200831,131800,A1,鐵路警察局,臺中市龍井區茄投路1段35巷3號,晴,日間自然光線,其他,15,平交道,有遮斷器,其他,其他,其他鋪裝,乾燥,無缺陷,無障礙物,良好,良好,閃光號誌,正常,無,無分向設施,未繪設車道線,未繪設快慢車道分隔線,無,平交道事故,其他,行人(或乘客),其他引起事故之疏失或行為,死亡1;受傷0,2,其他車,火車,男,35,不明,未使用,車的狀態,向前直行中,汽車,右側車身,,,無(車輛駕駛人因素),尚未發現肇事因素,否,120.540936,24.176250
2020,8,20200831,131800,A1,鐵路警察局,臺中市龍井區茄投路1段35巷3號,晴,日間自然光線,其他,15,平交道,有遮斷器,其他,其他,其他鋪裝,乾燥,無缺陷,無障礙物,良好,良好,閃光號誌,正常,無,無分向設施,未繪設車道線,未繪設快慢車道分隔線,無,平交道事故,其他,行人(或乘客),其他引起事故之疏失或行為,死亡1;受傷0,1,人,行人,女,53,其他(行人、慢車駕駛人),非汽(機)車駕駛人,人的狀態,步行,其他,非汽(機)車,,,行人(或乘客),其他引起事故之疏失或行為,否,120.540936,24.176250
2020,8,20200831,132700,A1,彰化縣警察局,彰化縣田尾鄉海豐村新生路 / 彰化縣田尾鄉海豐村慶豐路,晴,日間自然光線,村里道路,40,交岔路,四岔路,交叉路口,交叉路口內,柏油,乾燥,無缺陷,無障礙物,良好,良好,無號誌,無號誌,無,無分向設施,未繪設車道線,未繪設快慢車道分隔線,無,車與車,路口交岔撞,駕駛人,未依規定讓車,死亡1;受傷2,2,小客車,自用,男,24,戴安全帽或繫安全帶(使用幼童安全椅),未使用,車的狀態,向前直行中,汽車,前車頭,,,駕駛人,未依規定減速,否,120.493367,23.908438
2020,8,20200831,132700,A1,彰化縣警察局,彰化縣田尾鄉海豐村新生路 / 彰化縣田尾鄉海豐村慶豐路,晴,日間自然光線,村里道路,40,交岔路,四岔路,交叉路口,交叉路口內,柏油,乾燥,無缺陷,無障礙物,良好,良好,無號誌,無號誌,無,無分向設施,未繪設車道線,未繪設快慢車道分隔線,無,車與車,路口交岔撞,駕駛人,未依規定讓車,死亡1;受傷2,1,機車,普通重型,女,24,戴安全帽或繫安全帶(使用幼童安全椅),未使用,車的狀態,向前直行中,機車,右側車身,,,駕駛人,未依規定讓車,是,120.493367,23.908438
2020,8,20200831,132700,A1,彰化縣警察局,彰化縣田尾鄉海豐村新生路 / 彰化縣田尾鄉海豐村慶豐路,晴,日間自然光線,村里道路,40,交岔路,四岔路,交叉路口,交叉路口內,柏油,乾燥,無缺陷,無障礙物,良好,良好,無號誌,無號誌,無,無分向設施,未繪設車道線,未繪設快慢車道分隔線,無,車與車,路口交岔撞,駕駛人,未依規定讓車,死亡1;受傷2,3,人,乘客,女,30,戴安全帽或繫安全帶(使用幼童安全椅),未使用,人的狀態,不明,其他,非汽(機)車,,,無(非車輛駕駛人因素),尚未發現肇事因素,否,120.493367,23.908438
2020,8,20200831,161115,A1,南投縣政府警察局,南投縣魚池鄉台21線與文正巷口(台21線58.5公里),陰,日間自然光線,省道,60,交岔路,三岔路,交叉路口,交叉口附近,柏油,濕潤,無缺陷,無障礙物,良好,良好,無號誌,無號誌,雙向禁止超車線,附標記,車道線(無標記),未繪設快慢車道分隔線,有,車與車,側撞,駕駛人,左轉彎未依規定,死亡1;受傷1,1,機車,普通重型,女,45,戴安全帽或繫安全帶(使用幼童安全椅),未使用,車的狀態,左轉彎,機車,後車尾,機車,後車尾,駕駛人,左轉彎未依規定,否,120.922269,23.889671
2020,8,20200831,161115,A1,南投縣政府警察局,南投縣魚池鄉台21線與文正巷口(台21線58.5公里),陰,日間自然光線,省道,60,交岔路,三岔路,交叉路口,交叉口附近,柏油,濕潤,無缺陷,無障礙物,良好,良好,無號誌,無號誌,雙向禁止超車線,附標記,車道線(無標記),未繪設快慢車道分隔線,有,車與車,側撞,駕駛人,左轉彎未依規定,死亡1;受傷1,2,小客車,自用,男,32,戴安全帽或繫安全帶(使用幼童安全椅),未使用,車的狀態,向前直行中,汽車,右前車頭(身),汽車,右前車頭(身),駕駛人,超速失控,否,120.922269,23.889671
2020,8,20200831,161115,A1,南投縣政府警察局,南投縣魚池鄉台21線與文正巷口(台21線58.5公里),陰,日間自然光線,省道,60,交岔路,三岔路,交叉路口,交叉口附近,柏油,濕潤,無缺陷,無障礙物,良好,良好,無號誌,無號誌,雙向禁止超車線,附標記,車道線(無標記),未繪設快慢車道分隔線,有,車與車,側撞,駕駛人,左轉彎未依規定,死亡1;受傷1,3,人,乘客,女,2,戴安全帽或繫安全帶(使用幼童安全椅),非汽(機)車駕駛人,人的狀態,不明,其他,非汽(機)車,其他,非汽(機)車,無(非車輛駕駛人因素),尚未發現肇事因素,否,120.922269,23.889671
2020,8,20200831,193300,A1,嘉義市政府警察局,嘉義市西區湖內里新民路前0.0公尺,晴,夜間(或隧道、地下道、涵洞)有照明,市區道路,50,單路部分,直路,路段,慢車道,柏油,乾燥,無缺陷,無障礙物,良好,良好,無號誌,無號誌,雙向禁止超車線,無標記,未繪設車道線,快慢車道分隔線,有,車與車,其他,駕駛人,酒醉(後)駕駛失控,死亡1;受傷0,1,慢車,腳踏自行車,男,63,不明,非汽(機)車駕駛人,車的狀態,向前直行中,其他,非汽(機)車,,,駕駛人,酒醉(後)駕駛失控,否,120.438136,23.457829
2020,8,20200831,193300,A1,嘉義市政府警察局,嘉義市西區湖內里新民路前0.0公尺,晴,夜間(或隧道、地下道、涵洞)有照明,市區道路,50,單路部分,直路,路段,慢車道,柏油,乾燥,無缺陷,無障礙物,良好,良好,無號誌,無號誌,雙向禁止超車線,無標記,未繪設車道線,快慢車道分隔線,有,車與車,其他,駕駛人,酒醉(後)駕駛失控,死亡1;受傷0,2,小貨車(含客、貨兩用),自用,男,49,不明,不明,車的狀態,靜止(引擎熄火),汽車,左側車身,,,其他,違規停車或暫停不當而肇事,否,120.438136,23.457829
2020,9,20200901,053900,A1,高雄市政府警察局,高雄市岡山區岡山路 / 高雄市岡山區嘉新西路,晴,日間自然光線,市區道路,60,交岔路,四岔路,交叉路口,交叉路口內,柏油,乾燥,無缺陷,無障礙物,良好,良好,行車管制號誌,正常,中央分向島,寛式(50公分以上),車道線(無標記),快慢車道分隔線,有,人與汽(機)車,穿越道路中,駕駛人,搶越行人穿越道,死亡1;受傷0,2,人,行人,男,61,其他(行人、慢車駕駛人),非汽(機)車駕駛人,人的狀態,步行,其他,非汽(機)車,其他,非汽(機)車,無(非車輛駕駛人因素),尚未發現肇事因素,否,120.292383,22.801473
2020,9,20200901,053900,A1,高雄市政府警察局,高雄市岡山區岡山路 / 高雄市岡山區嘉新西路,晴,日間自然光線,市區道路,60,交岔路,四岔路,交叉路口,交叉路口內,柏油,乾燥,無缺陷,無障礙物,良好,良好,行車管制號誌,正常,中央分向島,寛式(50公分以上),車道線(無標記),快慢車道分隔線,有,人與汽(機)車,穿越道路中,駕駛人,搶越行人穿越道,死亡1;受傷0,1,小客車,自用,男,82,戴安全帽或繫安全帶(使用幼童安全椅),未使用,車的狀態,向前直行中,汽車,左前車頭(身),汽車,左前車頭(身),駕駛人,搶越行人穿越道,否,120.292383,22.801473
2020,9,20200901,082300,A1,高雄市政府警察局,高雄市苓雅區凱旋三路519號前0.0公尺,晴,日間自然光線,市區道路,50,單路部分,直路,路段,一般車道(未劃分快慢車道),柏油,乾燥,無缺陷,無障礙物,良好,良好,無號誌,無號誌,雙向禁止超車線,附標記,未繪設車道線,快慢車道分隔線,有,車與車,側撞,駕駛人,迴轉未依規定,死亡1;受傷0,1,小客車,計程車,男,65,戴安全帽或繫安全帶(使用幼童安全椅),未使用,車的狀態,迴轉或橫越道路中,汽車,左側車身,汽車,左側車身,駕駛人,迴轉未依規定,否,120.327137,22.614689
2020,9,20200901,082300,A1,高雄市政府警察局,高雄市苓雅區凱旋三路519號前0.0公尺,晴,日間自然光線,市區道路,50,單路部分,直路,路段,一般車道(未劃分快慢車道),柏油,乾燥,無缺陷,無障礙物,良好,良好,無號誌,無號誌,雙向禁止超車線,附標記,未繪設車道線,快慢車道分隔線,有,車與車,側撞,駕駛人,迴轉未依規定,死亡1;受傷0,2,機車,普通重型,男,19,戴安全帽或繫安全帶(使用幼童安全椅),未使用,車的狀態,向前直行中,機車,前車頭,機車,前車頭,無(車輛駕駛人因素),尚未發現肇事因素,否,120.327137,22.614689
2020,9,20200901,133000,A1,苗栗縣警察局,苗栗縣通霄鎮台61線南下130.8公里處,晴,日間自然光線,專用道路,90,單路部分,直路,路段,路肩、路緣,柏油,乾燥,無缺陷,無障礙物,良好,良好,無號誌,無號誌,行車分向線,無標記,未繪設車道線,未繪設快慢車道分隔線,有,車與車,同向擦撞,駕駛人,未注意車前狀態,死亡2;受傷3,5,人,其他人,男,51,其他(行人、慢車駕駛人),未使用,人的狀態,步行,其他,非汽(機)車,,,無(非車輛駕駛人因素),尚未發現肇事因素,否,120.675336,24.491430
2020,9,20200901,133000,A1,苗栗縣警察局,苗栗縣通霄鎮台61線南下130.8公里處,晴,日間自然光線,專用道路,90,單路部分,直路,路段,路肩、路緣,柏油,乾燥,無缺陷,無障礙物,良好,良好,無號誌,無號誌,行車分向線,無標記,未繪設車道線,未繪設快慢車道分隔線,有,車與車,同向擦撞,駕駛人,未注意車前狀態,死亡2;受傷3,1,曳引車,營業用,男,53,戴安全帽或繫安全帶(使用幼童安全椅),未使用,車的狀態,向前直行中,汽車,前車頭,,,駕駛人,未注意車前狀態,否,120.675336,24.491430
2020,9,20200901,133000,A1,苗栗縣警察局,苗栗縣通霄鎮台61線南下130.8公里處,晴,日間自然光線,專用道路,90,單路部分,直路,路段,路肩、路緣,柏油,乾燥,無缺陷,無障礙物,良好,良好,無號誌,無號誌,行車分向線,無標記,未繪設車道線,未繪設快慢車道分隔線,有,車與車,同向擦撞,駕駛人,未注意車前狀態,死亡2;受傷3,4,人,其他人,男,31,其他(行人、慢車駕駛人),非汽(機)車駕駛人,人的狀態,步行,其他,不明,,,無(非車輛駕駛人因素),尚未發現肇事因素,否,120.675336,24.491430
2020,9,20200901,133000,A1,苗栗縣警察局,苗栗縣通霄鎮台61線南下130.8公里處,晴,日間自然光線,專用道路,90,單路部分,直路,路段,路肩、路緣,柏油,乾燥,無缺陷,無障礙物,良好,良好,無號誌,無號誌,行車分向線,無標記,未繪設車道線,未繪設快慢車道分隔線,有,車與車,同向擦撞,駕駛人,未注意車前狀態,死亡2;受傷3,2,小貨車(含客、貨兩用),自用,男,70,戴安全帽或繫安全帶(使用幼童安全椅),未使用,車的狀態,向前直行中,汽車,後車尾,,,無(車輛駕駛人因素),尚未發現肇事因素,否,120.675336,24.491430
2020,9,20200901,133000,A1,苗栗縣警察局,苗栗縣通霄鎮台61線南下130.8公里處,晴,日間自然光線,專用道路,90,單路部分,直路,路段,路肩、路緣,柏油,乾燥,無缺陷,無障礙物,良好,良好,無號誌,無號誌,行車分向線,無標記,未繪設車道線,未繪設快慢車道分隔線,有,車與車,同向擦撞,駕駛人,未注意車前狀態,死亡2;受傷3,3,小貨車(含客、貨兩用),自用,男,69,戴安全帽或繫安全帶(使用幼童安全椅),未使用,車的狀態,向前直行中,汽車,左側車身,,,無(車輛駕駛人因素),尚未發現肇事因素,否,120.675336,24.491430
2020,9,20200901,150300,A1,嘉義縣警察局,嘉義縣六腳鄉竹本村台19線76公里800公尺處,晴,日間自然光線,省道,60,交岔路,三岔路,交叉路口,交叉路口內,柏油,乾燥,無缺陷,無障礙物,良好,良好,無號誌,無號誌,無,無分向設施,未繪設車道線,未繪設快慢車道分隔線,無,車與車,側撞,駕駛人,變換車道或方向不當,死亡1;受傷1,1,機車,普通重型,男,80,不明,未使用,車的狀態,向左變換車道,機車,後車尾,,,駕駛人,變換車道或方向不當,否,120.264344,23.525215
2020,9,20200901,150300,A1,嘉義縣警察局,嘉義縣六腳鄉竹本村台19線76公里800公尺處,晴,日間自然光線,省道,60,交岔路,三岔路,交叉路口,交叉路口內,柏油,乾燥,無缺陷,無障礙物,良好,良好,無號誌,無號誌,無,無分向設施,未繪設車道線,未繪設快慢車道分隔線,無,車與車,側撞,駕駛人,變換車道或方向不當,死亡1;受傷1,2,機車,普通重型,女,20,戴安全帽或繫安全帶(使用幼童安全椅),未使用,車的狀態,向前直行中,機車,前車頭,,,駕駛人,未注意車前狀態,否,120.264344,23.525215
2020,9,20200901,160500,A1,桃園市政府警察局,桃園市大園區漁港路220號前,晴,日間自然光線,市區道路,50,單路部分,彎曲路及附近,路段,一般車道(未劃分快慢車道),柏油,乾燥,無缺陷,無障礙物,良好,良好,無號誌,無號誌,行車分向線,無標記,車道線(無標記),未繪設快慢車道分隔線,有,車與車,對撞,駕駛人,酒醉(後)駕駛失控,死亡1;受傷0,1,小客車,自用,男,46,戴安全帽或繫安全帶(使用幼童安全椅),未使用,車的狀態,向前直行中,汽車,前車頭,,,駕駛人,酒醉(後)駕駛失控,是,121.243060,25.113278
2020,9,20200901,160500,A1,桃園市政府警察局,桃園市大園區漁港路220號前,晴,日間自然光線,市區道路,50,單路部分,彎曲路及附近,路段,一般車道(未劃分快慢車道),柏油,乾燥,無缺陷,無障礙物,良好,良好,無號誌,無號誌,行車分向線,無標記,車道線(無標記),未繪設快慢車道分隔線,有,車與車,對撞,駕駛人,酒醉(後)駕駛失控,死亡1;受傷0,2,機車,普通重型,男,50,戴安全帽或繫安全帶(使用幼童安全椅),未使用,車的狀態,向前直行中,機車,前車頭,,,無(車輛駕駛人因素),尚未發現肇事因素,否,121.243060,25.113278
2020,9,20200902,100100,A1,臺北市政府警察局,臺北市北投區大度路1段前0.0公尺,晴,日間自然光線,市區道路,50,單路部分,直路,路段,機車優先道,柏油,乾燥,無缺陷,無障礙物,良好,良好,無號誌,無號誌,中央分向島,寛式(50公分以上),車道線(無標記),寛式快慢車道分隔島(50公分以上),有,車與車,追撞,駕駛人,未注意車前狀態,死亡1;受傷0,1,機車,普通重型,男,56,戴安全帽或繫安全帶(使用幼童安全椅),不明,車的狀態,向前直行中,機車,前車頭,機車,前車頭,駕駛人,未注意車前狀態,否,121.495074,25.121221
2020,9,20200902,100100,A1,臺北市政府警察局,臺北市北投區大度路1段前0.0公尺,晴,日間自然光線,市區道路,50,單路部分,直路,路段,機車優先道,柏油,乾燥,無缺陷,無障礙物,良好,良好,無號誌,無號誌,中央分向島,寛式(50公分以上),車道線(無標記),寛式快慢車道分隔島(50公分以上),有,車與車,追撞,駕駛人,未注意車前狀態,死亡1;受傷0,2,小貨車(含客、貨兩用),自用,男,47,不明,不明,車的狀態,向前直行中,汽車,左後車尾(身),汽車,左後車尾(身),無(車輛駕駛人因素),尚未發現肇事因素,否,121.495074,25.121221
2020,9,20200902,111100,A1,彰化縣警察局,彰化縣彰化市阿夷里金馬路1段 / 彰化縣彰化市阿夷里建國北路,晴,日間自然光線,市區道路,50,交岔路,三岔路,交叉路口,交叉路口內,柏油,乾燥,無缺陷,無障礙物,良好,良好,行車管制號誌,正常,中央分向島,寛式(50公分以上),未繪設車道線,未繪設快慢車道分隔線,有,車與車,路口交岔撞,駕駛人,違反號誌管制或指揮,死亡1;受傷0,1,機車,普通重型,女,72,戴安全帽或繫安全帶(使用幼童安全椅),未使用,車的狀態,起步,機車,左側車身,,,駕駛人,違反號誌管制或指揮,否,120.548942,24.096639
2020,9,20200902,111100,A1,彰化縣警察局,彰化縣彰化市阿夷里金馬路1段 / 彰化縣彰化市阿夷里建國北路,晴,日間自然光線,市區道路,50,交岔路,三岔路,交叉路口,交叉路口內,柏油,乾燥,無缺陷,無障礙物,良好,良好,行車管制號誌,正常,中央分向島,寛式(50公分以上),未繪設車道線,未繪設快慢車道分隔線,有,車與車,路口交岔撞,駕駛人,違反號誌管制或指揮,死亡1;受傷0,2,小貨車(含客、貨兩用),自用,男,49,戴安全帽或繫安全帶(使用幼童安全椅),未使用,車的狀態,起步,汽車,前車頭,,,駕駛人,違反號誌管制或指揮,否,120.548942,24.096639
2020,9,20200902,230847,A1,國道公路警察局,臺南市新營區國道1號 290公里400.0公尺處北側向外側,晴,夜間(或隧道、地下道、涵洞)無照明,國道,110,單路部分,直路,路段,快車道,柏油,乾燥,無缺陷,無障礙物,良好,良好,無號誌,無號誌,中央分向島,寛式(50公分以上),車道線(附標記),未繪設快慢車道分隔線,有,車與車,追撞,駕駛人,未注意車前狀態,死亡2;受傷1,3,,,無或物(動物、堆置物),-1,,,,,,,,,無(非車輛駕駛人因素),尚未發現肇事因素,否,120.286829,23.301761
2020,9,20200902,230847,A1,國道公路警察局,臺南市新營區國道1號 290公里400.0公尺處北側向外側,晴,夜間(或隧道、地下道、涵洞)無照明,國道,110,單路部分,直路,路段,快車道,柏油,乾燥,無缺陷,無障礙物,良好,良好,無號誌,無號誌,中央分向島,寛式(50公分以上),車道線(附標記),未繪設快慢車道分隔線,有,車與車,追撞,駕駛人,未注意車前狀態,死亡2;受傷1,5,人,乘客,女,61,不明,非汽(機)車駕駛人,人的狀態,其他,其他,非汽(機)車,,,無(非車輛駕駛人因素),尚未發現肇事因素,否,120.286829,23.301761
2020,9,20200902,230847,A1,國道公路警察局,臺南市新營區國道1號 290公里400.0公尺處北側向外側,晴,夜間(或隧道、地下道、涵洞)無照明,國道,110,單路部分,直路,路段,快車道,柏油,乾燥,無缺陷,無障礙物,良好,良好,無號誌,無號誌,中央分向島,寛式(50公分以上),車道線(附標記),未繪設快慢車道分隔線,有,車與車,追撞,駕駛人,未注意車前狀態,死亡2;受傷1,1,大貨車,自用,男,26,戴安全帽或繫安全帶(使用幼童安全椅),未使用,車的狀態,向前直行中,汽車,前車頭,,,駕駛人,未注意車前狀態,否,120.286829,23.301761
2020,9,20200902,230847,A1,國道公路警察局,臺南市新營區國道1號 290公里400.0公尺處北側向外側,晴,夜間(或隧道、地下道、涵洞)無照明,國道,110,單路部分,直路,路段,快車道,柏油,乾燥,無缺陷,無障礙物,良好,良好,無號誌,無號誌,中央分向島,寛式(50公分以上),車道線(附標記),未繪設快慢車道分隔線,有,車與車,追撞,駕駛人,未注意車前狀態,死亡2;受傷1,4,小貨車(含客、貨兩用),自用,男,35,戴安全帽或繫安全帶(使用幼童安全椅),未使用,車的狀態,向前直行中,汽車,前車頭,,,駕駛人,未注意車前狀態,否,120.286829,23.301761
2020,9,20200902,230847,A1,國道公路警察局,臺南市新營區國道1號 290公里400.0公尺處北側向外側,晴,夜間(或隧道、地下道、涵洞)無照明,國道,110,單路部分,直路,路段,快車道,柏油,乾燥,無缺陷,無障礙物,良好,良好,無號誌,無號誌,中央分向島,寛式(50公分以上),車道線(附標記),未繪設快慢車道分隔線,有,車與車,追撞,駕駛人,未注意車前狀態,死亡2;受傷1,2,小客車,自用,女,61,未戴案全帽或未繫安全帶(未使用幼童安全椅),未使用,車的狀態,向前直行中,汽車,後車尾,汽車,前車頭,無(車輛駕駛人因素),尚未發現肇事因素,否,120.286829,23.301761
2020,9,20200903,055200,A1,臺中市政府警察局,臺中市龍井區麗水里臨港路二段 / 臺中市龍井區麗水里龍昌路,晴,日間自然光線,市區道路,70,交岔路,三岔路,交叉路口,交叉路口內,柏油,乾燥,無缺陷,無障礙物,良好,良好,行車管制號誌,正常,無,無分向設施,未繪設車道線,未繪設快慢車道分隔線,無,車與車,側撞,駕駛人,違反號誌管制或指揮,死亡1;受傷0,1,小貨車(含客、貨兩用),自用,男,37,不明,不明,車的狀態,向前直行中,汽車,左前車頭(身),汽車,前車頭,駕駛人,違反號誌管制或指揮,是,120.505994,24.210160
2020,9,20200903,055200,A1,臺中市政府警察局,臺中市龍井區麗水里臨港路二段 / 臺中市龍井區麗水里龍昌路,晴,日間自然光線,市區道路,70,交岔路,三岔路,交叉路口,交叉路口內,柏油,乾燥,無缺陷,無障礙物,良好,良好,行車管制號誌,正常,無,無分向設施,未繪設車道線,未繪設快慢車道分隔線,無,車與車,側撞,駕駛人,違反號誌管制或指揮,死亡1;受傷0,2,機車,普通重型,女,50,戴安全帽或繫安全帶(使用幼童安全椅),未使用,車的狀態,向前直行中,機車,右側車身,,,無(車輛駕駛人因素),尚未發現肇事因素,否,120.505994,24.210160
2020,9,20200904,015100,A1,高雄市政府警察局,高雄市林園區沿海路4段 / 高雄市林園區椰樹南巷,晴,夜間(或隧道、地下道、涵洞)有照明,市區道路,50,交岔路,四岔路,交叉路口,交叉口附近,柏油,乾燥,無缺陷,無障礙物,不良,彎道,行車管制號誌,正常,無,無分向設施,未繪設車道線,未繪設快慢車道分隔線,無,汽(機)車本身,撞路樹、電桿,駕駛人,超速失控,死亡1;受傷1,2,,,無或物(動物、堆置物),109,,,,,,,,,無(非車輛駕駛人因素),尚未發現肇事因素,否,120.384043,22.501686
2020,9,20200904,015100,A1,高雄市政府警察局,高雄市林園區沿海路4段 / 高雄市林園區椰樹南巷,晴,夜間(或隧道、地下道、涵洞)有照明,市區道路,50,交岔路,四岔路,交叉路口,交叉口附近,柏油,乾燥,無缺陷,無障礙物,不良,彎道,行車管制號誌,正常,無,無分向設施,未繪設車道線,未繪設快慢車道分隔線,無,汽(機)車本身,撞路樹、電桿,駕駛人,超速失控,死亡1;受傷1,1,機車,普通重型,男,18,戴安全帽或繫安全帶(使用幼童安全椅),未使用,車的狀態,向前直行中,機車,前車頭,機車,前車頭,駕駛人,超速失控,否,120.384043,22.501686
2020,9,20200904,015100,A1,高雄市政府警察局,高雄市林園區沿海路4段 / 高雄市林園區椰樹南巷,晴,夜間(或隧道、地下道、涵洞)有照明,市區道路,50,交岔路,四岔路,交叉路口,交叉口附近,柏油,乾燥,無缺陷,無障礙物,不良,彎道,行車管制號誌,正常,無,無分向設施,未繪設車道線,未繪設快慢車道分隔線,無,汽(機)車本身,撞路樹、電桿,駕駛人,超速失控,死亡1;受傷1,3,人,乘客,女,16,戴安全帽或繫安全帶(使用幼童安全椅),非汽(機)車駕駛人,人的狀態,其他,其他,非汽(機)車,其他,非汽(機)車,無(非車輛駕駛人因素),尚未發現肇事因素,否,120.384043,22.501686
2020,9,20200904,061800,A1,屏東縣政府警察局,屏東縣鹽埔鄉平和路57號前0.0公尺,晴,日間自然光線,村里道路,25,單路部分,直路,路段,一般車道(未劃分快慢車道),柏油,乾燥,無缺陷,無障礙物,良好,良好,無號誌,無號誌,行車分向線,無標記,未繪設車道線,未繪設快慢車道分隔線,有,車與車,側撞,駕駛人,迴轉未依規定,死亡1;受傷1,1,慢車,腳踏自行車,女,78,其他(行人、慢車駕駛人),未使用,車的狀態,迴轉或橫越道路中,其他,非汽(機)車,,,駕駛人,迴轉未依規定,否,120.580180,22.738791
2020,9,20200904,061800,A1,屏東縣政府警察局,屏東縣鹽埔鄉平和路57號前0.0公尺,晴,日間自然光線,村里道路,25,單路部分,直路,路段,一般車道(未劃分快慢車道),柏油,乾燥,無缺陷,無障礙物,良好,良好,無號誌,無號誌,行車分向線,無標記,未繪設車道線,未繪設快慢車道分隔線,有,車與車,側撞,駕駛人,迴轉未依規定,死亡1;受傷1,2,機車,普通重型,男,66,戴安全帽或繫安全帶(使用幼童安全椅),未使用,車的狀態,向前直行中,機車,前車頭,機車,左側車身,駕駛人,未注意車前狀態,否,120.580180,22.738791
2020,9,20200904,061800,A1,屏東縣政府警察局,屏東縣鹽埔鄉平和路57號前0.0公尺,晴,日間自然光線,村里道路,25,單路部分,直路,路段,一般車道(未劃分快慢車道),柏油,乾燥,無缺陷,無障礙物,良好,良好,無號誌,無號誌,行車分向線,無標記,未繪設車道線,未繪設快慢車道分隔線,有,車與車,側撞,駕駛人,迴轉未依規定,死亡1;受傷1,3,人,乘客,女,61,戴安全帽或繫安全帶(使用幼童安全椅),非汽(機)車駕駛人,人的狀態,靜立(止),其他,非汽(機)車,,,無(非車輛駕駛人因素),尚未發現肇事因素,否,120.580180,22.738791
2020,9,20200904,091800,A1,高雄市政府警察局,高雄市楠梓區旗楠路126巷前0.0公尺,晴,日間自然光線,市區道路,50,單路部分,直路,路段,快車道,柏油,乾燥,無缺陷,無障礙物,良好,良好,無號誌,無號誌,中央分向島,寛式(50公分以上),車道線(附標記),快慢車道分隔線,有,車與車,側撞,駕駛人,變換車道或方向不當,死亡1;受傷2,3,人,乘客,女,23,戴安全帽或繫安全帶(使用幼童安全椅),未使用,人的狀態,不明,其他,不明,其他,不明,無(非車輛駕駛人因素),尚未發現肇事因素,否,120.331123,22.732545