發生年度,發生月份,發生日期,發生時間,事故類別名稱,處理單位名稱警局層,發生地點,天候名稱,光線名稱,道路類別-第1當事者-名稱,速限-第1當事者,道路型態大類別名稱,道路型態子類別名稱,事故位置大類別名稱,事故位置子類別名稱,路面狀況-路面鋪裝名稱,路面狀況-路面狀態名稱,路面狀況-路面缺陷名稱,道路障礙-障礙物名稱,道路障礙-視距品質名稱,道路障礙-視距名稱,號誌-號誌種類名稱,號誌-號誌動作名稱,車道劃分設施-分向設施大類別名稱,車道劃分設施-分向設施子類別名稱,車道劃分設施-分道設施-快車道或一般車道間名稱,車道劃分設施-分道設施-快慢車道間名稱,車道劃分設施-分道設施-路面邊線名稱,事故類型及型態大類別名稱,事故類型及型態子類別名稱,肇因研判大類別名稱-主要,肇因研判子類別名稱-主要,死亡受傷人數,當事者順位,當事者區分-類別-大類別名稱-車種,當事者區分-類別-子類別名稱-車種,當事者屬-性-別名稱,當事者事故發生時年齡,保護裝備名稱,行動電話或電腦或其他相類功能裝置名稱,當事者行動狀態大類別名稱,當事者行動狀態子類別名稱,車輛撞擊部位大類別名稱-最初,車輛撞擊部位子類別名稱-最初,車輛撞擊部位大類別名稱-其他,車輛撞擊部位子類別名稱-其他,肇因研判大類別名稱-個別,肇因研判子類別名稱-個別,肇事逃逸類別名稱-是否肇逃,經度,緯度
2020,9,20200904,091800,A1,高雄市政府警察局,高雄市楠梓區旗楠路126巷前0.0公尺,晴,日間自然光線,市區道路,50,單路部分,直路,路段,快車道,柏油,乾燥,無缺陷,無障礙物,良好,良好,無號誌,無號誌,中央分向島,寛式(50公分以上),車道線(附標記),快慢車道分隔線,有,車與車,側撞,駕駛人,變換車道或方向不當,死亡1;受傷2,2,機車,普通重型,男,22,戴安全帽或繫安全帶(使用幼童安全椅),未使用,車的狀態,向前直行中,機車,左側車身,機車,左側車身,駕駛人,未注意車前狀態,否,120.331123,22.732545
2020,9,20200904,091800,A1,高雄市政府警察局,高雄市楠梓區旗楠路126巷前0.0公尺,晴,日間自然光線,市區道路,50,單路部分,直路,路段,快車道,柏油,乾燥,無缺陷,無障礙物,良好,良好,無號誌,無號誌,中央分向島,寛式(50公分以上),車道線(附標記),快慢車道分隔線,有,車與車,側撞,駕駛人,變換車道或方向不當,死亡1;受傷2,1,機車,普通重型,男,76,戴安全帽或繫安全帶(使用幼童安全椅),未使用,車的狀態,向左變換車道,機車,左側車身,機車,左側車身,駕駛人,變換車道或方向不當,否,120.331123,22.732545
2020,9,20200904,190314,A1,國道公路警察局,新北市汐止區國道3號 12公里南側向外側,晴,夜間(或隧道、地下道、涵洞)無照明,國道,90,單路部分,直路,路段,快車道,柏油,乾燥,無缺陷,無障礙物,良好,良好,無號誌,無號誌,中央分向島,寛式(50公分以上),車道線(附標記),未繪設快慢車道分隔線,有,車與車,追撞,駕駛人,未注意車前狀態,死亡1;受傷0,1,小貨車(含客、貨兩用),營業用,男,39,戴安全帽或繫安全帶(使用幼童安全椅),不明,車的狀態,向前直行中,汽車,前車頭,,,駕駛人,未注意車前狀態,否,121.642705,25.063755
2020,9,20200904,190314,A1,國道公路警察局,新北市汐止區國道3號 12公里南側向外側,晴,夜間(或隧道、地下道、涵洞)無照明,國道,90,單路部分,直路,路段,快車道,柏油,乾燥,無缺陷,無障礙物,良好,良好,無號誌,無號誌,中央分向島,寛式(50公分以上),車道線(附標記),未繪設快慢車道分隔線,有,車與車,追撞,駕駛人,未注意車前狀態,死亡1;受傷0,2,大貨車,自用,男,52,戴安全帽或繫安全帶(使用幼童安全椅),未使用,車的狀態,等待(引擎未熄火),汽車,後車尾,,,無(車輛駕駛人因素),尚未發現肇事因素,否,121.642705,25.063755
2020,9,20200904,203912,A1,屏東縣政府警察局,屏東縣滿州鄉屏縣道200號22.8K,晴,夜間(或隧道、地下道、涵洞)無照明,縣道,40,單路部分,彎曲路及附近,路段,一般車道(未劃分快慢車道),柏油,乾燥,無缺陷,無障礙物,良好,良好,無號誌,無號誌,行車分向線,附標記,未繪設車道線,未繪設快慢車道分隔線,有,車與車,對撞,駕駛人,違反特定標誌(線)禁制,死亡1;受傷0,2,機車,普通重型,女,26,不明,不明,車的狀態,向前直行中,其他,不明,其他,不明,無(車輛駕駛人因素),尚未發現肇事因素,否,120.826410,22.066582
2020,9,20200904,203912,A1,屏東縣政府警察局,屏東縣滿州鄉屏縣道200號22.8K,晴,夜間(或隧道、地下道、涵洞)無照明,縣道,40,單路部分,彎曲路及附近,路段,一般車道(未劃分快慢車道),柏油,乾燥,無缺陷,無障礙物,良好,良好,無號誌,無號誌,行車分向線,附標記,未繪設車道線,未繪設快慢車道分隔線,有,車與車,對撞,駕駛人,違反特定標誌(線)禁制,死亡1;受傷0,3,人,乘客,男,22,不明,非汽(機)車駕駛人,人的狀態,靜立(止),其他,非汽(機)車,其他,非汽(機)車,無(非車輛駕駛人因素),尚未發現肇事因素,否,120.826410,22.066582
2020,9,20200904,203912,A1,屏東縣政府警察局,屏東縣滿州鄉屏縣道200號22.8K,晴,夜間(或隧道、地下道、涵洞)無照明,縣道,40,單路部分,彎曲路及附近,路段,一般車道(未劃分快慢車道),柏油,乾燥,無缺陷,無障礙物,良好,良好,無號誌,無號誌,行車分向線,附標記,未繪設車道線,未繪設快慢車道分隔線,有,車與車,對撞,駕駛人,違反特定標誌(線)禁制,死亡1;受傷0,1,小貨車(含客、貨兩用),自用,男,31,戴安全帽或繫安全帶(使用幼童安全椅),未使用,車的狀態,向前直行中,其他,不明,其他,不明,駕駛人,違反特定標誌(線)禁制,否,120.826410,22.066582
2020,9,20200904,223100,A1,新竹市警察局,新竹市東區田美三街22巷田美三街,晴,夜間(或隧道、地下道、涵洞)有照明,市區道路,50,交岔路,四岔路,交叉路口,交叉路口內,柏油,乾燥,無缺陷,無障礙物,良好,良好,無號誌,無號誌,行車分向線,無標記,未繪設車道線,未繪設快慢車道分隔線,有,人與汽(機)車,穿越道路中,行人(或乘客),穿越道路未注意左右來車,死亡1;受傷1,2,機車,普通重型,女,46,戴安全帽或繫安全帶(使用幼童安全椅),未使用,車的狀態,向前直行中,機車,前車頭,機車,前車頭,駕駛人,未注意車前狀態,否,120.976884,24.815463
2020,9,20200904,223100,A1,新竹市警察局,新竹市東區田美三街22巷田美三街,晴,夜間(或隧道、地下道、涵洞)有照明,市區道路,50,交岔路,四岔路,交叉路口,交叉路口內,柏油,乾燥,無缺陷,無障礙物,良好,良好,無號誌,無號誌,行車分向線,無標記,未繪設車道線,未繪設快慢車道分隔線,有,人與汽(機)車,穿越道路中,行人(或乘客),穿越道路未注意左右來車,死亡1;受傷1,1,人,行人,女,82,其他(行人、慢車駕駛人),非汽(機)車駕駛人,人的狀態,步行,其他,非汽(機)車,其他,非汽(機)車,行人(或乘客),穿越道路未注意左右來車,否,120.976884,24.815463
2020,9,20200905,053600,A1,臺中市政府警察局,臺中市西屯區港尾里中清路三段91號前0.0公尺,晴,日間自然光線,市區道路,50,單路部分,直路,路段,慢車道,柏油,乾燥,無缺陷,無障礙物,良好,良好,無號誌,無號誌,中央分向島,寛式(50公分以上),車道線(無標記),快慢車道分隔線,無,車與車,側撞,駕駛人,變換車道或方向不當,死亡1;受傷0,1,小客車,自用,男,24,不明,不明,車的狀態,向右變換車道,汽車,右前車頭(身),,,駕駛人,變換車道或方向不當,否,120.654835,24.201128
2020,9,20200905,053600,A1,臺中市政府警察局,臺中市西屯區港尾里中清路三段91號前0.0公尺,晴,日間自然光線,市區道路,50,單路部分,直路,路段,慢車道,柏油,乾燥,無缺陷,無障礙物,良好,良好,無號誌,無號誌,中央分向島,寛式(50公分以上),車道線(無標記),快慢車道分隔線,無,車與車,側撞,駕駛人,變換車道或方向不當,死亡1;受傷0,2,機車,普通重型,男,69,不明,不明,車的狀態,向前直行中,機車,左側車身,,,無(車輛駕駛人因素),尚未發現肇事因素,否,120.654835,24.201128
2020,9,20200905,053600,A1,臺中市政府警察局,臺中市西屯區港尾里中清路三段91號前0.0公尺,晴,日間自然光線,市區道路,50,單路部分,直路,路段,慢車道,柏油,乾燥,無缺陷,無障礙物,良好,良好,無號誌,無號誌,中央分向島,寛式(50公分以上),車道線(無標記),快慢車道分隔線,無,車與車,側撞,駕駛人,變換車道或方向不當,死亡1;受傷0,3,小客車,自用,男,28,不明,不明,車的狀態,靜止(引擎熄火),汽車,左後車尾(身),,,無(車輛駕駛人因素),尚未發現肇事因素,否,120.654835,24.201128
2020,9,20200905,072500,A1,新北市政府警察局,新北市中和區新北市中和區和城路與錦和路,晴,日間自然光線,市區道路,50,交岔路,四岔路,交叉路口,交叉路口內,柏油,乾燥,無缺陷,無障礙物,良好,良好,行車管制號誌,正常,雙向禁止超車線,無標記,車道線(無標記),未繪設快慢車道分隔線,有,車與車,其他,駕駛人,未保持行車安全間隔,死亡1;受傷1,1,機車,普通重型,男,59,戴安全帽或繫安全帶(使用幼童安全椅),未使用,車的狀態,向前直行中,機車,右側車身,機車,右側車身,駕駛人,未保持行車安全間隔,否,121.485198,24.993454
2020,9,20200905,072500,A1,新北市政府警察局,新北市中和區新北市中和區和城路與錦和路,晴,日間自然光線,市區道路,50,交岔路,四岔路,交叉路口,交叉路口內,柏油,乾燥,無缺陷,無障礙物,良好,良好,行車管制號誌,正常,雙向禁止超車線,無標記,車道線(無標記),未繪設快慢車道分隔線,有,車與車,其他,駕駛人,未保持行車安全間隔,死亡1;受傷1,2,機車,普通重型,男,36,戴安全帽或繫安全帶(使用幼童安全椅),未使用,車的狀態,向前直行中,機車,左側車身,機車,左側車身,駕駛人,未保持行車安全間隔,否,121.485198,24.993454
2020,9,20200905,072500,A1,新北市政府警察局,新北市中和區新北市中和區和城路與錦和路,晴,日間自然光線,市區道路,50,交岔路,四岔路,交叉路口,交叉路口內,柏油,乾燥,無缺陷,無障礙物,良好,良好,行車管制號誌,正常,雙向禁止超車線,無標記,車道線(無標記),未繪設快慢車道分隔線,有,車與車,其他,駕駛人,未保持行車安全間隔,死亡1;受傷1,3,小客車,自用,男,28,戴安全帽或繫安全帶(使用幼童安全椅),未使用,車的狀態,向前直行中,汽車,左前車頭(身),汽車,左前車頭(身),無(車輛駕駛人因素),尚未發現肇事因素,否,121.485198,24.993454
2020,9,20200905,174000,A1,臺南市政府警察局,臺南市學甲區南1-1 3公里,晴,日間自然光線,村里道路,30,交岔路,四岔路,交叉路口,交叉路口內,柏油,乾燥,無缺陷,無障礙物,良好,良好,無號誌,無號誌,無,無分向設施,未繪設車道線,未繪設快慢車道分隔線,無,車與車,側撞,駕駛人,未依規定讓車,死亡1;受傷0,2,大貨車,自用,男,64,戴安全帽或繫安全帶(使用幼童安全椅),未使用,車的狀態,向前直行中,汽車,前車頭,,,駕駛人,未依規定減速,否,120.157817,23.245538
2020,9,20200905,174000,A1,臺南市政府警察局,臺南市學甲區南1-1 3公里,晴,日間自然光線,村里道路,30,交岔路,四岔路,交叉路口,交叉路口內,柏油,乾燥,無缺陷,無障礙物,良好,良好,無號誌,無號誌,無,無分向設施,未繪設車道線,未繪設快慢車道分隔線,無,車與車,側撞,駕駛人,未依規定讓車,死亡1;受傷0,1,慢車,腳踏自行車,女,86,其他(行人、慢車駕駛人),非汽(機)車駕駛人,車的狀態,左轉彎,其他,非汽(機)車,,,駕駛人,未依規定讓車,否,120.157817,23.245538
2020,9,20200905,185533,A1,國道公路警察局,屏東縣里港鄉國道10號 26公里800.0公尺處西側向外側,晴,夜間(或隧道、地下道、涵洞)無照明,國道,90,單路部分,直路,路段,快車道,柏油,乾燥,無缺陷,無障礙物,良好,良好,無號誌,無號誌,中央分向島,寛式(50公分以上),車道線(附標記),未繪設快慢車道分隔線,有,車與車,追撞,駕駛人,未注意車前狀態,死亡1;受傷0,3,,,無或物(動物、堆置物),-1,,,,,,,,,無(非車輛駕駛人因素),尚未發現肇事因素,否,120.484397,22.809858
2020,9,20200905,185533,A1,國道公路警察局,屏東縣里港鄉國道10號 26公里800.0公尺處西側向外側,晴,夜間(或隧道、地下道、涵洞)無照明,國道,90,單路部分,直路,路段,快車道,柏油,乾燥,無缺陷,無障礙物,良好,良好,無號誌,無號誌,中央分向島,寛式(50公分以上),車道線(附標記),未繪設快慢車道分隔線,有,車與車,追撞,駕駛人,未注意車前狀態,死亡1;受傷0,1,小客車,自用,男,59,戴安全帽或繫安全帶(使用幼童安全椅),未使用,車的狀態,向前直行中,汽車,前車頭,,,駕駛人,未注意車前狀態,否,120.484397,22.809858
2020,9,20200905,185533,A1,國道公路警察局,屏東縣里港鄉國道10號 26公里800.0公尺處西側向外側,晴,夜間(或隧道、地下道、涵洞)無照明,國道,90,單路部分,直路,路段,快車道,柏油,乾燥,無缺陷,無障礙物,良好,良好,無號誌,無號誌,中央分向島,寛式(50公分以上),車道線(附標記),未繪設快慢車道分隔線,有,車與車,追撞,駕駛人,未注意車前狀態,死亡1;受傷0,4,人,乘客,女,59,戴安全帽或繫安全帶(使用幼童安全椅),未使用,人的狀態,靜立(止),其他,不明,,,無(非車輛駕駛人因素),尚未發現肇事因素,否,120.484397,22.809858
2020,9,20200905,185533,A1,國道公路警察局,屏東縣里港鄉國道10號 26公里800.0公尺處西側向外側,晴,夜間(或隧道、地下道、涵洞)無照明,國道,90,單路部分,直路,路段,快車道,柏油,乾燥,無缺陷,無障礙物,良好,良好,無號誌,無號誌,中央分向島,寛式(50公分以上),車道線(附標記),未繪設快慢車道分隔線,有,車與車,追撞,駕駛人,未注意車前狀態,死亡1;受傷0,2,大貨車,自用,男,72,戴安全帽或繫安全帶(使用幼童安全椅),未使用,車的狀態,向前直行中,汽車,左後車尾(身),,,無(車輛駕駛人因素),尚未發現肇事因素,是,120.484397,22.809858
2020,9,20200905,203800,A1,臺中市政府警察局,臺中市大里區G5628DZ07號燈桿旁,晴,夜間(或隧道、地下道、涵洞)有照明,市區道路,40,交岔路,多岔路,交叉路口,交叉口附近,柏油,乾燥,無缺陷,無障礙物,良好,良好,行車管制號誌,正常,無,無分向設施,未繪設車道線,未繪設快慢車道分隔線,有,汽(機)車本身,撞號誌、標誌桿,駕駛人,未注意車前狀態,死亡1;受傷0,2,,,無或物(動物、堆置物),0,,,,,,,,,無(非車輛駕駛人因素),尚未發現肇事因素,否,120.664527,24.083055
2020,9,20200905,203800,A1,臺中市政府警察局,臺中市大里區G5628DZ07號燈桿旁,晴,夜間(或隧道、地下道、涵洞)有照明,市區道路,40,交岔路,多岔路,交叉路口,交叉口附近,柏油,乾燥,無缺陷,無障礙物,良好,良好,行車管制號誌,正常,無,無分向設施,未繪設車道線,未繪設快慢車道分隔線,有,汽(機)車本身,撞號誌、標誌桿,駕駛人,未注意車前狀態,死亡1;受傷0,1,機車,大型重型2(250-550C.C.),男,41,戴安全帽或繫安全帶(使用幼童安全椅),未使用,車的狀態,向前直行中,機車,前車頭,,,駕駛人,未注意車前狀態,否,120.664527,24.083055
2020,9,20200905,215300,A1,國道公路警察局,桃園市中壢區國道1號 58公里600.0公尺處北側向外側,晴,夜間(或隧道、地下道、涵洞)有照明,國道,90,單路部分,直路,路段,快車道,柏油,乾燥,無缺陷,無障礙物,良好,良好,無號誌,無號誌,中央分向島,寛式(50公分以上),車道線(附標記),未繪設快慢車道分隔線,有,人與汽(機)車,其他,行人(或乘客),其他引起事故之疏失或行為,死亡1;受傷0,1,人,乘客,女,39,不明,非汽(機)車駕駛人,人的狀態,其他,其他,非汽(機)車,,,行人(或乘客),其他引起事故之疏失或行為,否,121.218300,24.971384
2020,9,20200905,215300,A1,國道公路警察局,桃園市中壢區國道1號 58公里600.0公尺處北側向外側,晴,夜間(或隧道、地下道、涵洞)有照明,國道,90,單路部分,直路,路段,快車道,柏油,乾燥,無缺陷,無障礙物,良好,良好,無號誌,無號誌,中央分向島,寛式(50公分以上),車道線(附標記),未繪設快慢車道分隔線,有,人與汽(機)車,其他,行人(或乘客),其他引起事故之疏失或行為,死亡1;受傷0,2,小客車,自用,女,52,戴安全帽或繫安全帶(使用幼童安全椅),未使用,車的狀態,向前直行中,汽車,前車頭,,,無(車輛駕駛人因素),尚未發現肇事因素,否,121.218300,24.971384
2020,9,20200905,215300,A1,國道公路警察局,桃園市中壢區國道1號 58公里600.0公尺處北側向外側,晴,夜間(或隧道、地下道、涵洞)有照明,國道,90,單路部分,直路,路段,快車道,柏油,乾燥,無缺陷,無障礙物,良好,良好,無號誌,無號誌,中央分向島,寛式(50公分以上),車道線(附標記),未繪設快慢車道分隔線,有,人與汽(機)車,其他,行人(或乘客),其他引起事故之疏失或行為,死亡1;受傷0,3,小客車,自用,女,42,戴安全帽或繫安全帶(使用幼童安全椅),未使用,車的狀態,向前直行中,汽車,前車頭,,,無(車輛駕駛人因素),尚未發現肇事因素,否,121.218300,24.971384
2020,9,20200905,215300,A1,國道公路警察局,桃園市中壢區國道1號 58公里600.0公尺處北側向外側,晴,夜間(或隧道、地下道、涵洞)有照明,國道,90,單路部分,直路,路段,快車道,柏油,乾燥,無缺陷,無障礙物,良好,良好,無號誌,無號誌,中央分向島,寛式(50公分以上),車道線(附標記),未繪設快慢車道分隔線,有,人與汽(機)車,其他,行人(或乘客),其他引起事故之疏失或行為,死亡1;受傷0,4,大客車,民營客運,男,50,戴安全帽或繫安全帶(使用幼童安全椅),未使用,車的狀態,向前直行中,汽車,左後車尾(身),,,無(車輛駕駛人因素),尚未發現肇事因素,否,121.218300,24.971384
2020,9,20200906,040000,A1,臺北市政府警察局,臺北市萬華區堤外便道前0.0公尺,晴,夜間(或隧道、地下道、涵洞)有照明,鄉道,30,單路部分,彎曲路及附近,路段,機車專用道,柏油,乾燥,無缺陷,無障礙物,良好,良好,無號誌,無號誌,中央分向島,寛式(50公分以上),車道線(無標記),未繪設快慢車道分隔線,有,汽(機)車本身,衝出路外,其他,不明原因肇事,死亡1;受傷0,2,,,無或物(動物、堆置物),0,,,,,,,,,無(非車輛駕駛人因素),尚未發現肇事因素,否,121.503865,25.047231
2020,9,20200906,040000,A1,臺北市政府警察局,臺北市萬華區堤外便道前0.0公尺,晴,夜間(或隧道、地下道、涵洞)有照明,鄉道,30,單路部分,彎曲路及附近,路段,機車專用道,柏油,乾燥,無缺陷,無障礙物,良好,良好,無號誌,無號誌,中央分向島,寛式(50公分以上),車道線(無標記),未繪設快慢車道分隔線,有,汽(機)車本身,衝出路外,其他,不明原因肇事,死亡1;受傷0,1,機車,普通重型,男,18,戴安全帽或繫安全帶(使用幼童安全椅),未使用,車的狀態,向前直行中,機車,右側車身,機車,右側車身,其他,不明原因肇事,否,121.503865,25.047231
2020,9,20200906,064707,A1,南投縣政府警察局,南投縣埔里鎮麒麟里武界路18-1號,晴,晨或暮光,縣道,40,單路部分,直路,路段,一般車道(未劃分快慢車道),柏油,乾燥,無缺陷,無障礙物,良好,良好,無號誌,無號誌,行車分向線,無標記,車道線(無標記),未繪設快慢車道分隔線,有,人與汽(機)車,穿越道路中,駕駛人,未注意車前狀態,死亡1;受傷0,2,人,行人,男,73,其他(行人、慢車駕駛人),非汽(機)車駕駛人,人的狀態,步行,其他,非汽(機)車,,,行人(或乘客),其他引起事故之疏失或行為,否,120.999012,23.926061
2020,9,20200906,064707,A1,南投縣政府警察局,南投縣埔里鎮麒麟里武界路18-1號,晴,晨或暮光,縣道,40,單路部分,直路,路段,一般車道(未劃分快慢車道),柏油,乾燥,無缺陷,無障礙物,良好,良好,無號誌,無號誌,行車分向線,無標記,車道線(無標記),未繪設快慢車道分隔線,有,人與汽(機)車,穿越道路中,駕駛人,未注意車前狀態,死亡1;受傷0,1,小客車,自用,男,27,未戴案全帽或未繫安全帶(未使用幼童安全椅),未使用,車的狀態,向前直行中,汽車,右前車頭(身),,,駕駛人,未注意車前狀態,否,120.999012,23.926061
2020,9,20200906,160700,A1,彰化縣警察局,彰化縣芬園鄉舊社村大彰路5段前0.0公尺,晴,日間自然光線,村里道路,50,交岔路,三岔路,交叉路口,交叉路口內,柏油,乾燥,無缺陷,無障礙物,良好,良好,無號誌,無號誌,雙向禁止超車線,無標記,未繪設車道線,未繪設快慢車道分隔線,有,車與車,其他,其他,其他引起事故之違規或不當行為,死亡1;受傷0,1,機車,普通重型,男,19,戴安全帽或繫安全帶(使用幼童安全椅),未使用,車的狀態,向前直行中,其他,不明,,,其他,其他引起事故之違規或不當行為,否,120.592046,24.035768
2020,9,20200906,160700,A1,彰化縣警察局,彰化縣芬園鄉舊社村大彰路5段前0.0公尺,晴,日間自然光線,村里道路,50,交岔路,三岔路,交叉路口,交叉路口內,柏油,乾燥,無缺陷,無障礙物,良好,良好,無號誌,無號誌,雙向禁止超車線,無標記,未繪設車道線,未繪設快慢車道分隔線,有,車與車,其他,其他,其他引起事故之違規或不當行為,死亡1;受傷0,2,大貨車,自用,男,40,戴安全帽或繫安全帶(使用幼童安全椅),未使用,車的狀態,向前直行中,汽車,左側車身,,,無(車輛駕駛人因素),尚未發現肇事因素,否,120.592046,24.035768
2020,9,20200906,163800,A1,宜蘭縣政府警察局,宜蘭縣冬山鄉義成路3段安居巷20號前0.0公尺附近,晴,日間自然光線,村里道路,30,單路部分,直路,路段,一般車道(未劃分快慢車道),柏油,乾燥,無缺陷,無障礙物,良好,良好,無號誌,無號誌,無,無分向設施,未繪設車道線,未繪設快慢車道分隔線,無,人與汽(機)車,其他,駕駛人,倒車未依規定,死亡1;受傷0,1,特種車,其他特種車,男,35,戴安全帽或繫安全帶(使用幼童安全椅),未使用,車的狀態,倒車,汽車,後車尾,,,駕駛人,倒車未依規定,否,121.766263,24.659999
2020,9,20200906,163800,A1,宜蘭縣政府警察局,宜蘭縣冬山鄉義成路3段安居巷20號前0.0公尺附近,晴,日間自然光線,村里道路,30,單路部分,直路,路段,一般車道(未劃分快慢車道),柏油,乾燥,無缺陷,無障礙物,良好,良好,無號誌,無號誌,無,無分向設施,未繪設車道線,未繪設快慢車道分隔線,無,人與汽(機)車,其他,駕駛人,倒車未依規定,死亡1;受傷0,2,人,行人,女,83,其他(行人、慢車駕駛人),非汽(機)車駕駛人,人的狀態,靜立(止),其他,非汽(機)車,,,無(非車輛駕駛人因素),尚未發現肇事因素,否,121.766263,24.659999
2020,9,20200906,163800,A1,宜蘭縣政府警察局,宜蘭縣冬山鄉義成路3段安居巷20號前0.0公尺附近,晴,日間自然光線,村里道路,30,單路部分,直路,路段,一般車道(未劃分快慢車道),柏油,乾燥,無缺陷,無障礙物,良好,良好,無號誌,無號誌,無,無分向設施,未繪設車道線,未繪設快慢車道分隔線,無,人與汽(機)車,其他,駕駛人,倒車未依規定,死亡1;受傷0,3,小客車,自用,男,56,戴安全帽或繫安全帶(使用幼童安全椅),未使用,車的狀態,靜止(引擎熄火),其他,不明,,,無(車輛駕駛人因素),尚未發現肇事因素,否,121.766263,24.659999
2020,9,20200907,100400,A1,澎湖縣政府警察局,澎湖縣馬公市縣205線 6公里700.0公尺處東側向外側,晴,日間自然光線,縣道,50,交岔路,四岔路,交叉路口,交叉路口內,柏油,乾燥,無缺陷,無障礙物,良好,良好,閃光號誌,正常,無,無分向設施,未繪設車道線,未繪設快慢車道分隔線,無,車與車,路口交岔撞,駕駛人,未依規定讓車,死亡1;受傷0,2,機車,普通輕型,男,88,戴安全帽或繫安全帶(使用幼童安全椅),未使用,車的狀態,向前直行中,機車,前車頭,,,駕駛人,未注意車前狀態,否,119.599661,23.554778
2020,9,20200907,100400,A1,澎湖縣政府警察局,澎湖縣馬公市縣205線 6公里700.0公尺處東側向外側,晴,日間自然光線,縣道,50,交岔路,四岔路,交叉路口,交叉路口內,柏油,乾燥,無缺陷,無障礙物,良好,良好,閃光號誌,正常,無,無分向設施,未繪設車道線,未繪設快慢車道分隔線,無,車與車,路口交岔撞,駕駛人,未依規定讓車,死亡1;受傷0,1,大貨車,自用,男,50,戴安全帽或繫安全帶(使用幼童安全椅),未使用,車的狀態,向前直行中,汽車,左前車頭(身),,,駕駛人,未依規定讓車,否,119.599661,23.554778
2020,9,20200907,202100,A1,彰化縣警察局,彰化縣和美鎮南佃里彰草路3段73號前0.0公尺,陰,夜間(或隧道、地下道、涵洞)有照明,村里道路,50,單路部分,直路,路段,一般車道(未劃分快慢車道),柏油,乾燥,無缺陷,無障礙物,良好,良好,無號誌,無號誌,行車分向線,無標記,未繪設車道線,未繪設快慢車道分隔線,有,車與車,其他,其他,不明原因肇事,死亡1;受傷0,2,小客車,自用,男,31,不明,不明,車的狀態,靜止(引擎熄火),汽車,右前車頭(身),,,無(車輛駕駛人因素),尚未發現肇事因素,否,120.496790,24.081359
2020,9,20200907,202100,A1,彰化縣警察局,彰化縣和美鎮南佃里彰草路3段73號前0.0公尺,陰,夜間(或隧道、地下道、涵洞)有照明,村里道路,50,單路部分,直路,路段,一般車道(未劃分快慢車道),柏油,乾燥,無缺陷,無障礙物,良好,良好,無號誌,無號誌,行車分向線,無標記,未繪設車道線,未繪設快慢車道分隔線,有,車與車,其他,其他,不明原因肇事,死亡1;受傷0,1,機車,普通重型,男,56,戴安全帽或繫安全帶(使用幼童安全椅),未使用,車的狀態,左轉彎,機車,前車頭,,,其他,不明原因肇事,否,120.496790,24.081359
2020,9,20200907,215955,A1,臺南市政府警察局,臺南市仁德區上崙里中正路一段599巷口,晴,夜間(或隧道、地下道、涵洞)無照明,市區道路,50,單路部分,直路,路段,一般車道(未劃分快慢車道),柏油,乾燥,無缺陷,無障礙物,良好,良好,無號誌,無號誌,雙向禁止超車線,無標記,未繪設車道線,未繪設快慢車道分隔線,有,車與車,追撞,駕駛人,未注意車前狀態,死亡1;受傷0,1,機車,普通重型,男,20,戴安全帽或繫安全帶(使用幼童安全椅),未使用,車的狀態,向前直行中,機車,前車頭,,,駕駛人,未注意車前狀態,否,120.248727,22.940091
2020,9,20200907,215955,A1,臺南市政府警察局,臺南市仁德區上崙里中正路一段599巷口,晴,夜間(或隧道、地下道、涵洞)無照明,市區道路,50,單路部分,直路,路段,一般車道(未劃分快慢車道),柏油,乾燥,無缺陷,無障礙物,良好,良好,無號誌,無號誌,雙向禁止超車線,無標記,未繪設車道線,未繪設快慢車道分隔線,有,車與車,追撞,駕駛人,未注意車前狀態,死亡1;受傷0,2,曳引車,營業用,男,35,戴安全帽或繫安全帶(使用幼童安全椅),未使用,車的狀態,向前直行中,汽車,左後車尾(身),,,無(車輛駕駛人因素),尚未發現肇事因素,否,120.248727,22.940091
2020,9,20200907,230500,A1,高雄市政府警察局,高雄市小港區中山四路前0.0公尺,晴,夜間(或隧道、地下道、涵洞)有照明,市區道路,50,單路部分,直路,路段,快車道,柏油,乾燥,無缺陷,無障礙物,良好,良好,行車管制號誌,正常,中央分向島,窄式無柵欄,車道線(無標記),窄式快慢車道分隔島(無柵欄),無,車與車,追撞,駕駛人,未注意車前狀態,死亡2;受傷1,1,小客車,自用,男,43,戴安全帽或繫安全帶(使用幼童安全椅),未使用,車的狀態,向前直行中,汽車,前車頭,汽車,前車頭,駕駛人,未注意車前狀態,否,120.343064,22.569795
2020,9,20200907,230500,A1,高雄市政府警察局,高雄市小港區中山四路前0.0公尺,晴,夜間(或隧道、地下道、涵洞)有照明,市區道路,50,單路部分,直路,路段,快車道,柏油,乾燥,無缺陷,無障礙物,良好,良好,行車管制號誌,正常,中央分向島,窄式無柵欄,車道線(無標記),窄式快慢車道分隔島(無柵欄),無,車與車,追撞,駕駛人,未注意車前狀態,死亡2;受傷1,2,小客車,計程車,男,58,戴安全帽或繫安全帶(使用幼童安全椅),未使用,車的狀態,等待(引擎未熄火),汽車,後車尾,汽車,後車尾,無(車輛駕駛人因素),尚未發現肇事因素,否,120.343064,22.569795