發生年度,發生月份,發生日期,發生時間,事故類別名稱,處理單位名稱警局層,發生地點,天候名稱,光線名稱,道路類別-第1當事者-名稱,速限-第1當事者,道路型態大類別名稱,道路型態子類別名稱,事故位置大類別名稱,事故位置子類別名稱,路面狀況-路面鋪裝名稱,路面狀況-路面狀態名稱,路面狀況-路面缺陷名稱,道路障礙-障礙物名稱,道路障礙-視距品質名稱,道路障礙-視距名稱,號誌-號誌種類名稱,號誌-號誌動作名稱,車道劃分設施-分向設施大類別名稱,車道劃分設施-分向設施子類別名稱,車道劃分設施-分道設施-快車道或一般車道間名稱,車道劃分設施-分道設施-快慢車道間名稱,車道劃分設施-分道設施-路面邊線名稱,事故類型及型態大類別名稱,事故類型及型態子類別名稱,肇因研判大類別名稱-主要,肇因研判子類別名稱-主要,死亡受傷人數,當事者順位,當事者區分-類別-大類別名稱-車種,當事者區分-類別-子類別名稱-車種,當事者屬-性-別名稱,當事者事故發生時年齡,保護裝備名稱,行動電話或電腦或其他相類功能裝置名稱,當事者行動狀態大類別名稱,當事者行動狀態子類別名稱,車輛撞擊部位大類別名稱-最初,車輛撞擊部位子類別名稱-最初,車輛撞擊部位大類別名稱-其他,車輛撞擊部位子類別名稱-其他,肇因研判大類別名稱-個別,肇因研判子類別名稱-個別,肇事逃逸類別名稱-是否肇逃,經度,緯度
2020,10,20201009,043950,A1,金門縣警察局,金門縣金城鎮民權路146號,晴,日間自然光線,市區道路,40,單路部分,直路,路段,慢車道,柏油,乾燥,無缺陷,無障礙物,良好,良好,無號誌,無號誌,行車分向線,附標記,車道線(附標記),快慢車道分隔線,有,車與車,追撞,駕駛人,酒醉(後)駕駛失控,死亡1;受傷0,1,小客車,自用,男,28,戴安全帽或繫安全帶(使用幼童安全椅),未使用,車的狀態,向前直行中,汽車,前車頭,汽車,前車頭,駕駛人,酒醉(後)駕駛失控,否,118.317009,24.435530
2020,10,20201009,043950,A1,金門縣警察局,金門縣金城鎮民權路146號,晴,日間自然光線,市區道路,40,單路部分,直路,路段,慢車道,柏油,乾燥,無缺陷,無障礙物,良好,良好,無號誌,無號誌,行車分向線,附標記,車道線(附標記),快慢車道分隔線,有,車與車,追撞,駕駛人,酒醉(後)駕駛失控,死亡1;受傷0,2,機車,普通輕型,女,60,戴安全帽或繫安全帶(使用幼童安全椅),未使用,車的狀態,向前直行中,機車,後車尾,機車,右側車身,無(車輛駕駛人因素),尚未發現肇事因素,否,118.317009,24.435530
2020,10,20201009,113300,A1,臺中市政府警察局,臺中市西屯區惠來里臺灣大道三段 / 臺中市西屯區惠來里文心路三段,晴,日間自然光線,市區道路,60,交岔路,四岔路,交叉路口,交叉路口內,柏油,乾燥,無缺陷,無障礙物,良好,良好,行車管制號誌,正常,中央分向島,寛式(50公分以上),禁止變換車道線(無標記),寛式快慢車道分隔島(50公分以上),無,車與車,側撞,駕駛人,違反特定標誌(線)禁制,死亡1;受傷0,2,機車,普通重型,男,22,戴安全帽或繫安全帶(使用幼童安全椅),未使用,車的狀態,向前直行中,機車,前車頭,,,其他,不明原因肇事,否,120.649163,24.162761
2020,10,20201009,113300,A1,臺中市政府警察局,臺中市西屯區惠來里臺灣大道三段 / 臺中市西屯區惠來里文心路三段,晴,日間自然光線,市區道路,60,交岔路,四岔路,交叉路口,交叉路口內,柏油,乾燥,無缺陷,無障礙物,良好,良好,行車管制號誌,正常,中央分向島,寛式(50公分以上),禁止變換車道線(無標記),寛式快慢車道分隔島(50公分以上),無,車與車,側撞,駕駛人,違反特定標誌(線)禁制,死亡1;受傷0,1,小客車,自用,女,43,戴安全帽或繫安全帶(使用幼童安全椅),未使用,車的狀態,右轉彎,汽車,右前車頭(身),,,駕駛人,違反特定標誌(線)禁制,否,120.649163,24.162761
2020,10,20201009,150600,A1,國道公路警察局,桃園市楊梅區國道1號 71公里800.0公尺處北側向內側,晴,日間自然光線,國道,60,單路部分,直路,路段,快車道,柏油,乾燥,無缺陷,無障礙物,良好,良好,無號誌,無號誌,中央分向島,寛式(50公分以上),車道線(附標記),未繪設快慢車道分隔線,有,車與車,其他,駕駛人,變換車道或方向不當,死亡1;受傷0,3,,,無或物(動物、堆置物),-1,,,,,,,,,無(非車輛駕駛人因素),尚未發現肇事因素,否,121.126578,24.893827
2020,10,20201009,150600,A1,國道公路警察局,桃園市楊梅區國道1號 71公里800.0公尺處北側向內側,晴,日間自然光線,國道,60,單路部分,直路,路段,快車道,柏油,乾燥,無缺陷,無障礙物,良好,良好,無號誌,無號誌,中央分向島,寛式(50公分以上),車道線(附標記),未繪設快慢車道分隔線,有,車與車,其他,駕駛人,變換車道或方向不當,死亡1;受傷0,2,半聯結車,自用,男,49,戴安全帽或繫安全帶(使用幼童安全椅),未使用,車的狀態,向前直行中,汽車,右前車頭(身),,,無(車輛駕駛人因素),尚未發現肇事因素,否,121.126578,24.893827
2020,10,20201009,150600,A1,國道公路警察局,桃園市楊梅區國道1號 71公里800.0公尺處北側向內側,晴,日間自然光線,國道,60,單路部分,直路,路段,快車道,柏油,乾燥,無缺陷,無障礙物,良好,良好,無號誌,無號誌,中央分向島,寛式(50公分以上),車道線(附標記),未繪設快慢車道分隔線,有,車與車,其他,駕駛人,變換車道或方向不當,死亡1;受傷0,5,人,乘客,女,43,未戴案全帽或未繫安全帶(未使用幼童安全椅),非汽(機)車駕駛人,人的狀態,其他,其他,非汽(機)車,,,無(非車輛駕駛人因素),尚未發現肇事因素,否,121.126578,24.893827
2020,10,20201009,150600,A1,國道公路警察局,桃園市楊梅區國道1號 71公里800.0公尺處北側向內側,晴,日間自然光線,國道,60,單路部分,直路,路段,快車道,柏油,乾燥,無缺陷,無障礙物,良好,良好,無號誌,無號誌,中央分向島,寛式(50公分以上),車道線(附標記),未繪設快慢車道分隔線,有,車與車,其他,駕駛人,變換車道或方向不當,死亡1;受傷0,4,小貨車(含客、貨兩用),自用,男,55,戴安全帽或繫安全帶(使用幼童安全椅),未使用,車的狀態,急減速或急停止,其他,不明,,,無(車輛駕駛人因素),尚未發現肇事因素,否,121.126578,24.893827
2020,10,20201009,150600,A1,國道公路警察局,桃園市楊梅區國道1號 71公里800.0公尺處北側向內側,晴,日間自然光線,國道,60,單路部分,直路,路段,快車道,柏油,乾燥,無缺陷,無障礙物,良好,良好,無號誌,無號誌,中央分向島,寛式(50公分以上),車道線(附標記),未繪設快慢車道分隔線,有,車與車,其他,駕駛人,變換車道或方向不當,死亡1;受傷0,1,小貨車(含客、貨兩用),自用,男,53,戴安全帽或繫安全帶(使用幼童安全椅),未使用,車的狀態,向左變換車道,汽車,左後車尾(身),汽車,右前車頭(身),駕駛人,變換車道或方向不當,否,121.126578,24.893827
2020,10,20201010,205800,A1,嘉義縣警察局,嘉義縣大林鎮三村里台一線250.95公里處,晴,夜間(或隧道、地下道、涵洞)有照明,省道,70,單路部分,直路,路段,路肩、路緣,柏油,乾燥,無缺陷,無障礙物,良好,良好,無號誌,無號誌,中央分向島,寛式(50公分以上),車道線(無標記),快慢車道分隔線,有,汽(機)車本身,撞橋樑、建築物,駕駛人,未注意車前狀態,死亡1;受傷1,2,,,無或物(動物、堆置物),-1,,,,,,,,,無(非車輛駕駛人因素),尚未發現肇事因素,否,120.460533,23.608877
2020,10,20201010,205800,A1,嘉義縣警察局,嘉義縣大林鎮三村里台一線250.95公里處,晴,夜間(或隧道、地下道、涵洞)有照明,省道,70,單路部分,直路,路段,路肩、路緣,柏油,乾燥,無缺陷,無障礙物,良好,良好,無號誌,無號誌,中央分向島,寛式(50公分以上),車道線(無標記),快慢車道分隔線,有,汽(機)車本身,撞橋樑、建築物,駕駛人,未注意車前狀態,死亡1;受傷1,1,機車,普通重型,女,22,戴安全帽或繫安全帶(使用幼童安全椅),未使用,車的狀態,向前直行中,機車,前車頭,,,駕駛人,未注意車前狀態,否,120.460533,23.608877
2020,10,20201010,205800,A1,嘉義縣警察局,嘉義縣大林鎮三村里台一線250.95公里處,晴,夜間(或隧道、地下道、涵洞)有照明,省道,70,單路部分,直路,路段,路肩、路緣,柏油,乾燥,無缺陷,無障礙物,良好,良好,無號誌,無號誌,中央分向島,寛式(50公分以上),車道線(無標記),快慢車道分隔線,有,汽(機)車本身,撞橋樑、建築物,駕駛人,未注意車前狀態,死亡1;受傷1,3,人,乘客,女,22,戴安全帽或繫安全帶(使用幼童安全椅),非汽(機)車駕駛人,人的狀態,其他,其他,不明,,,無(非車輛駕駛人因素),尚未發現肇事因素,否,120.460533,23.608877
2020,10,20201010,210800,A1,新竹縣政府警察局,新竹縣新豐鄉中崙村6鄰中崙路217號前0.0公尺附近,晴,夜間(或隧道、地下道、涵洞)有照明,村里道路,40,交岔路,三岔路,交叉路口,交叉路口內,柏油,乾燥,無缺陷,無障礙物,良好,良好,無號誌,無號誌,雙向禁止超車線,附標記,未繪設車道線,未繪設快慢車道分隔線,有,車與車,其他,駕駛人,酒醉(後)駕駛失控,死亡1;受傷0,1,機車,普通重型,男,36,不明,不明,車的狀態,左轉彎,機車,前車頭,,,駕駛人,酒醉(後)駕駛失控,否,121.016874,24.891480
2020,10,20201010,210800,A1,新竹縣政府警察局,新竹縣新豐鄉中崙村6鄰中崙路217號前0.0公尺附近,晴,夜間(或隧道、地下道、涵洞)有照明,村里道路,40,交岔路,三岔路,交叉路口,交叉路口內,柏油,乾燥,無缺陷,無障礙物,良好,良好,無號誌,無號誌,雙向禁止超車線,附標記,未繪設車道線,未繪設快慢車道分隔線,有,車與車,其他,駕駛人,酒醉(後)駕駛失控,死亡1;受傷0,2,小客車,自用,男,55,戴安全帽或繫安全帶(使用幼童安全椅),未使用,車的狀態,向前直行中,汽車,前車頭,,,駕駛人,未依規定減速,否,121.016874,24.891480
2020,10,20201010,215200,A1,屏東縣政府警察局,屏東縣內埔鄉黎東路475號前0.0公尺,晴,夜間(或隧道、地下道、涵洞)有照明,市區道路,50,單路部分,彎曲路及附近,路段,一般車道(未劃分快慢車道),柏油,乾燥,無缺陷,無障礙物,良好,良好,無號誌,無號誌,雙向禁止超車線,附標記,未繪設車道線,未繪設快慢車道分隔線,有,車與車,對向擦撞,駕駛人,違反特定標誌(線)禁制,死亡1;受傷2,1,機車,普通重型,男,17,戴安全帽或繫安全帶(使用幼童安全椅),未使用,車的狀態,向前直行中,機車,後車尾,,,駕駛人,違反特定標誌(線)禁制,否,120.604230,22.690368
2020,10,20201010,215200,A1,屏東縣政府警察局,屏東縣內埔鄉黎東路475號前0.0公尺,晴,夜間(或隧道、地下道、涵洞)有照明,市區道路,50,單路部分,彎曲路及附近,路段,一般車道(未劃分快慢車道),柏油,乾燥,無缺陷,無障礙物,良好,良好,無號誌,無號誌,雙向禁止超車線,附標記,未繪設車道線,未繪設快慢車道分隔線,有,車與車,對向擦撞,駕駛人,違反特定標誌(線)禁制,死亡1;受傷2,3,人,乘客,男,14,戴安全帽或繫安全帶(使用幼童安全椅),未使用,人的狀態,其他,其他,非汽(機)車,,,無(非車輛駕駛人因素),尚未發現肇事因素,否,120.604230,22.690368
2020,10,20201010,215200,A1,屏東縣政府警察局,屏東縣內埔鄉黎東路475號前0.0公尺,晴,夜間(或隧道、地下道、涵洞)有照明,市區道路,50,單路部分,彎曲路及附近,路段,一般車道(未劃分快慢車道),柏油,乾燥,無缺陷,無障礙物,良好,良好,無號誌,無號誌,雙向禁止超車線,附標記,未繪設車道線,未繪設快慢車道分隔線,有,車與車,對向擦撞,駕駛人,違反特定標誌(線)禁制,死亡1;受傷2,2,機車,普通重型,男,36,戴安全帽或繫安全帶(使用幼童安全椅),未使用,車的狀態,向前直行中,機車,前車頭,,,無(車輛駕駛人因素),尚未發現肇事因素,否,120.604230,22.690368
2020,10,20201011,065400,A1,桃園市政府警察局,桃園市中壢區中正路2段附近 / 桃園市中壢區中正路2段附近,晴,日間自然光線,市區道路,50,單路部分,直路,路段,一般車道(未劃分快慢車道),柏油,乾燥,無缺陷,無障礙物,良好,良好,無號誌,無號誌,雙向禁止超車線,附標記,車道線(無標記),未繪設快慢車道分隔線,有,汽(機)車本身,撞路樹、電桿,駕駛人,酒醉(後)駕駛失控,死亡1;受傷0,2,,,無或物(動物、堆置物),-1,,,,,,,,,無(非車輛駕駛人因素),尚未發現肇事因素,否,121.194537,24.978488
2020,10,20201011,065400,A1,桃園市政府警察局,桃園市中壢區中正路2段附近 / 桃園市中壢區中正路2段附近,晴,日間自然光線,市區道路,50,單路部分,直路,路段,一般車道(未劃分快慢車道),柏油,乾燥,無缺陷,無障礙物,良好,良好,無號誌,無號誌,雙向禁止超車線,附標記,車道線(無標記),未繪設快慢車道分隔線,有,汽(機)車本身,撞路樹、電桿,駕駛人,酒醉(後)駕駛失控,死亡1;受傷0,1,小客車,自用,男,26,不明,不明,車的狀態,向前直行中,汽車,前車頭,,,駕駛人,酒醉(後)駕駛失控,否,121.194537,24.978488
2020,10,20201011,091108,A1,花蓮縣警察局,花蓮縣吉安鄉吉安路6段388號前0.0公尺,晴,日間自然光線,省道,50,單路部分,彎曲路及附近,路段,路肩、路緣,柏油,乾燥,無缺陷,無障礙物,良好,良好,無號誌,無號誌,雙向禁止超車線,無標記,未繪設車道線,未繪設快慢車道分隔線,無,汽(機)車本身,路上翻車、摔倒,駕駛人,未注意車前狀態,死亡1;受傷0,2,,,無或物(動物、堆置物),-1,,,,,,,,,無(非車輛駕駛人因素),尚未發現肇事因素,否,121.543671,23.942732
2020,10,20201011,091108,A1,花蓮縣警察局,花蓮縣吉安鄉吉安路6段388號前0.0公尺,晴,日間自然光線,省道,50,單路部分,彎曲路及附近,路段,路肩、路緣,柏油,乾燥,無缺陷,無障礙物,良好,良好,無號誌,無號誌,雙向禁止超車線,無標記,未繪設車道線,未繪設快慢車道分隔線,無,汽(機)車本身,路上翻車、摔倒,駕駛人,未注意車前狀態,死亡1;受傷0,1,機車,普通重型,女,18,戴安全帽或繫安全帶(使用幼童安全椅),未使用,車的狀態,向前直行中,機車,前車頭,,,駕駛人,未注意車前狀態,否,121.543671,23.942732
2020,10,20201011,160300,A1,嘉義縣警察局,嘉義縣太保市太保里168線18.9公里,晴,日間自然光線,縣道,50,單路部分,直路,路段,路肩、路緣,柏油,乾燥,無缺陷,無障礙物,良好,良好,無號誌,無號誌,中央分向島,寛式(50公分以上),未繪設車道線,未繪設快慢車道分隔線,有,車與車,追撞,駕駛人,違反特定標誌(線)禁制,死亡1;受傷0,1,小客車,自用,男,31,戴安全帽或繫安全帶(使用幼童安全椅),未使用,車的狀態,向前直行中,汽車,右前車頭(身),,,駕駛人,違反特定標誌(線)禁制,否,120.330328,23.454278
2020,10,20201011,160300,A1,嘉義縣警察局,嘉義縣太保市太保里168線18.9公里,晴,日間自然光線,縣道,50,單路部分,直路,路段,路肩、路緣,柏油,乾燥,無缺陷,無障礙物,良好,良好,無號誌,無號誌,中央分向島,寛式(50公分以上),未繪設車道線,未繪設快慢車道分隔線,有,車與車,追撞,駕駛人,違反特定標誌(線)禁制,死亡1;受傷0,3,小客車,自用,女,49,戴安全帽或繫安全帶(使用幼童安全椅),未使用,車的狀態,靜止(引擎熄火),汽車,左側車身,,,其他,違規停車或暫停不當而肇事,否,120.330328,23.454278
2020,10,20201011,160300,A1,嘉義縣警察局,嘉義縣太保市太保里168線18.9公里,晴,日間自然光線,縣道,50,單路部分,直路,路段,路肩、路緣,柏油,乾燥,無缺陷,無障礙物,良好,良好,無號誌,無號誌,中央分向島,寛式(50公分以上),未繪設車道線,未繪設快慢車道分隔線,有,車與車,追撞,駕駛人,違反特定標誌(線)禁制,死亡1;受傷0,2,慢車,腳踏自行車,女,72,其他(行人、慢車駕駛人),非汽(機)車駕駛人,車的狀態,向前直行中,其他,非汽(機)車,,,無(車輛駕駛人因素),尚未發現肇事因素,否,120.330328,23.454278
2020,10,20201011,172300,A1,彰化縣警察局,彰化縣社頭鄉廣興村中山路1段 / 彰化縣社頭鄉廣興村中山路1段,晴,晨或暮光,村里道路,30,交岔路,三岔路,交叉路口,交叉路口內,柏油,乾燥,無缺陷,無障礙物,良好,良好,無號誌,無號誌,無,無分向設施,未繪設車道線,未繪設快慢車道分隔線,無,車與車,側撞,駕駛人,起步未注意其他車(人)安全,死亡1;受傷2,2,機車,普通重型,男,16,戴安全帽或繫安全帶(使用幼童安全椅),未使用,車的狀態,向前直行中,機車,前車頭,,,駕駛人,未注意車前狀態,否,120.489807,23.830719
2020,10,20201011,172300,A1,彰化縣警察局,彰化縣社頭鄉廣興村中山路1段 / 彰化縣社頭鄉廣興村中山路1段,晴,晨或暮光,村里道路,30,交岔路,三岔路,交叉路口,交叉路口內,柏油,乾燥,無缺陷,無障礙物,良好,良好,無號誌,無號誌,無,無分向設施,未繪設車道線,未繪設快慢車道分隔線,無,車與車,側撞,駕駛人,起步未注意其他車(人)安全,死亡1;受傷2,3,人,乘客,男,16,其他(行人、慢車駕駛人),非汽(機)車駕駛人,人的狀態,其他,其他,非汽(機)車,,,無(非車輛駕駛人因素),尚未發現肇事因素,否,120.489807,23.830719
2020,10,20201011,172300,A1,彰化縣警察局,彰化縣社頭鄉廣興村中山路1段 / 彰化縣社頭鄉廣興村中山路1段,晴,晨或暮光,村里道路,30,交岔路,三岔路,交叉路口,交叉路口內,柏油,乾燥,無缺陷,無障礙物,良好,良好,無號誌,無號誌,無,無分向設施,未繪設車道線,未繪設快慢車道分隔線,無,車與車,側撞,駕駛人,起步未注意其他車(人)安全,死亡1;受傷2,1,慢車,微型電動二輪車,女,63,戴安全帽或繫安全帶(使用幼童安全椅),未使用,車的狀態,起步,其他,非汽(機)車,,,駕駛人,起步未注意其他車(人)安全,否,120.489807,23.830719
2020,10,20201012,062000,A1,桃園市政府警察局,桃園市觀音區中山路1段1525號前0.0公尺,雨,日間自然光線,市區道路,60,單路部分,直路,路段,路肩、路緣,柏油,濕潤,無缺陷,無障礙物,良好,良好,無號誌,無號誌,行車分向線,附標記,車道線(附標記),快慢車道分隔線,有,汽(機)車本身,撞橋樑、建築物,駕駛人,未注意車前狀態,死亡1;受傷0,2,,,無或物(動物、堆置物),-1,,,,,,,,,無(非車輛駕駛人因素),尚未發現肇事因素,否,121.081654,25.037107
2020,10,20201012,062000,A1,桃園市政府警察局,桃園市觀音區中山路1段1525號前0.0公尺,雨,日間自然光線,市區道路,60,單路部分,直路,路段,路肩、路緣,柏油,濕潤,無缺陷,無障礙物,良好,良好,無號誌,無號誌,行車分向線,附標記,車道線(附標記),快慢車道分隔線,有,汽(機)車本身,撞橋樑、建築物,駕駛人,未注意車前狀態,死亡1;受傷0,1,機車,普通重型,男,19,戴安全帽或繫安全帶(使用幼童安全椅),未使用,車的狀態,向前直行中,機車,前車頭,,,駕駛人,未注意車前狀態,否,121.081654,25.037107
2020,10,20201012,071400,A1,新北市政府警察局,新北市石碇區新北市石碇區石碇東街149號,陰,日間自然光線,鄉道,40,單路部分,直路,路段,一般車道(未劃分快慢車道),柏油,濕潤,無缺陷,無障礙物,良好,良好,無號誌,無號誌,雙向禁止超車線,無標記,未繪設車道線,未繪設快慢車道分隔線,有,人與汽(機)車,穿越道路中,行人(或乘客),穿越道路未注意左右來車,死亡1;受傷0,2,大客車,民營客運,男,25,不明,不明,車的狀態,向前直行中,汽車,前車頭,汽車,前車頭,無(車輛駕駛人因素),尚未發現肇事因素,否,121.660169,24.990944
2020,10,20201012,071400,A1,新北市政府警察局,新北市石碇區新北市石碇區石碇東街149號,陰,日間自然光線,鄉道,40,單路部分,直路,路段,一般車道(未劃分快慢車道),柏油,濕潤,無缺陷,無障礙物,良好,良好,無號誌,無號誌,雙向禁止超車線,無標記,未繪設車道線,未繪設快慢車道分隔線,有,人與汽(機)車,穿越道路中,行人(或乘客),穿越道路未注意左右來車,死亡1;受傷0,1,人,行人,女,86,其他(行人、慢車駕駛人),非汽(機)車駕駛人,人的狀態,步行,其他,非汽(機)車,其他,非汽(機)車,行人(或乘客),穿越道路未注意左右來車,否,121.660169,24.990944
2020,10,20201012,112900,A1,苗栗縣警察局,苗栗縣頭份市上興里吉祥路(中華電信上興幹支12)旁,晴,日間自然光線,其他,30,單路部分,其他,其他,其他,水泥,乾燥,無缺陷,無障礙物,良好,良好,無號誌,無號誌,無,無分向設施,未繪設車道線,未繪設快慢車道分隔線,有,汽(機)車本身,撞路樹、電桿,其他,不明原因肇事,死亡1;受傷0,2,,,無或物(動物、堆置物),-1,,,,,,,,,無(非車輛駕駛人因素),尚未發現肇事因素,否,120.916639,24.675274
2020,10,20201012,112900,A1,苗栗縣警察局,苗栗縣頭份市上興里吉祥路(中華電信上興幹支12)旁,晴,日間自然光線,其他,30,單路部分,其他,其他,其他,水泥,乾燥,無缺陷,無障礙物,良好,良好,無號誌,無號誌,無,無分向設施,未繪設車道線,未繪設快慢車道分隔線,有,汽(機)車本身,撞路樹、電桿,其他,不明原因肇事,死亡1;受傷0,1,機車,普通重型,男,58,戴安全帽或繫安全帶(使用幼童安全椅),不明,車的狀態,插入行列,機車,前車頭,機車,左側車身,其他,不明原因肇事,否,120.916639,24.675274
2020,10,20201012,180500,A1,新北市政府警察局,新北市貢寮區新北市貢寮區美灩山街72號旁,雨,夜間(或隧道、地下道、涵洞)有照明,市區道路,50,單路部分,彎曲路及附近,路段,一般車道(未劃分快慢車道),柏油,濕潤,無缺陷,無障礙物,良好,良好,無號誌,無號誌,雙向禁止超車線,無標記,未繪設車道線,未繪設快慢車道分隔線,有,汽(機)車本身,路上翻車、摔倒,駕駛人,未依規定減速,死亡1;受傷0,2,,,無或物(動物、堆置物),0,,,,,,,,,無(非車輛駕駛人因素),尚未發現肇事因素,否,121.917346,25.074329
2020,10,20201012,180500,A1,新北市政府警察局,新北市貢寮區新北市貢寮區美灩山街72號旁,雨,夜間(或隧道、地下道、涵洞)有照明,市區道路,50,單路部分,彎曲路及附近,路段,一般車道(未劃分快慢車道),柏油,濕潤,無缺陷,無障礙物,良好,良好,無號誌,無號誌,雙向禁止超車線,無標記,未繪設車道線,未繪設快慢車道分隔線,有,汽(機)車本身,路上翻車、摔倒,駕駛人,未依規定減速,死亡1;受傷0,1,機車,普通重型,男,23,戴安全帽或繫安全帶(使用幼童安全椅),未使用,車的狀態,向前直行中,機車,左側車身,機車,左側車身,駕駛人,未依規定減速,否,121.917346,25.074329
2020,10,20201012,223300,A1,保安警察第二總隊,高雄市前鎮區高雄臨廣加工區臨加東路與臨加北路口,晴,夜間(或隧道、地下道、涵洞)有照明,市區道路,25,交岔路,三岔路,交叉路口,交叉路口內,柏油,乾燥,無缺陷,無障礙物,不良,彎道,無號誌,無號誌,行車分向線,附標記,車道線(附標記),未繪設快慢車道分隔線,有,汽(機)車本身,其他,駕駛人,酒醉(後)駕駛失控,死亡1;受傷0,2,,,無或物(動物、堆置物),-1,,,,,,,,,無(非車輛駕駛人因素),尚未發現肇事因素,否,120.319475,22.578022
2020,10,20201012,223300,A1,保安警察第二總隊,高雄市前鎮區高雄臨廣加工區臨加東路與臨加北路口,晴,夜間(或隧道、地下道、涵洞)有照明,市區道路,25,交岔路,三岔路,交叉路口,交叉路口內,柏油,乾燥,無缺陷,無障礙物,不良,彎道,無號誌,無號誌,行車分向線,附標記,車道線(附標記),未繪設快慢車道分隔線,有,汽(機)車本身,其他,駕駛人,酒醉(後)駕駛失控,死亡1;受傷0,1,機車,普通重型,男,44,戴安全帽或繫安全帶(使用幼童安全椅),未使用,車的狀態,向前直行中,機車,前車頭,,,駕駛人,酒醉(後)駕駛失控,否,120.319475,22.578022
2020,10,20201013,065000,A1,臺北市政府警察局,臺北市大安區和平東路3段 / 臺北市大安區和平東路3段,雨,日間自然光線,市區道路,40,交岔路,三岔路,交叉路口,交叉路口內,柏油,濕潤,無缺陷,無障礙物,良好,良好,行車管制號誌(附設行人專用號誌),正常,單向禁止超車線,無標記,車道線(無標記),未繪設快慢車道分隔線,有,車與車,側撞,駕駛人,未依規定讓車,死亡1;受傷1,1,大客車,民營客運,男,54,不明,不明,車的狀態,左轉彎,汽車,右後車尾(身),汽車,右後車尾(身),駕駛人,未依規定讓車,否,121.561206,25.015368
2020,10,20201013,065000,A1,臺北市政府警察局,臺北市大安區和平東路3段 / 臺北市大安區和平東路3段,雨,日間自然光線,市區道路,40,交岔路,三岔路,交叉路口,交叉路口內,柏油,濕潤,無缺陷,無障礙物,良好,良好,行車管制號誌(附設行人專用號誌),正常,單向禁止超車線,無標記,車道線(無標記),未繪設快慢車道分隔線,有,車與車,側撞,駕駛人,未依規定讓車,死亡1;受傷1,3,人,乘客,女,19,其他(行人、慢車駕駛人),非汽(機)車駕駛人,人的狀態,其他,其他,非汽(機)車,其他,非汽(機)車,無(非車輛駕駛人因素),尚未發現肇事因素,否,121.561206,25.015368
2020,10,20201013,065000,A1,臺北市政府警察局,臺北市大安區和平東路3段 / 臺北市大安區和平東路3段,雨,日間自然光線,市區道路,40,交岔路,三岔路,交叉路口,交叉路口內,柏油,濕潤,無缺陷,無障礙物,良好,良好,行車管制號誌(附設行人專用號誌),正常,單向禁止超車線,無標記,車道線(無標記),未繪設快慢車道分隔線,有,車與車,側撞,駕駛人,未依規定讓車,死亡1;受傷1,2,機車,普通重型,男,19,戴安全帽或繫安全帶(使用幼童安全椅),未使用,車的狀態,向前直行中,機車,左側車身,機車,左側車身,無(車輛駕駛人因素),尚未發現肇事因素,否,121.561206,25.015368
2020,10,20201013,073600,A1,彰化縣警察局,彰化縣埤頭鄉興農村十號路 / 彰化縣埤頭鄉興農村中南路,晴,日間自然光線,村里道路,40,交岔路,四岔路,交叉路口,交叉路口內,柏油,乾燥,無缺陷,無障礙物,良好,良好,無號誌,無號誌,行車分向線,無標記,未繪設車道線,未繪設快慢車道分隔線,有,車與車,路口交岔撞,駕駛人,未依規定讓車,死亡1;受傷0,2,機車,普通重型,男,74,不明,未使用,車的狀態,向前直行中,機車,左側車身,,,駕駛人,未依規定減速,否,120.473205,23.904118
2020,10,20201013,073600,A1,彰化縣警察局,彰化縣埤頭鄉興農村十號路 / 彰化縣埤頭鄉興農村中南路,晴,日間自然光線,村里道路,40,交岔路,四岔路,交叉路口,交叉路口內,柏油,乾燥,無缺陷,無障礙物,良好,良好,無號誌,無號誌,行車分向線,無標記,未繪設車道線,未繪設快慢車道分隔線,有,車與車,路口交岔撞,駕駛人,未依規定讓車,死亡1;受傷0,1,小客車,自用,女,35,戴安全帽或繫安全帶(使用幼童安全椅),未使用,車的狀態,向前直行中,汽車,右前車頭(身),,,駕駛人,未依規定讓車,否,120.473205,23.904118
2020,10,20201013,082735,A1,雲林縣警察局,雲林縣北港鎮後溝里雲162線與產業道路口,晴,日間自然光線,村里道路,40,交岔路,四岔路,交叉路口,交叉路口內,柏油,乾燥,無缺陷,無障礙物,良好,良好,無號誌,無號誌,無,無分向設施,未繪設車道線,未繪設快慢車道分隔線,無,車與車,路口交岔撞,駕駛人,未注意車前狀態,死亡1;受傷0,2,機車,普通重型,女,58,戴安全帽或繫安全帶(使用幼童安全椅),未使用,車的狀態,向前直行中,機車,前車頭,,,駕駛人,未注意車前狀態,否,120.322444,23.582483
2020,10,20201013,082735,A1,雲林縣警察局,雲林縣北港鎮後溝里雲162線與產業道路口,晴,日間自然光線,村里道路,40,交岔路,四岔路,交叉路口,交叉路口內,柏油,乾燥,無缺陷,無障礙物,良好,良好,無號誌,無號誌,無,無分向設施,未繪設車道線,未繪設快慢車道分隔線,無,車與車,路口交岔撞,駕駛人,未注意車前狀態,死亡1;受傷0,1,小客車,自用,女,39,戴安全帽或繫安全帶(使用幼童安全椅),未使用,車的狀態,向前直行中,汽車,右前車頭(身),,,駕駛人,未注意車前狀態,否,120.322444,23.582483