發生年度,發生月份,發生日期,發生時間,事故類別名稱,處理單位名稱警局層,發生地點,天候名稱,光線名稱,道路類別-第1當事者-名稱,速限-第1當事者,道路型態大類別名稱,道路型態子類別名稱,事故位置大類別名稱,事故位置子類別名稱,路面狀況-路面鋪裝名稱,路面狀況-路面狀態名稱,路面狀況-路面缺陷名稱,道路障礙-障礙物名稱,道路障礙-視距品質名稱,道路障礙-視距名稱,號誌-號誌種類名稱,號誌-號誌動作名稱,車道劃分設施-分向設施大類別名稱,車道劃分設施-分向設施子類別名稱,車道劃分設施-分道設施-快車道或一般車道間名稱,車道劃分設施-分道設施-快慢車道間名稱,車道劃分設施-分道設施-路面邊線名稱,事故類型及型態大類別名稱,事故類型及型態子類別名稱,肇因研判大類別名稱-主要,肇因研判子類別名稱-主要,死亡受傷人數,當事者順位,當事者區分-類別-大類別名稱-車種,當事者區分-類別-子類別名稱-車種,當事者屬-性-別名稱,當事者事故發生時年齡,保護裝備名稱,行動電話或電腦或其他相類功能裝置名稱,當事者行動狀態大類別名稱,當事者行動狀態子類別名稱,車輛撞擊部位大類別名稱-最初,車輛撞擊部位子類別名稱-最初,車輛撞擊部位大類別名稱-其他,車輛撞擊部位子類別名稱-其他,肇因研判大類別名稱-個別,肇因研判子類別名稱-個別,肇事逃逸類別名稱-是否肇逃,經度,緯度
2020,10,20201016,182400,A1,臺北市政府警察局,臺北市中正區忠孝東路1段 / 臺北市中正區天津街,陰,夜間(或隧道、地下道、涵洞)有照明,市區道路,50,交岔路,四岔路,交叉路口,交叉路口內,柏油,濕潤,無缺陷,無障礙物,良好,良好,行車管制號誌(附設行人專用號誌),正常,中央分向島,寛式(50公分以上),未繪設車道線,未繪設快慢車道分隔線,有,車與車,路口交岔撞,駕駛人,違反號誌管制或指揮,死亡1;受傷1,1,小客車,自用,女,21,戴安全帽或繫安全帶(使用幼童安全椅),未使用,車的狀態,向前直行中,汽車,左側車身,汽車,左側車身,駕駛人,違反號誌管制或指揮,否,121.521718,25.045223
2020,10,20201016,182400,A1,臺北市政府警察局,臺北市中正區忠孝東路1段 / 臺北市中正區天津街,陰,夜間(或隧道、地下道、涵洞)有照明,市區道路,50,交岔路,四岔路,交叉路口,交叉路口內,柏油,濕潤,無缺陷,無障礙物,良好,良好,行車管制號誌(附設行人專用號誌),正常,中央分向島,寛式(50公分以上),未繪設車道線,未繪設快慢車道分隔線,有,車與車,路口交岔撞,駕駛人,違反號誌管制或指揮,死亡1;受傷1,3,人,乘客,女,63,戴安全帽或繫安全帶(使用幼童安全椅),未使用,人的狀態,其他,其他,非汽(機)車,其他,非汽(機)車,無(非車輛駕駛人因素),尚未發現肇事因素,否,121.521718,25.045223
2020,10,20201016,182400,A1,臺北市政府警察局,臺北市中正區忠孝東路1段 / 臺北市中正區天津街,陰,夜間(或隧道、地下道、涵洞)有照明,市區道路,50,交岔路,四岔路,交叉路口,交叉路口內,柏油,濕潤,無缺陷,無障礙物,良好,良好,行車管制號誌(附設行人專用號誌),正常,中央分向島,寛式(50公分以上),未繪設車道線,未繪設快慢車道分隔線,有,車與車,路口交岔撞,駕駛人,違反號誌管制或指揮,死亡1;受傷1,2,機車,普通重型,男,64,戴安全帽或繫安全帶(使用幼童安全椅),未使用,車的狀態,向前直行中,機車,前車頭,機車,前車頭,無(車輛駕駛人因素),尚未發現肇事因素,否,121.521718,25.045223
2020,10,20201017,085300,A1,彰化縣警察局,彰化縣芳苑鄉新寶村芳漢路新寶段85號前0.0公尺北側,晴,日間自然光線,村里道路,50,交岔路,四岔路,交叉路口,交叉口附近,柏油,乾燥,無缺陷,無障礙物,良好,良好,行車管制號誌,正常,雙向禁止超車線,無標記,未繪設車道線,未繪設快慢車道分隔線,有,人與汽(機)車,穿越道路中,駕駛人,左轉彎未依規定,死亡1;受傷0,1,大客車,民營客運,男,48,不明,不明,車的狀態,左轉彎,汽車,左側車身,,,駕駛人,左轉彎未依規定,否,120.349786,23.976203
2020,10,20201017,085300,A1,彰化縣警察局,彰化縣芳苑鄉新寶村芳漢路新寶段85號前0.0公尺北側,晴,日間自然光線,村里道路,50,交岔路,四岔路,交叉路口,交叉口附近,柏油,乾燥,無缺陷,無障礙物,良好,良好,行車管制號誌,正常,雙向禁止超車線,無標記,未繪設車道線,未繪設快慢車道分隔線,有,人與汽(機)車,穿越道路中,駕駛人,左轉彎未依規定,死亡1;受傷0,2,人,行人,女,78,其他(行人、慢車駕駛人),非汽(機)車駕駛人,人的狀態,步行,其他,非汽(機)車,,,無(非車輛駕駛人因素),尚未發現肇事因素,否,120.349786,23.976203
2020,10,20201017,094700,A1,嘉義市政府警察局,嘉義市西區竹圍里建國路 / 嘉義市西區竹圍里興雅路,晴,日間自然光線,市區道路,50,交岔路,四岔路,交叉路口,交叉路口內,柏油,乾燥,無缺陷,道路工事(程)中,不良,其他,閃光號誌,正常,無,無分向設施,未繪設車道線,未繪設快慢車道分隔線,無,車與車,路口交岔撞,駕駛人,違反號誌管制或指揮,死亡1;受傷0,2,機車,普通重型,男,44,戴安全帽或繫安全帶(使用幼童安全椅),未使用,車的狀態,向前直行中,機車,右側車身,,,駕駛人,違反號誌管制或指揮,否,120.436275,23.483176
2020,10,20201017,094700,A1,嘉義市政府警察局,嘉義市西區竹圍里建國路 / 嘉義市西區竹圍里興雅路,晴,日間自然光線,市區道路,50,交岔路,四岔路,交叉路口,交叉路口內,柏油,乾燥,無缺陷,道路工事(程)中,不良,其他,閃光號誌,正常,無,無分向設施,未繪設車道線,未繪設快慢車道分隔線,無,車與車,路口交岔撞,駕駛人,違反號誌管制或指揮,死亡1;受傷0,1,小貨車(含客、貨兩用),自用,男,34,戴安全帽或繫安全帶(使用幼童安全椅),未使用,車的狀態,向前直行中,汽車,前車頭,,,駕駛人,違反號誌管制或指揮,否,120.436275,23.483176
2020,10,20201017,123000,A1,臺南市政府警察局,臺南市新市區豐華里堤塘港路北側 / 臺南市新市區豐華里區道南134線西側,晴,日間自然光線,市區道路,50,交岔路,三岔路,交叉路口,交叉路口內,柏油,乾燥,無缺陷,無障礙物,良好,良好,閃光號誌,正常,無,無分向設施,未繪設車道線,未繪設快慢車道分隔線,無,車與車,側撞,駕駛人,未依規定讓車,死亡1;受傷0,2,機車,普通重型,男,26,不明,不明,車的狀態,向前直行中,機車,前車頭,,,駕駛人,未依規定減速,否,120.264987,23.089726
2020,10,20201017,123000,A1,臺南市政府警察局,臺南市新市區豐華里堤塘港路北側 / 臺南市新市區豐華里區道南134線西側,晴,日間自然光線,市區道路,50,交岔路,三岔路,交叉路口,交叉路口內,柏油,乾燥,無缺陷,無障礙物,良好,良好,閃光號誌,正常,無,無分向設施,未繪設車道線,未繪設快慢車道分隔線,無,車與車,側撞,駕駛人,未依規定讓車,死亡1;受傷0,1,小客車,自用,男,37,戴安全帽或繫安全帶(使用幼童安全椅),未使用,車的狀態,左轉彎,汽車,左後車尾(身),,,駕駛人,未依規定讓車,否,120.264987,23.089726
2020,10,20201017,190300,A1,臺中市政府警察局,臺中市清水區田寮里高美路152號前0.0公尺,晴,夜間(或隧道、地下道、涵洞)有照明,市區道路,50,單路部分,直路,路段,一般車道(未劃分快慢車道),柏油,乾燥,無缺陷,路上有停車,良好,良好,無號誌,無號誌,雙向禁止超車線,附標記,未繪設車道線,未繪設快慢車道分隔線,有,人與汽(機)車,同向通行中,駕駛人,未注意車前狀態,死亡1;受傷2,3,小客車,自用,男,49,不明,未使用,車的狀態,靜止(引擎熄火),其他,不明,,,無(車輛駕駛人因素),尚未發現肇事因素,否,120.575172,24.280378
2020,10,20201017,190300,A1,臺中市政府警察局,臺中市清水區田寮里高美路152號前0.0公尺,晴,夜間(或隧道、地下道、涵洞)有照明,市區道路,50,單路部分,直路,路段,一般車道(未劃分快慢車道),柏油,乾燥,無缺陷,路上有停車,良好,良好,無號誌,無號誌,雙向禁止超車線,附標記,未繪設車道線,未繪設快慢車道分隔線,有,人與汽(機)車,同向通行中,駕駛人,未注意車前狀態,死亡1;受傷2,2,人,行人,男,69,其他(行人、慢車駕駛人),未使用,人的狀態,步行,其他,非汽(機)車,,,行人(或乘客),其他引起事故之疏失或行為,否,120.575172,24.280378
2020,10,20201017,190300,A1,臺中市政府警察局,臺中市清水區田寮里高美路152號前0.0公尺,晴,夜間(或隧道、地下道、涵洞)有照明,市區道路,50,單路部分,直路,路段,一般車道(未劃分快慢車道),柏油,乾燥,無缺陷,路上有停車,良好,良好,無號誌,無號誌,雙向禁止超車線,附標記,未繪設車道線,未繪設快慢車道分隔線,有,人與汽(機)車,同向通行中,駕駛人,未注意車前狀態,死亡1;受傷2,1,機車,普通重型,男,19,戴安全帽或繫安全帶(使用幼童安全椅),未使用,車的狀態,向前直行中,機車,前車頭,,,駕駛人,未注意車前狀態,否,120.575172,24.280378
2020,10,20201017,190300,A1,臺中市政府警察局,臺中市清水區田寮里高美路152號前0.0公尺,晴,夜間(或隧道、地下道、涵洞)有照明,市區道路,50,單路部分,直路,路段,一般車道(未劃分快慢車道),柏油,乾燥,無缺陷,路上有停車,良好,良好,無號誌,無號誌,雙向禁止超車線,附標記,未繪設車道線,未繪設快慢車道分隔線,有,人與汽(機)車,同向通行中,駕駛人,未注意車前狀態,死亡1;受傷2,4,人,乘客,女,19,戴安全帽或繫安全帶(使用幼童安全椅),非汽(機)車駕駛人,人的狀態,其他,其他,非汽(機)車,,,無(非車輛駕駛人因素),尚未發現肇事因素,否,120.575172,24.280378
2020,10,20201018,091600,A1,新竹縣政府警察局,新竹縣新豐鄉台15線與鳳坑村3鄰路口,晴,日間自然光線,省道,50,交岔路,四岔路,交叉路口,交叉路口內,柏油,乾燥,無缺陷,無障礙物,良好,良好,行車管制號誌,正常,中央分向島,寛式(50公分以上),車道線(無標記),未繪設快慢車道分隔線,有,車與車,路口交岔撞,駕駛人,違反號誌管制或指揮,死亡1;受傷0,2,機車,普通重型,女,67,戴安全帽或繫安全帶(使用幼童安全椅),未使用,車的狀態,向前直行中,機車,右側車身,,,無(車輛駕駛人因素),尚未發現肇事因素,否,120.971072,24.901477
2020,10,20201018,091600,A1,新竹縣政府警察局,新竹縣新豐鄉台15線與鳳坑村3鄰路口,晴,日間自然光線,省道,50,交岔路,四岔路,交叉路口,交叉路口內,柏油,乾燥,無缺陷,無障礙物,良好,良好,行車管制號誌,正常,中央分向島,寛式(50公分以上),車道線(無標記),未繪設快慢車道分隔線,有,車與車,路口交岔撞,駕駛人,違反號誌管制或指揮,死亡1;受傷0,1,小貨車(含客、貨兩用),自用,男,66,戴安全帽或繫安全帶(使用幼童安全椅),未使用,車的狀態,向前直行中,汽車,左前車頭(身),,,駕駛人,違反號誌管制或指揮,否,120.971072,24.901477
2020,10,20201018,130400,A1,新北市政府警察局,新北市新莊區新北市新莊區化成路與五工一路,晴,日間自然光線,市區道路,50,交岔路,四岔路,交叉路口,交叉路口內,柏油,乾燥,無缺陷,無障礙物,良好,良好,行車管制號誌,正常,雙向禁止超車線,無標記,未繪設車道線,未繪設快慢車道分隔線,無,車與車,追撞,駕駛人,未注意車前狀態,死亡1;受傷3,1,小貨車(含客、貨兩用),自用,男,59,不明,不明,車的狀態,向前直行中,汽車,前車頭,汽車,前車頭,駕駛人,未注意車前狀態,否,121.465456,25.046935
2020,10,20201018,130400,A1,新北市政府警察局,新北市新莊區新北市新莊區化成路與五工一路,晴,日間自然光線,市區道路,50,交岔路,四岔路,交叉路口,交叉路口內,柏油,乾燥,無缺陷,無障礙物,良好,良好,行車管制號誌,正常,雙向禁止超車線,無標記,未繪設車道線,未繪設快慢車道分隔線,無,車與車,追撞,駕駛人,未注意車前狀態,死亡1;受傷3,4,小客車,自用,男,42,不明,不明,車的狀態,右轉彎,汽車,右側車身,汽車,右側車身,無(車輛駕駛人因素),尚未發現肇事因素,否,121.465456,25.046935
2020,10,20201018,130400,A1,新北市政府警察局,新北市新莊區新北市新莊區化成路與五工一路,晴,日間自然光線,市區道路,50,交岔路,四岔路,交叉路口,交叉路口內,柏油,乾燥,無缺陷,無障礙物,良好,良好,行車管制號誌,正常,雙向禁止超車線,無標記,未繪設車道線,未繪設快慢車道分隔線,無,車與車,追撞,駕駛人,未注意車前狀態,死亡1;受傷3,3,機車,普通重型,男,31,不明,不明,車的狀態,等待(引擎未熄火),機車,後車尾,機車,後車尾,無(車輛駕駛人因素),尚未發現肇事因素,否,121.465456,25.046935
2020,10,20201018,130400,A1,新北市政府警察局,新北市新莊區新北市新莊區化成路與五工一路,晴,日間自然光線,市區道路,50,交岔路,四岔路,交叉路口,交叉路口內,柏油,乾燥,無缺陷,無障礙物,良好,良好,行車管制號誌,正常,雙向禁止超車線,無標記,未繪設車道線,未繪設快慢車道分隔線,無,車與車,追撞,駕駛人,未注意車前狀態,死亡1;受傷3,5,人,乘客,女,36,其他(行人、慢車駕駛人),非汽(機)車駕駛人,人的狀態,其他,其他,非汽(機)車,其他,非汽(機)車,無(非車輛駕駛人因素),尚未發現肇事因素,否,121.465456,25.046935
2020,10,20201018,130400,A1,新北市政府警察局,新北市新莊區新北市新莊區化成路與五工一路,晴,日間自然光線,市區道路,50,交岔路,四岔路,交叉路口,交叉路口內,柏油,乾燥,無缺陷,無障礙物,良好,良好,行車管制號誌,正常,雙向禁止超車線,無標記,未繪設車道線,未繪設快慢車道分隔線,無,車與車,追撞,駕駛人,未注意車前狀態,死亡1;受傷3,2,機車,普通重型,男,38,未戴案全帽或未繫安全帶(未使用幼童安全椅),未使用,車的狀態,等待(引擎未熄火),機車,後車尾,機車,後車尾,無(車輛駕駛人因素),尚未發現肇事因素,否,121.465456,25.046935
2020,10,20201018,143052,A1,嘉義縣警察局,嘉義縣民雄鄉山中村166線31.5公里處,晴,日間自然光線,縣道,50,單路部分,直路,路段,路肩、路緣,柏油,乾燥,無缺陷,無障礙物,良好,良好,無號誌,無號誌,雙向禁止超車線,無標記,未繪設車道線,未繪設快慢車道分隔線,有,汽(機)車本身,撞橋樑、建築物,駕駛人,未注意車前狀態,死亡1;受傷0,2,,,無或物(動物、堆置物),-1,,,,,,,,,無(非車輛駕駛人因素),尚未發現肇事因素,否,120.405235,23.518991
2020,10,20201018,143052,A1,嘉義縣警察局,嘉義縣民雄鄉山中村166線31.5公里處,晴,日間自然光線,縣道,50,單路部分,直路,路段,路肩、路緣,柏油,乾燥,無缺陷,無障礙物,良好,良好,無號誌,無號誌,雙向禁止超車線,無標記,未繪設車道線,未繪設快慢車道分隔線,有,汽(機)車本身,撞橋樑、建築物,駕駛人,未注意車前狀態,死亡1;受傷0,1,機車,普通重型,男,71,戴安全帽或繫安全帶(使用幼童安全椅),未使用,車的狀態,向前直行中,機車,前車頭,,,駕駛人,未注意車前狀態,否,120.405235,23.518991
2020,10,20201018,144055,A1,雲林縣警察局,雲林縣口湖鄉湖口村產業道路,晴,日間自然光線,其他,30,單路部分,直路,路段,一般車道(未劃分快慢車道),柏油,乾燥,無缺陷,無障礙物,良好,良好,無號誌,無號誌,無,無分向設施,未繪設車道線,未繪設快慢車道分隔線,無,汽(機)車本身,撞路樹、電桿,駕駛人,未注意車前狀態,死亡1;受傷0,2,,,無或物(動物、堆置物),-1,,,,,,,,,無(非車輛駕駛人因素),尚未發現肇事因素,否,120.169082,23.536337
2020,10,20201018,144055,A1,雲林縣警察局,雲林縣口湖鄉湖口村產業道路,晴,日間自然光線,其他,30,單路部分,直路,路段,一般車道(未劃分快慢車道),柏油,乾燥,無缺陷,無障礙物,良好,良好,無號誌,無號誌,無,無分向設施,未繪設車道線,未繪設快慢車道分隔線,無,汽(機)車本身,撞路樹、電桿,駕駛人,未注意車前狀態,死亡1;受傷0,1,機車,普通重型,男,23,戴安全帽或繫安全帶(使用幼童安全椅),不明,車的狀態,向前直行中,機車,前車頭,,,駕駛人,未注意車前狀態,否,120.169082,23.536337
2020,10,20201018,173056,A1,臺南市政府警察局,臺南市仁德區上崙里崑崙街口 / 臺南市仁德區上崙里民安路二段,晴,晨或暮光,市區道路,50,交岔路,三岔路,交叉路口,交叉路口內,柏油,乾燥,無缺陷,無障礙物,良好,良好,閃光號誌,正常,雙向禁止超車線,無標記,車道線(附標記),快慢車道分隔線,無,車與車,路口交岔撞,駕駛人,未依規定讓車,死亡1;受傷1,2,機車,普通重型,男,66,戴安全帽或繫安全帶(使用幼童安全椅),未使用,車的狀態,向前直行中,機車,前車頭,,,駕駛人,未依規定減速,否,120.267473,22.945297
2020,10,20201018,173056,A1,臺南市政府警察局,臺南市仁德區上崙里崑崙街口 / 臺南市仁德區上崙里民安路二段,晴,晨或暮光,市區道路,50,交岔路,三岔路,交叉路口,交叉路口內,柏油,乾燥,無缺陷,無障礙物,良好,良好,閃光號誌,正常,雙向禁止超車線,無標記,車道線(附標記),快慢車道分隔線,無,車與車,路口交岔撞,駕駛人,未依規定讓車,死亡1;受傷1,1,機車,普通重型,女,76,戴安全帽或繫安全帶(使用幼童安全椅),未使用,車的狀態,向前直行中,機車,左側車身,,,駕駛人,未依規定讓車,否,120.267473,22.945297
2020,10,20201018,180800,A1,臺南市政府警察局,臺南市西港區縣173線 7公里700.0公尺處南側,晴,夜間(或隧道、地下道、涵洞)有照明,市區道路,60,單路部分,直路,路段,快車道,柏油,乾燥,無缺陷,無障礙物,良好,良好,無號誌,無號誌,行車分向線,附標記,車道線(附標記),快慢車道分隔線,有,車與車,側撞,駕駛人,橫越道路不慎,死亡1;受傷0,1,慢車,腳踏自行車,男,78,其他(行人、慢車駕駛人),非汽(機)車駕駛人,車的狀態,迴轉或橫越道路中,其他,非汽(機)車,,,駕駛人,橫越道路不慎,否,120.215619,23.136774
2020,10,20201018,180800,A1,臺南市政府警察局,臺南市西港區縣173線 7公里700.0公尺處南側,晴,夜間(或隧道、地下道、涵洞)有照明,市區道路,60,單路部分,直路,路段,快車道,柏油,乾燥,無缺陷,無障礙物,良好,良好,無號誌,無號誌,行車分向線,附標記,車道線(附標記),快慢車道分隔線,有,車與車,側撞,駕駛人,橫越道路不慎,死亡1;受傷0,2,小客車,自用,男,28,戴安全帽或繫安全帶(使用幼童安全椅),未使用,車的狀態,向前直行中,汽車,前車頭,汽車,右前車頭(身),駕駛人,未注意車前狀態,否,120.215619,23.136774
2020,10,20201018,235200,A1,臺南市政府警察局,臺南市東區崇善路北側 / 臺南市東區崇善八街東側,陰,夜間(或隧道、地下道、涵洞)有照明,市區道路,50,交岔路,四岔路,交叉路口,交叉路口內,柏油,乾燥,無缺陷,無障礙物,良好,良好,閃光號誌,正常,無,無分向設施,未繪設車道線,未繪設快慢車道分隔線,無,車與車,路口交岔撞,駕駛人,未依規定讓車,死亡1;受傷0,2,機車,普通重型,男,24,戴安全帽或繫安全帶(使用幼童安全椅),未使用,車的狀態,向前直行中,機車,前車頭,,,駕駛人,未注意車前狀態,否,120.230051,22.971746
2020,10,20201018,235200,A1,臺南市政府警察局,臺南市東區崇善路北側 / 臺南市東區崇善八街東側,陰,夜間(或隧道、地下道、涵洞)有照明,市區道路,50,交岔路,四岔路,交叉路口,交叉路口內,柏油,乾燥,無缺陷,無障礙物,良好,良好,閃光號誌,正常,無,無分向設施,未繪設車道線,未繪設快慢車道分隔線,無,車與車,路口交岔撞,駕駛人,未依規定讓車,死亡1;受傷0,1,小客車,自用,男,33,未戴案全帽或未繫安全帶(未使用幼童安全椅),未使用,車的狀態,向前直行中,汽車,右側車身,,,駕駛人,未依規定讓車,否,120.230051,22.971746
2020,10,20201019,015400,A1,新竹市警察局,新竹市北區西濱路1段附近 / 新竹市北區延平路3段附近,晴,夜間(或隧道、地下道、涵洞)有照明,市區道路,50,交岔路,三岔路,交叉路口,交叉口附近,柏油,乾燥,無缺陷,無障礙物,良好,良好,閃光號誌,正常,中央分向島,寛式(50公分以上),車道線(無標記),快慢車道分隔線,有,車與車,追撞,駕駛人,未注意車前狀態,死亡1;受傷0,1,機車,普通重型,女,16,不明,不明,車的狀態,向前直行中,機車,前車頭,,,駕駛人,未注意車前狀態,否,120.927556,24.827533
2020,10,20201019,015400,A1,新竹市警察局,新竹市北區西濱路1段附近 / 新竹市北區延平路3段附近,晴,夜間(或隧道、地下道、涵洞)有照明,市區道路,50,交岔路,三岔路,交叉路口,交叉口附近,柏油,乾燥,無缺陷,無障礙物,良好,良好,閃光號誌,正常,中央分向島,寛式(50公分以上),車道線(無標記),快慢車道分隔線,有,車與車,追撞,駕駛人,未注意車前狀態,死亡1;受傷0,2,小貨車(含客、貨兩用),自用,男,32,不明,不明,車的狀態,等待(引擎未熄火),汽車,左後車尾(身),,,無(車輛駕駛人因素),尚未發現肇事因素,否,120.927556,24.827533
2020,10,20201019,103200,A1,桃園市政府警察局,桃園市龜山區文明路17號前0.0公尺,陰,日間自然光線,市區道路,40,單路部分,直路,路段,一般車道(未劃分快慢車道),柏油,乾燥,無缺陷,無障礙物,良好,良好,無號誌,無號誌,雙向禁止超車線,附標記,車道線(附標記),未繪設快慢車道分隔線,有,汽(機)車本身,撞號誌、標誌桿,駕駛人,酒醉(後)駕駛失控,死亡1;受傷1,2,,,無或物(動物、堆置物),-1,,,,,,,,,無(非車輛駕駛人因素),尚未發現肇事因素,否,121.377793,25.061906
2020,10,20201019,103200,A1,桃園市政府警察局,桃園市龜山區文明路17號前0.0公尺,陰,日間自然光線,市區道路,40,單路部分,直路,路段,一般車道(未劃分快慢車道),柏油,乾燥,無缺陷,無障礙物,良好,良好,無號誌,無號誌,雙向禁止超車線,附標記,車道線(附標記),未繪設快慢車道分隔線,有,汽(機)車本身,撞號誌、標誌桿,駕駛人,酒醉(後)駕駛失控,死亡1;受傷1,1,機車,普通重型,男,28,戴安全帽或繫安全帶(使用幼童安全椅),不明,車的狀態,向前直行中,機車,前車頭,,,駕駛人,酒醉(後)駕駛失控,否,121.377793,25.061906
2020,10,20201019,103200,A1,桃園市政府警察局,桃園市龜山區文明路17號前0.0公尺,陰,日間自然光線,市區道路,40,單路部分,直路,路段,一般車道(未劃分快慢車道),柏油,乾燥,無缺陷,無障礙物,良好,良好,無號誌,無號誌,雙向禁止超車線,附標記,車道線(附標記),未繪設快慢車道分隔線,有,汽(機)車本身,撞號誌、標誌桿,駕駛人,酒醉(後)駕駛失控,死亡1;受傷1,3,人,乘客,男,33,戴安全帽或繫安全帶(使用幼童安全椅),非汽(機)車駕駛人,人的狀態,不明,其他,非汽(機)車,,,無(非車輛駕駛人因素),尚未發現肇事因素,否,121.377793,25.061906
2020,10,20201019,111700,A1,高雄市政府警察局,高雄市三民區熱河二街219號前0.0公尺,晴,日間自然光線,市區道路,50,單路部分,直路,路段,快車道,柏油,乾燥,無缺陷,無障礙物,良好,良好,無號誌,無號誌,雙向禁止超車線,無標記,車道線(無標記),快慢車道分隔線,無,人與汽(機)車,穿越道路中,行人(或乘客),未依規定行走行人穿越道、地下道、天橋而穿越道路,死亡1;受傷1,2,機車,普通重型,男,19,戴安全帽或繫安全帶(使用幼童安全椅),未使用,車的狀態,向前直行中,機車,前車頭,機車,前車頭,駕駛人,未注意車前狀態,否,120.296428,22.644465
2020,10,20201019,111700,A1,高雄市政府警察局,高雄市三民區熱河二街219號前0.0公尺,晴,日間自然光線,市區道路,50,單路部分,直路,路段,快車道,柏油,乾燥,無缺陷,無障礙物,良好,良好,無號誌,無號誌,雙向禁止超車線,無標記,車道線(無標記),快慢車道分隔線,無,人與汽(機)車,穿越道路中,行人(或乘客),未依規定行走行人穿越道、地下道、天橋而穿越道路,死亡1;受傷1,1,人,行人,女,83,其他(行人、慢車駕駛人),非汽(機)車駕駛人,人的狀態,步行,其他,非汽(機)車,其他,非汽(機)車,行人(或乘客),未依規定行走行人穿越道、地下道、天橋而穿越道路,否,120.296428,22.644465
2020,10,20201019,114534,A1,苗栗縣警察局,苗栗縣南庄鄉苗21線道穿龍橋一號下,晴,日間自然光線,縣道,50,單路部分,彎曲路及附近,路段,一般車道(未劃分快慢車道),柏油,乾燥,無缺陷,無障礙物,不良,彎道,無號誌,無號誌,雙向禁止超車線,附標記,未繪設車道線,未繪設快慢車道分隔線,有,汽(機)車本身,路上翻車、摔倒,駕駛人,違規超車,死亡1;受傷3,2,,,無或物(動物、堆置物),-1,,,,,,,,,無(非車輛駕駛人因素),尚未發現肇事因素,否,121.014111,24.596620
2020,10,20201019,114534,A1,苗栗縣警察局,苗栗縣南庄鄉苗21線道穿龍橋一號下,晴,日間自然光線,縣道,50,單路部分,彎曲路及附近,路段,一般車道(未劃分快慢車道),柏油,乾燥,無缺陷,無障礙物,不良,彎道,無號誌,無號誌,雙向禁止超車線,附標記,未繪設車道線,未繪設快慢車道分隔線,有,汽(機)車本身,路上翻車、摔倒,駕駛人,違規超車,死亡1;受傷3,1,小客車,自用,男,65,不明,不明,車的狀態,超車(含超越),汽車,前車頭,,,駕駛人,違規超車,否,121.014111,24.596620
2020,10,20201019,114534,A1,苗栗縣警察局,苗栗縣南庄鄉苗21線道穿龍橋一號下,晴,日間自然光線,縣道,50,單路部分,彎曲路及附近,路段,一般車道(未劃分快慢車道),柏油,乾燥,無缺陷,無障礙物,不良,彎道,無號誌,無號誌,雙向禁止超車線,附標記,未繪設車道線,未繪設快慢車道分隔線,有,汽(機)車本身,路上翻車、摔倒,駕駛人,違規超車,死亡1;受傷3,3,人,乘客,女,64,不明,非汽(機)車駕駛人,人的狀態,其他,其他,不明,,,無(非車輛駕駛人因素),尚未發現肇事因素,否,121.014111,24.596620
2020,10,20201019,114534,A1,苗栗縣警察局,苗栗縣南庄鄉苗21線道穿龍橋一號下,晴,日間自然光線,縣道,50,單路部分,彎曲路及附近,路段,一般車道(未劃分快慢車道),柏油,乾燥,無缺陷,無障礙物,不良,彎道,無號誌,無號誌,雙向禁止超車線,附標記,未繪設車道線,未繪設快慢車道分隔線,有,汽(機)車本身,路上翻車、摔倒,駕駛人,違規超車,死亡1;受傷3,4,人,乘客,男,1,不明,非汽(機)車駕駛人,人的狀態,其他,其他,不明,,,無(非車輛駕駛人因素),尚未發現肇事因素,否,121.014111,24.596620
2020,10,20201019,114534,A1,苗栗縣警察局,苗栗縣南庄鄉苗21線道穿龍橋一號下,晴,日間自然光線,縣道,50,單路部分,彎曲路及附近,路段,一般車道(未劃分快慢車道),柏油,乾燥,無缺陷,無障礙物,不良,彎道,無號誌,無號誌,雙向禁止超車線,附標記,未繪設車道線,未繪設快慢車道分隔線,有,汽(機)車本身,路上翻車、摔倒,駕駛人,違規超車,死亡1;受傷3,5,人,乘客,女,0,不明,非汽(機)車駕駛人,人的狀態,其他,其他,不明,,,無(非車輛駕駛人因素),尚未發現肇事因素,否,121.014111,24.596620
2020,10,20201019,123000,A1,屏東縣政府警察局,屏東縣車城鄉保力村保新路65號旁,陰,日間自然光線,省道,70,單路部分,直路,路段,慢車道,柏油,乾燥,無缺陷,無障礙物,良好,良好,無號誌,無號誌,中央分向島,寛式(50公分以上),車道線(無標記),快慢車道分隔線,有,汽(機)車本身,路上翻車、摔倒,駕駛人,酒醉(後)駕駛失控,死亡1;受傷0,2,,,無或物(動物、堆置物),-1,,,,,,,,,無(非車輛駕駛人因素),尚未發現肇事因素,否,120.717013,22.059951
2020,10,20201019,123000,A1,屏東縣政府警察局,屏東縣車城鄉保力村保新路65號旁,陰,日間自然光線,省道,70,單路部分,直路,路段,慢車道,柏油,乾燥,無缺陷,無障礙物,良好,良好,無號誌,無號誌,中央分向島,寛式(50公分以上),車道線(無標記),快慢車道分隔線,有,汽(機)車本身,路上翻車、摔倒,駕駛人,酒醉(後)駕駛失控,死亡1;受傷0,1,機車,普通重型,女,49,不明,不明,車的狀態,向前直行中,機車,右側車身,,,駕駛人,酒醉(後)駕駛失控,否,120.717013,22.059951