發生年度,發生月份,發生日期,發生時間,事故類別名稱,處理單位名稱警局層,發生地點,天候名稱,光線名稱,道路類別-第1當事者-名稱,速限-第1當事者,道路型態大類別名稱,道路型態子類別名稱,事故位置大類別名稱,事故位置子類別名稱,路面狀況-路面鋪裝名稱,路面狀況-路面狀態名稱,路面狀況-路面缺陷名稱,道路障礙-障礙物名稱,道路障礙-視距品質名稱,道路障礙-視距名稱,號誌-號誌種類名稱,號誌-號誌動作名稱,車道劃分設施-分向設施大類別名稱,車道劃分設施-分向設施子類別名稱,車道劃分設施-分道設施-快車道或一般車道間名稱,車道劃分設施-分道設施-快慢車道間名稱,車道劃分設施-分道設施-路面邊線名稱,事故類型及型態大類別名稱,事故類型及型態子類別名稱,肇因研判大類別名稱-主要,肇因研判子類別名稱-主要,死亡受傷人數,當事者順位,當事者區分-類別-大類別名稱-車種,當事者區分-類別-子類別名稱-車種,當事者屬-性-別名稱,當事者事故發生時年齡,保護裝備名稱,行動電話或電腦或其他相類功能裝置名稱,當事者行動狀態大類別名稱,當事者行動狀態子類別名稱,車輛撞擊部位大類別名稱-最初,車輛撞擊部位子類別名稱-最初,車輛撞擊部位大類別名稱-其他,車輛撞擊部位子類別名稱-其他,肇因研判大類別名稱-個別,肇因研判子類別名稱-個別,肇事逃逸類別名稱-是否肇逃,經度,緯度
2020,10,20201022,143605,A1,花蓮縣警察局,花蓮縣鳳林鎮中正路2段口 / 花蓮縣鳳林鎮中正路2段口,雨,日間自然光線,省道,70,交岔路,三岔路,交叉路口,交叉路口內,柏油,濕潤,無缺陷,無障礙物,良好,良好,閃光號誌,正常,無,無分向設施,未繪設車道線,未繪設快慢車道分隔線,無,車與車,路口交岔撞,駕駛人,未依規定讓車,死亡1;受傷0,1,機車,普通重型,男,86,戴安全帽或繫安全帶(使用幼童安全椅),未使用,車的狀態,迴轉或橫越道路中,機車,後車尾,,,駕駛人,未依規定讓車,否,121.448714,23.746493
2020,10,20201022,143605,A1,花蓮縣警察局,花蓮縣鳳林鎮中正路2段口 / 花蓮縣鳳林鎮中正路2段口,雨,日間自然光線,省道,70,交岔路,三岔路,交叉路口,交叉路口內,柏油,濕潤,無缺陷,無障礙物,良好,良好,閃光號誌,正常,無,無分向設施,未繪設車道線,未繪設快慢車道分隔線,無,車與車,路口交岔撞,駕駛人,未依規定讓車,死亡1;受傷0,2,小貨車(含客、貨兩用),自用,男,45,戴安全帽或繫安全帶(使用幼童安全椅),未使用,車的狀態,向前直行中,汽車,右前車頭(身),,,駕駛人,未注意車前狀態,否,121.448714,23.746493
2020,10,20201022,150800,A1,嘉義縣警察局,嘉義縣朴子市德家里村里道路口(路燈編號024786),晴,日間自然光線,村里道路,30,交岔路,四岔路,交叉路口,交叉路口內,柏油,乾燥,無缺陷,無障礙物,不良,樹木、農作物,無號誌,無號誌,無,無分向設施,未繪設車道線,未繪設快慢車道分隔線,無,車與車,路口交岔撞,駕駛人,未依規定讓車,死亡1;受傷0,2,機車,普通重型,男,71,未戴案全帽或未繫安全帶(未使用幼童安全椅),未使用,車的狀態,向前直行中,機車,前車頭,,,駕駛人,未注意車前狀態,否,120.252431,23.426930
2020,10,20201022,150800,A1,嘉義縣警察局,嘉義縣朴子市德家里村里道路口(路燈編號024786),晴,日間自然光線,村里道路,30,交岔路,四岔路,交叉路口,交叉路口內,柏油,乾燥,無缺陷,無障礙物,不良,樹木、農作物,無號誌,無號誌,無,無分向設施,未繪設車道線,未繪設快慢車道分隔線,無,車與車,路口交岔撞,駕駛人,未依規定讓車,死亡1;受傷0,1,小貨車(含客、貨兩用),自用,男,56,戴安全帽或繫安全帶(使用幼童安全椅),未使用,車的狀態,向前直行中,汽車,右側車身,,,駕駛人,未依規定讓車,否,120.252431,23.426930
2020,10,20201022,152700,A1,高雄市政府警察局,高雄市橋頭區成功北路筆秀204路燈號前0.0公尺,晴,日間自然光線,市區道路,40,單路部分,直路,路段,慢車道,柏油,乾燥,無缺陷,無障礙物,良好,良好,無號誌,無號誌,中央分向島,寛式(50公分以上),車道線(無標記),寛式快慢車道分隔島(50公分以上),有,人與汽(機)車,同向通行中,駕駛人,未注意車前狀態,死亡1;受傷2,3,機車,普通重型,男,73,不明,不明,車的狀態,向前直行中,其他,不明,其他,不明,無(車輛駕駛人因素),尚未發現肇事因素,否,120.310100,22.758010
2020,10,20201022,152700,A1,高雄市政府警察局,高雄市橋頭區成功北路筆秀204路燈號前0.0公尺,晴,日間自然光線,市區道路,40,單路部分,直路,路段,慢車道,柏油,乾燥,無缺陷,無障礙物,良好,良好,無號誌,無號誌,中央分向島,寛式(50公分以上),車道線(無標記),寛式快慢車道分隔島(50公分以上),有,人與汽(機)車,同向通行中,駕駛人,未注意車前狀態,死亡1;受傷2,1,機車,普通重型,男,20,戴安全帽或繫安全帶(使用幼童安全椅),未使用,車的狀態,向前直行中,其他,不明,其他,不明,駕駛人,未注意車前狀態,否,120.310100,22.758010
2020,10,20201022,152700,A1,高雄市政府警察局,高雄市橋頭區成功北路筆秀204路燈號前0.0公尺,晴,日間自然光線,市區道路,40,單路部分,直路,路段,慢車道,柏油,乾燥,無缺陷,無障礙物,良好,良好,無號誌,無號誌,中央分向島,寛式(50公分以上),車道線(無標記),寛式快慢車道分隔島(50公分以上),有,人與汽(機)車,同向通行中,駕駛人,未注意車前狀態,死亡1;受傷2,2,人,行人,男,68,其他(行人、慢車駕駛人),非汽(機)車駕駛人,人的狀態,步行,其他,非汽(機)車,其他,非汽(機)車,無(非車輛駕駛人因素),尚未發現肇事因素,否,120.310100,22.758010
2020,10,20201022,200003,A1,苗栗縣警察局,苗栗縣竹南鎮公館里中華路南下車道靠近文英街口,雨,日間自然光線,市區道路,70,單路部分,直路,路段,慢車道,柏油,濕潤,無缺陷,無障礙物,良好,良好,無號誌,無號誌,中央分向島,窄式無柵欄,車道線(無標記),快慢車道分隔線,無,人與汽(機)車,穿越道路中,行人(或乘客),未依規定行走行人穿越道、地下道、天橋而穿越道路,死亡1;受傷1,3,小客車,自用,男,74,戴安全帽或繫安全帶(使用幼童安全椅),未使用,車的狀態,向前直行中,汽車,前車頭,,,駕駛人,未注意車前狀態,否,120.878344,24.661740
2020,10,20201022,200003,A1,苗栗縣警察局,苗栗縣竹南鎮公館里中華路南下車道靠近文英街口,雨,日間自然光線,市區道路,70,單路部分,直路,路段,慢車道,柏油,濕潤,無缺陷,無障礙物,良好,良好,無號誌,無號誌,中央分向島,窄式無柵欄,車道線(無標記),快慢車道分隔線,無,人與汽(機)車,穿越道路中,行人(或乘客),未依規定行走行人穿越道、地下道、天橋而穿越道路,死亡1;受傷1,2,機車,普通重型,男,24,戴安全帽或繫安全帶(使用幼童安全椅),未使用,車的狀態,向前直行中,機車,前車頭,,,駕駛人,未注意車前狀態,否,120.878344,24.661740
2020,10,20201022,200003,A1,苗栗縣警察局,苗栗縣竹南鎮公館里中華路南下車道靠近文英街口,雨,日間自然光線,市區道路,70,單路部分,直路,路段,慢車道,柏油,濕潤,無缺陷,無障礙物,良好,良好,無號誌,無號誌,中央分向島,窄式無柵欄,車道線(無標記),快慢車道分隔線,無,人與汽(機)車,穿越道路中,行人(或乘客),未依規定行走行人穿越道、地下道、天橋而穿越道路,死亡1;受傷1,1,人,行人,男,63,其他(行人、慢車駕駛人),未使用,人的狀態,步行,其他,非汽(機)車,,,行人(或乘客),未依規定行走行人穿越道、地下道、天橋而穿越道路,否,120.878344,24.661740
2020,10,20201023,130000,A1,臺北市政府警察局,臺北市文山區羅斯福路5段 / 臺北市文山區萬盛街,雨,日間自然光線,市區道路,50,交岔路,四岔路,交叉路口,交叉路口內,柏油,濕潤,無缺陷,無障礙物,良好,良好,行車管制號誌(附設行人專用號誌),正常,中央分向島,寛式(50公分以上),車道線(無標記),未繪設快慢車道分隔線,無,人與汽(機)車,衝進路中,駕駛人,搶越行人穿越道,死亡1;受傷2,1,機車,普通重型,男,20,戴安全帽或繫安全帶(使用幼童安全椅),未使用,車的狀態,向前直行中,機車,前車頭,機車,前車頭,駕駛人,搶越行人穿越道,否,121.538469,25.007784
2020,10,20201023,130000,A1,臺北市政府警察局,臺北市文山區羅斯福路5段 / 臺北市文山區萬盛街,雨,日間自然光線,市區道路,50,交岔路,四岔路,交叉路口,交叉路口內,柏油,濕潤,無缺陷,無障礙物,良好,良好,行車管制號誌(附設行人專用號誌),正常,中央分向島,寛式(50公分以上),車道線(無標記),未繪設快慢車道分隔線,無,人與汽(機)車,衝進路中,駕駛人,搶越行人穿越道,死亡1;受傷2,3,人,乘客,男,21,戴安全帽或繫安全帶(使用幼童安全椅),非汽(機)車駕駛人,人的狀態,其他,其他,非汽(機)車,其他,非汽(機)車,無(非車輛駕駛人因素),尚未發現肇事因素,否,121.538469,25.007784
2020,10,20201023,130000,A1,臺北市政府警察局,臺北市文山區羅斯福路5段 / 臺北市文山區萬盛街,雨,日間自然光線,市區道路,50,交岔路,四岔路,交叉路口,交叉路口內,柏油,濕潤,無缺陷,無障礙物,良好,良好,行車管制號誌(附設行人專用號誌),正常,中央分向島,寛式(50公分以上),車道線(無標記),未繪設快慢車道分隔線,無,人與汽(機)車,衝進路中,駕駛人,搶越行人穿越道,死亡1;受傷2,2,人,行人,女,67,其他(行人、慢車駕駛人),非汽(機)車駕駛人,人的狀態,奔跑,其他,非汽(機)車,其他,非汽(機)車,行人(或乘客),未依標誌、標線、號誌或手勢指揮穿越道路,否,121.538469,25.007784
2020,10,20201023,162700,A1,臺中市政府警察局,臺中市西屯區虹陽橋上路燈編號10514號,晴,日間自然光線,市區道路,40,單路部分,橋樑,路段,一般車道(未劃分快慢車道),柏油,乾燥,無缺陷,無障礙物,良好,良好,無號誌,無號誌,無,無分向設施,車道線(無標記),未繪設快慢車道分隔線,無,車與車,追撞,其他,違規停車或暫停不當而肇事,死亡1;受傷0,2,機車,普通重型,男,41,不明,不明,車的狀態,向前直行中,機車,前車頭,,,駕駛人,未注意車前狀態,否,120.631503,24.170731
2020,10,20201023,162700,A1,臺中市政府警察局,臺中市西屯區虹陽橋上路燈編號10514號,晴,日間自然光線,市區道路,40,單路部分,橋樑,路段,一般車道(未劃分快慢車道),柏油,乾燥,無缺陷,無障礙物,良好,良好,無號誌,無號誌,無,無分向設施,車道線(無標記),未繪設快慢車道分隔線,無,車與車,追撞,其他,違規停車或暫停不當而肇事,死亡1;受傷0,1,小貨車(含客、貨兩用),自用,男,61,不明,不明,車的狀態,靜止(引擎熄火),汽車,後車尾,,,其他,違規停車或暫停不當而肇事,否,120.631503,24.170731
2020,10,20201023,184300,A1,花蓮縣警察局,花蓮縣新城鄉台9線 174公里500.0公尺處北側向內側,晴,夜間(或隧道、地下道、涵洞)有照明,省道,70,交岔路,三岔路,交叉路口,交叉路口內,柏油,乾燥,無缺陷,無障礙物,良好,良好,行車管制號誌,正常,無,無分向設施,未繪設車道線,未繪設快慢車道分隔線,無,車與車,側撞,駕駛人,左轉彎未依規定,死亡1;受傷0,1,機車,普通重型,女,63,戴安全帽或繫安全帶(使用幼童安全椅),未使用,車的狀態,左轉彎,機車,左側車身,,,駕駛人,左轉彎未依規定,否,121.622392,24.107699
2020,10,20201023,184300,A1,花蓮縣警察局,花蓮縣新城鄉台9線 174公里500.0公尺處北側向內側,晴,夜間(或隧道、地下道、涵洞)有照明,省道,70,交岔路,三岔路,交叉路口,交叉路口內,柏油,乾燥,無缺陷,無障礙物,良好,良好,行車管制號誌,正常,無,無分向設施,未繪設車道線,未繪設快慢車道分隔線,無,車與車,側撞,駕駛人,左轉彎未依規定,死亡1;受傷0,2,小貨車(含客、貨兩用),自用,男,48,戴安全帽或繫安全帶(使用幼童安全椅),未使用,車的狀態,向前直行中,汽車,前車頭,,,無(車輛駕駛人因素),尚未發現肇事因素,否,121.622392,24.107699
2020,10,20201023,184717,A1,花蓮縣警察局,花蓮縣秀林鄉台9線 165.8公里附近,陰,夜間(或隧道、地下道、涵洞)有照明,縣道,50,單路部分,直路,路段,快車道,柏油,乾燥,無缺陷,無障礙物,不良,其他,無號誌,無號誌,雙向禁止超車線,附標記,車道線(附標記),未繪設快慢車道分隔線,有,人與汽(機)車,穿越道路中,行人(或乘客),穿越道路未注意左右來車,死亡1;受傷0,1,人,行人,女,68,其他(行人、慢車駕駛人),非汽(機)車駕駛人,人的狀態,步行,其他,非汽(機)車,,,行人(或乘客),穿越道路未注意左右來車,否,121.653702,24.167190
2020,10,20201023,184717,A1,花蓮縣警察局,花蓮縣秀林鄉台9線 165.8公里附近,陰,夜間(或隧道、地下道、涵洞)有照明,縣道,50,單路部分,直路,路段,快車道,柏油,乾燥,無缺陷,無障礙物,不良,其他,無號誌,無號誌,雙向禁止超車線,附標記,車道線(附標記),未繪設快慢車道分隔線,有,人與汽(機)車,穿越道路中,行人(或乘客),穿越道路未注意左右來車,死亡1;受傷0,2,小貨車(含客、貨兩用),自用,男,60,戴安全帽或繫安全帶(使用幼童安全椅),未使用,車的狀態,向前直行中,汽車,右前車頭(身),,,駕駛人,未注意車前狀態,否,121.653702,24.167190
2020,10,20201023,192500,A1,苗栗縣警察局,苗栗縣頭份市中華路655號,晴,日間自然光線,市區道路,50,單路部分,直路,路段,快車道,柏油,乾燥,無缺陷,無障礙物,良好,良好,無號誌,無號誌,雙向禁止超車線,無標記,車道線(無標記),未繪設快慢車道分隔線,有,人與汽(機)車,穿越道路中,行人(或乘客),未依規定行走行人穿越道、地下道、天橋而穿越道路,死亡1;受傷0,2,小客車,自用,男,33,不明,不明,車的狀態,向前直行中,汽車,左前車頭(身),,,駕駛人,未注意車前狀態,否,120.899420,24.678923
2020,10,20201023,192500,A1,苗栗縣警察局,苗栗縣頭份市中華路655號,晴,日間自然光線,市區道路,50,單路部分,直路,路段,快車道,柏油,乾燥,無缺陷,無障礙物,良好,良好,無號誌,無號誌,雙向禁止超車線,無標記,車道線(無標記),未繪設快慢車道分隔線,有,人與汽(機)車,穿越道路中,行人(或乘客),未依規定行走行人穿越道、地下道、天橋而穿越道路,死亡1;受傷0,1,人,行人,女,57,其他(行人、慢車駕駛人),非汽(機)車駕駛人,人的狀態,奔跑,其他,非汽(機)車,,,行人(或乘客),未依規定行走行人穿越道、地下道、天橋而穿越道路,否,120.899420,24.678923
2020,10,20201023,195315,A1,雲林縣警察局,雲林縣西螺鎮大園里大同路與興農東路口,晴,夜間(或隧道、地下道、涵洞)有照明,村里道路,50,交岔路,四岔路,交叉路口,交叉路口內,柏油,乾燥,無缺陷,無障礙物,良好,良好,行車管制號誌,正常,雙向禁止超車線,無標記,未繪設車道線,快慢車道分隔線,有,車與車,側撞,駕駛人,未依規定讓車,死亡2;受傷0,1,小貨車(含客、貨兩用),自用,男,33,不明,不明,車的狀態,左轉彎,汽車,前車頭,,,駕駛人,未依規定讓車,否,120.466505,23.797731
2020,10,20201023,195315,A1,雲林縣警察局,雲林縣西螺鎮大園里大同路與興農東路口,晴,夜間(或隧道、地下道、涵洞)有照明,村里道路,50,交岔路,四岔路,交叉路口,交叉路口內,柏油,乾燥,無缺陷,無障礙物,良好,良好,行車管制號誌,正常,雙向禁止超車線,無標記,未繪設車道線,快慢車道分隔線,有,車與車,側撞,駕駛人,未依規定讓車,死亡2;受傷0,2,機車,普通重型,男,20,未戴案全帽或未繫安全帶(未使用幼童安全椅),不明,車的狀態,向前直行中,機車,前車頭,,,駕駛人,未依規定減速,否,120.466505,23.797731
2020,10,20201023,195315,A1,雲林縣警察局,雲林縣西螺鎮大園里大同路與興農東路口,晴,夜間(或隧道、地下道、涵洞)有照明,村里道路,50,交岔路,四岔路,交叉路口,交叉路口內,柏油,乾燥,無缺陷,無障礙物,良好,良好,行車管制號誌,正常,雙向禁止超車線,無標記,未繪設車道線,快慢車道分隔線,有,車與車,側撞,駕駛人,未依規定讓車,死亡2;受傷0,3,人,乘客,男,18,未戴案全帽或未繫安全帶(未使用幼童安全椅),不明,人的狀態,其他,其他,非汽(機)車,,,無(非車輛駕駛人因素),尚未發現肇事因素,否,120.466505,23.797731
2020,10,20201024,094000,A1,桃園市政府警察局,桃園市觀音區電廠二路星座廣場後方,晴,日間自然光線,市區道路,50,單路部分,直路,路段,一般車道(未劃分快慢車道),柏油,乾燥,無缺陷,無障礙物,良好,良好,無號誌,無號誌,行車分向線,無標記,車道線(無標記),未繪設快慢車道分隔線,有,汽(機)車本身,路上翻車、摔倒,駕駛人,超速失控,死亡1;受傷0,2,,,無或物(動物、堆置物),-1,,,,,,,,,無(非車輛駕駛人因素),尚未發現肇事因素,否,121.051966,25.030965
2020,10,20201024,094000,A1,桃園市政府警察局,桃園市觀音區電廠二路星座廣場後方,晴,日間自然光線,市區道路,50,單路部分,直路,路段,一般車道(未劃分快慢車道),柏油,乾燥,無缺陷,無障礙物,良好,良好,無號誌,無號誌,行車分向線,無標記,車道線(無標記),未繪設快慢車道分隔線,有,汽(機)車本身,路上翻車、摔倒,駕駛人,超速失控,死亡1;受傷0,1,機車,大型重型1(550C.C.以上),男,20,戴安全帽或繫安全帶(使用幼童安全椅),未使用,車的狀態,向前直行中,機車,左側車身,,,駕駛人,超速失控,否,121.051966,25.030965
2020,10,20201024,101000,A1,高雄市政府警察局,高雄市路竹區環球路 / 高雄市路竹區大智路,晴,日間自然光線,市區道路,50,交岔路,四岔路,交叉路口,交叉路口內,柏油,乾燥,無缺陷,無障礙物,良好,良好,行車管制號誌,正常,雙向禁止超車線,附標記,未繪設車道線,未繪設快慢車道分隔線,有,車與車,側撞,駕駛人,未依規定讓車,死亡1;受傷0,1,大貨車,自用,男,46,戴安全帽或繫安全帶(使用幼童安全椅),未使用,車的狀態,右轉彎,汽車,右前車頭(身),汽車,右前車頭(身),駕駛人,未依規定讓車,否,120.270334,22.880100
2020,10,20201024,101000,A1,高雄市政府警察局,高雄市路竹區環球路 / 高雄市路竹區大智路,晴,日間自然光線,市區道路,50,交岔路,四岔路,交叉路口,交叉路口內,柏油,乾燥,無缺陷,無障礙物,良好,良好,行車管制號誌,正常,雙向禁止超車線,附標記,未繪設車道線,未繪設快慢車道分隔線,有,車與車,側撞,駕駛人,未依規定讓車,死亡1;受傷0,2,慢車,腳踏自行車,男,79,其他(行人、慢車駕駛人),非汽(機)車駕駛人,車的狀態,向前直行中,其他,非汽(機)車,其他,非汽(機)車,無(車輛駕駛人因素),尚未發現肇事因素,否,120.270334,22.880100
2020,10,20201024,181200,A1,嘉義縣警察局,嘉義縣朴子市大鄉里縣157線道33公里600公尺處,晴,夜間(或隧道、地下道、涵洞)有照明,縣道,50,單路部分,直路,路段,一般車道(未劃分快慢車道),柏油,乾燥,無缺陷,無障礙物,良好,良好,無號誌,無號誌,雙向禁止超車線,無標記,未繪設車道線,未繪設快慢車道分隔線,有,車與車,側撞,駕駛人,違反特定標誌(線)禁制,死亡1;受傷0,2,大客車,公營公車,男,62,戴安全帽或繫安全帶(使用幼童安全椅),未使用,車的狀態,向前直行中,汽車,前車頭,,,駕駛人,未注意車前狀態,否,120.257788,23.467988
2020,10,20201024,181200,A1,嘉義縣警察局,嘉義縣朴子市大鄉里縣157線道33公里600公尺處,晴,夜間(或隧道、地下道、涵洞)有照明,縣道,50,單路部分,直路,路段,一般車道(未劃分快慢車道),柏油,乾燥,無缺陷,無障礙物,良好,良好,無號誌,無號誌,雙向禁止超車線,無標記,未繪設車道線,未繪設快慢車道分隔線,有,車與車,側撞,駕駛人,違反特定標誌(線)禁制,死亡1;受傷0,1,機車,普通輕型,女,58,戴安全帽或繫安全帶(使用幼童安全椅),使用免持或未有礙駕駛安全,車的狀態,迴轉或橫越道路中,機車,右側車身,,,駕駛人,違反特定標誌(線)禁制,否,120.257788,23.467988
2020,10,20201024,181300,A1,高雄市政府警察局,高雄市阿蓮區港後134-2號前0.0公尺前,晴,夜間(或隧道、地下道、涵洞)有照明,市區道路,30,單路部分,直路,路段,一般車道(未劃分快慢車道),柏油,乾燥,無缺陷,無障礙物,良好,良好,無號誌,無號誌,無,無分向設施,未繪設車道線,未繪設快慢車道分隔線,有,車與車,對向擦撞,駕駛人,未靠右行駛,死亡1;受傷0,1,小客車,自用,男,34,戴安全帽或繫安全帶(使用幼童安全椅),未使用,車的狀態,向前直行中,汽車,左前車頭(身),汽車,左前車頭(身),駕駛人,未靠右行駛,否,120.305000,22.867710
2020,10,20201024,181300,A1,高雄市政府警察局,高雄市阿蓮區港後134-2號前0.0公尺前,晴,夜間(或隧道、地下道、涵洞)有照明,市區道路,30,單路部分,直路,路段,一般車道(未劃分快慢車道),柏油,乾燥,無缺陷,無障礙物,良好,良好,無號誌,無號誌,無,無分向設施,未繪設車道線,未繪設快慢車道分隔線,有,車與車,對向擦撞,駕駛人,未靠右行駛,死亡1;受傷0,2,機車,普通重型,女,47,戴安全帽或繫安全帶(使用幼童安全椅),未使用,車的狀態,向前直行中,機車,前車頭,機車,前車頭,無(車輛駕駛人因素),尚未發現肇事因素,否,120.305000,22.867710
2020,10,20201024,231000,A1,彰化縣警察局,彰化縣秀水鄉曾厝村秀中街7號前0.0公尺,晴,夜間(或隧道、地下道、涵洞)有照明,村里道路,50,交岔路,四岔路,交叉路口,交叉路口內,柏油,乾燥,無缺陷,無障礙物,良好,良好,無號誌,無號誌,無,無分向設施,未繪設車道線,未繪設快慢車道分隔線,無,車與車,路口交岔撞,駕駛人,未依規定讓車,死亡1;受傷0,1,小客車,自用,男,17,戴安全帽或繫安全帶(使用幼童安全椅),未使用,車的狀態,向前直行中,汽車,前車頭,汽車,前車頭,駕駛人,未依規定讓車,否,120.510460,24.016219
2020,10,20201024,231000,A1,彰化縣警察局,彰化縣秀水鄉曾厝村秀中街7號前0.0公尺,晴,夜間(或隧道、地下道、涵洞)有照明,村里道路,50,交岔路,四岔路,交叉路口,交叉路口內,柏油,乾燥,無缺陷,無障礙物,良好,良好,無號誌,無號誌,無,無分向設施,未繪設車道線,未繪設快慢車道分隔線,無,車與車,路口交岔撞,駕駛人,未依規定讓車,死亡1;受傷0,2,機車,普通重型,男,29,戴安全帽或繫安全帶(使用幼童安全椅),未使用,車的狀態,向前直行中,機車,左側車身,機車,左側車身,駕駛人,未依規定減速,否,120.510460,24.016219
2020,10,20201025,140720,A1,苗栗縣警察局,苗栗縣獅潭鄉台3線 121公里900.0公尺處南側向外側,晴,日間自然光線,省道,60,單路部分,彎曲路及附近,路段,一般車道(未劃分快慢車道),柏油,乾燥,無缺陷,無障礙物,良好,良好,無號誌,無號誌,行車分向線,附標記,車道線(附標記),未繪設快慢車道分隔線,有,汽(機)車本身,撞路樹、電桿,駕駛人,超速失控,死亡1;受傷0,2,,,無或物(動物、堆置物),-1,,,,,,,,,無(非車輛駕駛人因素),尚未發現肇事因素,否,120.896092,24.482673
2020,10,20201025,140720,A1,苗栗縣警察局,苗栗縣獅潭鄉台3線 121公里900.0公尺處南側向外側,晴,日間自然光線,省道,60,單路部分,彎曲路及附近,路段,一般車道(未劃分快慢車道),柏油,乾燥,無缺陷,無障礙物,良好,良好,無號誌,無號誌,行車分向線,附標記,車道線(附標記),未繪設快慢車道分隔線,有,汽(機)車本身,撞路樹、電桿,駕駛人,超速失控,死亡1;受傷0,1,機車,大型重型1(550C.C.以上),男,61,戴安全帽或繫安全帶(使用幼童安全椅),未使用,車的狀態,左轉彎,機車,右側車身,機車,前車頭,駕駛人,超速失控,否,120.896092,24.482673
2020,10,20201025,164900,A1,臺中市政府警察局,臺中市大安區北上137.6K,晴,日間自然光線,市區道路,90,單路部分,直路,路段,快車道,柏油,乾燥,無缺陷,無障礙物,良好,良好,無號誌,無號誌,中央分向島,寛式(50公分以上),車道線(無標記),未繪設快慢車道分隔線,有,汽(機)車本身,撞護欄(樁),機件,車輪脫落或輪胎爆裂,死亡1;受傷1,2,,,無或物(動物、堆置物),0,,,,,,,,,無(非車輛駕駛人因素),尚未發現肇事因素,否,120.593865,24.386033
2020,10,20201025,164900,A1,臺中市政府警察局,臺中市大安區北上137.6K,晴,日間自然光線,市區道路,90,單路部分,直路,路段,快車道,柏油,乾燥,無缺陷,無障礙物,良好,良好,無號誌,無號誌,中央分向島,寛式(50公分以上),車道線(無標記),未繪設快慢車道分隔線,有,汽(機)車本身,撞護欄(樁),機件,車輪脫落或輪胎爆裂,死亡1;受傷1,1,機車,大型重型1(550C.C.以上),男,52,戴安全帽或繫安全帶(使用幼童安全椅),未使用,車的狀態,向前直行中,機車,前車頭,,,機件,車輪脫落或輪胎爆裂,否,120.593865,24.386033
2020,10,20201025,164900,A1,臺中市政府警察局,臺中市大安區北上137.6K,晴,日間自然光線,市區道路,90,單路部分,直路,路段,快車道,柏油,乾燥,無缺陷,無障礙物,良好,良好,無號誌,無號誌,中央分向島,寛式(50公分以上),車道線(無標記),未繪設快慢車道分隔線,有,汽(機)車本身,撞護欄(樁),機件,車輪脫落或輪胎爆裂,死亡1;受傷1,3,人,乘客,女,49,戴安全帽或繫安全帶(使用幼童安全椅),非汽(機)車駕駛人,人的狀態,其他,其他,非汽(機)車,,,無(非車輛駕駛人因素),尚未發現肇事因素,否,120.593865,24.386033
2020,10,20201025,182000,A1,臺北市政府警察局,臺北市南港區市民大道7段 / 臺北市南港區昆陽街,陰,夜間(或隧道、地下道、涵洞)有照明,市區道路,50,交岔路,四岔路,交叉路口,交叉路口內,柏油,乾燥,無缺陷,無障礙物,良好,良好,行車管制號誌(附設行人專用號誌),正常,中央分向島,寛式(50公分以上),車道線(無標記),未繪設快慢車道分隔線,無,車與車,路口交岔撞,駕駛人,違反號誌管制或指揮,死亡1;受傷1,1,其他車,其他車,男,36,其他(行人、慢車駕駛人),未使用,車的狀態,向前直行中,其他,不明,其他,不明,駕駛人,違反號誌管制或指揮,否,121.593738,25.051169
2020,10,20201025,182000,A1,臺北市政府警察局,臺北市南港區市民大道7段 / 臺北市南港區昆陽街,陰,夜間(或隧道、地下道、涵洞)有照明,市區道路,50,交岔路,四岔路,交叉路口,交叉路口內,柏油,乾燥,無缺陷,無障礙物,良好,良好,行車管制號誌(附設行人專用號誌),正常,中央分向島,寛式(50公分以上),車道線(無標記),未繪設快慢車道分隔線,無,車與車,路口交岔撞,駕駛人,違反號誌管制或指揮,死亡1;受傷1,2,機車,普通重型,男,24,戴安全帽或繫安全帶(使用幼童安全椅),未使用,車的狀態,向前直行中,機車,前車頭,機車,前車頭,無(車輛駕駛人因素),尚未發現肇事因素,否,121.593738,25.051169
2020,10,20201025,204800,A1,屏東縣政府警察局,屏東縣內埔鄉龍潭村昭勝路472號前,陰,夜間(或隧道、地下道、涵洞)有照明,鄉道,50,單路部分,直路,路段,一般車道(未劃分快慢車道),柏油,乾燥,無缺陷,無障礙物,良好,良好,無號誌,無號誌,行車分向線,無標記,未繪設車道線,未繪設快慢車道分隔線,有,車與車,其他,其他,違規停車或暫停不當而肇事,死亡1;受傷0,2,機車,普通重型,男,66,戴安全帽或繫安全帶(使用幼童安全椅),未使用,車的狀態,向前直行中,機車,前車頭,,,駕駛人,酒醉(後)駕駛失控,否,120.601360,22.680229
2020,10,20201025,204800,A1,屏東縣政府警察局,屏東縣內埔鄉龍潭村昭勝路472號前,陰,夜間(或隧道、地下道、涵洞)有照明,鄉道,50,單路部分,直路,路段,一般車道(未劃分快慢車道),柏油,乾燥,無缺陷,無障礙物,良好,良好,無號誌,無號誌,行車分向線,無標記,未繪設車道線,未繪設快慢車道分隔線,有,車與車,其他,其他,違規停車或暫停不當而肇事,死亡1;受傷0,1,小貨車(含客、貨兩用),自用,男,56,戴安全帽或繫安全帶(使用幼童安全椅),未使用,車的狀態,靜止(引擎熄火),汽車,左後車尾(身),,,其他,違規停車或暫停不當而肇事,否,120.601360,22.680229