發生年度,發生月份,發生日期,發生時間,事故類別名稱,處理單位名稱警局層,發生地點,天候名稱,光線名稱,道路類別-第1當事者-名稱,速限-第1當事者,道路型態大類別名稱,道路型態子類別名稱,事故位置大類別名稱,事故位置子類別名稱,路面狀況-路面鋪裝名稱,路面狀況-路面狀態名稱,路面狀況-路面缺陷名稱,道路障礙-障礙物名稱,道路障礙-視距品質名稱,道路障礙-視距名稱,號誌-號誌種類名稱,號誌-號誌動作名稱,車道劃分設施-分向設施大類別名稱,車道劃分設施-分向設施子類別名稱,車道劃分設施-分道設施-快車道或一般車道間名稱,車道劃分設施-分道設施-快慢車道間名稱,車道劃分設施-分道設施-路面邊線名稱,事故類型及型態大類別名稱,事故類型及型態子類別名稱,肇因研判大類別名稱-主要,肇因研判子類別名稱-主要,死亡受傷人數,當事者順位,當事者區分-類別-大類別名稱-車種,當事者區分-類別-子類別名稱-車種,當事者屬-性-別名稱,當事者事故發生時年齡,保護裝備名稱,行動電話或電腦或其他相類功能裝置名稱,當事者行動狀態大類別名稱,當事者行動狀態子類別名稱,車輛撞擊部位大類別名稱-最初,車輛撞擊部位子類別名稱-最初,車輛撞擊部位大類別名稱-其他,車輛撞擊部位子類別名稱-其他,肇因研判大類別名稱-個別,肇因研判子類別名稱-個別,肇事逃逸類別名稱-是否肇逃,經度,緯度
2020,11,20201110,155515,A1,雲林縣警察局,雲林縣林內鄉林內路1段10巷12號,雨,日間自然光線,市區道路,60,單路部分,直路,路段,一般車道(未劃分快慢車道),柏油,濕潤,無缺陷,無障礙物,良好,良好,無號誌,無號誌,中央分向島,寛式(50公分以上),車道線(無標記),未繪設快慢車道分隔線,有,人與汽(機)車,穿越道路中,行人(或乘客),穿越道路未注意左右來車,死亡1;受傷1,2,機車,大型重型2(250-550C.C.),男,22,戴安全帽或繫安全帶(使用幼童安全椅),未使用,車的狀態,向前直行中,機車,前車頭,,,駕駛人,未注意車前狀態,否,120.611084,23.753525
2020,11,20201110,181900,A1,臺中市政府警察局,臺中市潭子區大豐里大豐路3段212之2號前0.0公尺,陰,夜間(或隧道、地下道、涵洞)有照明,市區道路,50,單路部分,直路,路段,快車道,柏油,乾燥,無缺陷,無障礙物,良好,良好,無號誌,無號誌,雙向禁止超車線,無標記,未繪設車道線,快慢車道分隔線,無,車與車,其他,駕駛人,迴轉未依規定,死亡1;受傷0,2,機車,普通重型,女,31,戴安全帽或繫安全帶(使用幼童安全椅),未使用,車的狀態,向前直行中,機車,前車頭,,,駕駛人,未注意車前狀態,否,120.692829,24.228355
2020,11,20201110,181900,A1,臺中市政府警察局,臺中市潭子區大豐里大豐路3段212之2號前0.0公尺,陰,夜間(或隧道、地下道、涵洞)有照明,市區道路,50,單路部分,直路,路段,快車道,柏油,乾燥,無缺陷,無障礙物,良好,良好,無號誌,無號誌,雙向禁止超車線,無標記,未繪設車道線,快慢車道分隔線,無,車與車,其他,駕駛人,迴轉未依規定,死亡1;受傷0,1,小貨車(含客、貨兩用),自用,男,65,戴安全帽或繫安全帶(使用幼童安全椅),未使用,車的狀態,迴轉或橫越道路中,汽車,右後車尾(身),,,駕駛人,迴轉未依規定,否,120.692829,24.228355
2020,11,20201111,095800,A1,桃園市政府警察局,桃園市楊梅區幼獅路1段439號前0.0公尺,晴,日間自然光線,市區道路,50,單路部分,直路,路段,一般車道(未劃分快慢車道),柏油,乾燥,無缺陷,無障礙物,良好,良好,無號誌,無號誌,行車分向線,無標記,車道線(無標記),未繪設快慢車道分隔線,有,汽(機)車本身,路上翻車、摔倒,駕駛人,未依規定減速,死亡1;受傷1,2,,,無或物(動物、堆置物),-1,,,,,,,,,無(非車輛駕駛人因素),尚未發現肇事因素,否,121.175828,24.925566
2020,11,20201111,095800,A1,桃園市政府警察局,桃園市楊梅區幼獅路1段439號前0.0公尺,晴,日間自然光線,市區道路,50,單路部分,直路,路段,一般車道(未劃分快慢車道),柏油,乾燥,無缺陷,無障礙物,良好,良好,無號誌,無號誌,行車分向線,無標記,車道線(無標記),未繪設快慢車道分隔線,有,汽(機)車本身,路上翻車、摔倒,駕駛人,未依規定減速,死亡1;受傷1,1,機車,普通重型,男,16,戴安全帽或繫安全帶(使用幼童安全椅),未使用,車的狀態,向前直行中,機車,前車頭,,,駕駛人,未依規定減速,否,121.175828,24.925566
2020,11,20201111,095800,A1,桃園市政府警察局,桃園市楊梅區幼獅路1段439號前0.0公尺,晴,日間自然光線,市區道路,50,單路部分,直路,路段,一般車道(未劃分快慢車道),柏油,乾燥,無缺陷,無障礙物,良好,良好,無號誌,無號誌,行車分向線,無標記,車道線(無標記),未繪設快慢車道分隔線,有,汽(機)車本身,路上翻車、摔倒,駕駛人,未依規定減速,死亡1;受傷1,3,人,乘客,女,21,戴安全帽或繫安全帶(使用幼童安全椅),非汽(機)車駕駛人,人的狀態,其他,其他,非汽(機)車,,,無(非車輛駕駛人因素),尚未發現肇事因素,否,121.175828,24.925566
2020,11,20201112,001700,A1,桃園市政府警察局,桃園市中壢區環西路2段口 / 桃園市中壢區環西路2段口,晴,夜間(或隧道、地下道、涵洞)有照明,市區道路,50,交岔路,四岔路,交叉路口,交叉路口內,柏油,乾燥,無缺陷,無障礙物,良好,良好,閃光號誌,正常,無,無分向設施,未繪設車道線,未繪設快慢車道分隔線,無,車與車,側撞,駕駛人,左轉彎未依規定,死亡1;受傷0,1,慢車,腳踏自行車,男,65,其他(行人、慢車駕駛人),非汽(機)車駕駛人,車的狀態,左轉彎,其他,非汽(機)車,,,駕駛人,左轉彎未依規定,否,121.211537,24.964534
2020,11,20201112,001700,A1,桃園市政府警察局,桃園市中壢區環西路2段口 / 桃園市中壢區環西路2段口,晴,夜間(或隧道、地下道、涵洞)有照明,市區道路,50,交岔路,四岔路,交叉路口,交叉路口內,柏油,乾燥,無缺陷,無障礙物,良好,良好,閃光號誌,正常,無,無分向設施,未繪設車道線,未繪設快慢車道分隔線,無,車與車,側撞,駕駛人,左轉彎未依規定,死亡1;受傷0,2,小客車,自用,女,45,戴安全帽或繫安全帶(使用幼童安全椅),未使用,車的狀態,向前直行中,汽車,左前車頭(身),,,駕駛人,未依規定減速,否,121.211537,24.964534
2020,11,20201112,051600,A1,高雄市政府警察局,高雄市林園區沿海路2段 / 高雄市林園區林園南路,晴,夜間(或隧道、地下道、涵洞)有照明,市區道路,40,交岔路,四岔路,交叉路口,交叉口附近,柏油,乾燥,無缺陷,無障礙物,良好,良好,行車管制號誌,正常,無,無分向設施,未繪設車道線,未繪設快慢車道分隔線,無,人與汽(機)車,穿越道路中,駕駛人,搶越行人穿越道,死亡1;受傷1,1,機車,普通重型,女,36,戴安全帽或繫安全帶(使用幼童安全椅),未使用,車的狀態,向前直行中,機車,前車頭,機車,前車頭,駕駛人,搶越行人穿越道,否,120.399683,22.501207
2020,11,20201112,051600,A1,高雄市政府警察局,高雄市林園區沿海路2段 / 高雄市林園區林園南路,晴,夜間(或隧道、地下道、涵洞)有照明,市區道路,40,交岔路,四岔路,交叉路口,交叉口附近,柏油,乾燥,無缺陷,無障礙物,良好,良好,行車管制號誌,正常,無,無分向設施,未繪設車道線,未繪設快慢車道分隔線,無,人與汽(機)車,穿越道路中,駕駛人,搶越行人穿越道,死亡1;受傷1,2,人,行人,女,73,其他(行人、慢車駕駛人),非汽(機)車駕駛人,人的狀態,步行,其他,非汽(機)車,其他,非汽(機)車,無(非車輛駕駛人因素),尚未發現肇事因素,否,120.399683,22.501207
2020,11,20201112,061000,A1,基隆市警察局,基隆市中山區西定路 / 基隆市中山區復興路,雨,夜間(或隧道、地下道、涵洞)有照明,市區道路,50,交岔路,三岔路,交叉路口,交叉路口內,柏油,濕潤,無缺陷,無障礙物,良好,良好,閃光號誌,正常,無,無分向設施,未繪設車道線,未繪設快慢車道分隔線,無,人與汽(機)車,穿越道路中,駕駛人,搶越行人穿越道,死亡1;受傷1,1,機車,普通重型,男,23,戴安全帽或繫安全帶(使用幼童安全椅),未使用,車的狀態,向前直行中,機車,前車頭,機車,前車頭,駕駛人,搶越行人穿越道,否,121.727485,25.140603
2020,11,20201112,061000,A1,基隆市警察局,基隆市中山區西定路 / 基隆市中山區復興路,雨,夜間(或隧道、地下道、涵洞)有照明,市區道路,50,交岔路,三岔路,交叉路口,交叉路口內,柏油,濕潤,無缺陷,無障礙物,良好,良好,閃光號誌,正常,無,無分向設施,未繪設車道線,未繪設快慢車道分隔線,無,人與汽(機)車,穿越道路中,駕駛人,搶越行人穿越道,死亡1;受傷1,2,人,行人,女,71,其他(行人、慢車駕駛人),非汽(機)車駕駛人,人的狀態,步行,其他,非汽(機)車,其他,非汽(機)車,無(非車輛駕駛人因素),尚未發現肇事因素,否,121.727485,25.140603
2020,11,20201112,100800,A1,南投縣政府警察局,南投縣仁愛鄉台14甲線 900.0公尺處,晴,日間自然光線,省道,30,單路部分,彎曲路及附近,路段,一般車道(未劃分快慢車道),柏油,乾燥,無缺陷,道路工事(程)中,良好,良好,無號誌,無號誌,雙向禁止超車線,無標記,車道線(無標記),未繪設快慢車道分隔線,有,汽(機)車本身,撞護欄(樁),其他,其他引起事故之違規或不當行為,死亡1;受傷3,2,,,無或物(動物、堆置物),-1,,,,,,,,,無(非車輛駕駛人因素),尚未發現肇事因素,否,121.134375,24.023740
2020,11,20201112,100800,A1,南投縣政府警察局,南投縣仁愛鄉台14甲線 900.0公尺處,晴,日間自然光線,省道,30,單路部分,彎曲路及附近,路段,一般車道(未劃分快慢車道),柏油,乾燥,無缺陷,道路工事(程)中,良好,良好,無號誌,無號誌,雙向禁止超車線,無標記,車道線(無標記),未繪設快慢車道分隔線,有,汽(機)車本身,撞護欄(樁),其他,其他引起事故之違規或不當行為,死亡1;受傷3,3,人,乘客,女,64,不明,未使用,人的狀態,其他,其他,非汽(機)車,,,無(非車輛駕駛人因素),尚未發現肇事因素,否,121.134375,24.023740
2020,11,20201112,100800,A1,南投縣政府警察局,南投縣仁愛鄉台14甲線 900.0公尺處,晴,日間自然光線,省道,30,單路部分,彎曲路及附近,路段,一般車道(未劃分快慢車道),柏油,乾燥,無缺陷,道路工事(程)中,良好,良好,無號誌,無號誌,雙向禁止超車線,無標記,車道線(無標記),未繪設快慢車道分隔線,有,汽(機)車本身,撞護欄(樁),其他,其他引起事故之違規或不當行為,死亡1;受傷3,4,人,乘客,女,62,不明,未使用,人的狀態,其他,其他,非汽(機)車,,,無(非車輛駕駛人因素),尚未發現肇事因素,否,121.134375,24.023740
2020,11,20201112,100800,A1,南投縣政府警察局,南投縣仁愛鄉台14甲線 900.0公尺處,晴,日間自然光線,省道,30,單路部分,彎曲路及附近,路段,一般車道(未劃分快慢車道),柏油,乾燥,無缺陷,道路工事(程)中,良好,良好,無號誌,無號誌,雙向禁止超車線,無標記,車道線(無標記),未繪設快慢車道分隔線,有,汽(機)車本身,撞護欄(樁),其他,其他引起事故之違規或不當行為,死亡1;受傷3,1,小客車,自用,女,61,戴安全帽或繫安全帶(使用幼童安全椅),未使用,車的狀態,起步,汽車,前車頭,,,其他,其他引起事故之違規或不當行為,否,121.134375,24.023740
2020,11,20201112,100800,A1,南投縣政府警察局,南投縣仁愛鄉台14甲線 900.0公尺處,晴,日間自然光線,省道,30,單路部分,彎曲路及附近,路段,一般車道(未劃分快慢車道),柏油,乾燥,無缺陷,道路工事(程)中,良好,良好,無號誌,無號誌,雙向禁止超車線,無標記,車道線(無標記),未繪設快慢車道分隔線,有,汽(機)車本身,撞護欄(樁),其他,其他引起事故之違規或不當行為,死亡1;受傷3,5,人,乘客,女,59,戴安全帽或繫安全帶(使用幼童安全椅),未使用,人的狀態,其他,其他,非汽(機)車,,,無(非車輛駕駛人因素),尚未發現肇事因素,否,121.134375,24.023740
2020,11,20201112,135500,A1,屏東縣政府警察局,屏東縣萬巒鄉成德村信敏路20-1號前0.0公尺附近,晴,日間自然光線,縣道,50,單路部分,彎曲路及附近,路段,一般車道(未劃分快慢車道),柏油,乾燥,無缺陷,無障礙物,良好,良好,無號誌,無號誌,雙向禁止超車線,附標記,未繪設車道線,未繪設快慢車道分隔線,有,汽(機)車本身,衝出路外,駕駛人,未注意車前狀態,死亡1;受傷0,2,,,無或物(動物、堆置物),-1,,,,,,,,,無(非車輛駕駛人因素),尚未發現肇事因素,否,120.605327,22.609801
2020,11,20201112,135500,A1,屏東縣政府警察局,屏東縣萬巒鄉成德村信敏路20-1號前0.0公尺附近,晴,日間自然光線,縣道,50,單路部分,彎曲路及附近,路段,一般車道(未劃分快慢車道),柏油,乾燥,無缺陷,無障礙物,良好,良好,無號誌,無號誌,雙向禁止超車線,附標記,未繪設車道線,未繪設快慢車道分隔線,有,汽(機)車本身,衝出路外,駕駛人,未注意車前狀態,死亡1;受傷0,1,機車,普通重型,女,45,戴安全帽或繫安全帶(使用幼童安全椅),未使用,車的狀態,向前直行中,機車,前車頭,,,駕駛人,未注意車前狀態,否,120.605327,22.609801
2020,11,20201113,065923,A1,雲林縣警察局,雲林縣褒忠鄉有才村雲111公路-長城141電桿前路口,晴,日間自然光線,鄉道,40,交岔路,三岔路,交叉路口,交叉路口內,柏油,乾燥,無缺陷,無障礙物,良好,良好,無號誌,無號誌,雙向禁止超車線,無標記,未繪設車道線,未繪設快慢車道分隔線,有,車與車,側撞,駕駛人,未依規定讓車,死亡1;受傷0,1,機車,普通重型,男,71,不明,未使用,車的狀態,右轉彎,機車,右側車身,,,駕駛人,未依規定讓車,否,120.289745,23.718437
2020,11,20201113,065923,A1,雲林縣警察局,雲林縣褒忠鄉有才村雲111公路-長城141電桿前路口,晴,日間自然光線,鄉道,40,交岔路,三岔路,交叉路口,交叉路口內,柏油,乾燥,無缺陷,無障礙物,良好,良好,無號誌,無號誌,雙向禁止超車線,無標記,未繪設車道線,未繪設快慢車道分隔線,有,車與車,側撞,駕駛人,未依規定讓車,死亡1;受傷0,2,小客車,自用,男,32,戴安全帽或繫安全帶(使用幼童安全椅),未使用,車的狀態,向前直行中,汽車,右前車頭(身),,,駕駛人,未注意車前狀態,否,120.289745,23.718437
2020,11,20201113,083000,A1,臺南市政府警察局,臺南市玉井區台3線 371公里900.0公尺處北側,晴,日間自然光線,省道,40,單路部分,彎曲路及附近,路段,路肩、路緣,柏油,乾燥,無缺陷,無障礙物,不良,彎道,無號誌,無號誌,中央分向島,寛式(50公分以上),車道線(無標記),快慢車道分隔線,有,汽(機)車本身,衝出路外,駕駛人,未注意車前狀態,死亡1;受傷0,2,,,無或物(動物、堆置物),-1,,,,,,,,,無(非車輛駕駛人因素),尚未發現肇事因素,否,120.477124,23.132496
2020,11,20201113,083000,A1,臺南市政府警察局,臺南市玉井區台3線 371公里900.0公尺處北側,晴,日間自然光線,省道,40,單路部分,彎曲路及附近,路段,路肩、路緣,柏油,乾燥,無缺陷,無障礙物,不良,彎道,無號誌,無號誌,中央分向島,寛式(50公分以上),車道線(無標記),快慢車道分隔線,有,汽(機)車本身,衝出路外,駕駛人,未注意車前狀態,死亡1;受傷0,1,機車,普通重型,男,54,戴安全帽或繫安全帶(使用幼童安全椅),不明,車的狀態,右轉彎,機車,右側車身,,,駕駛人,未注意車前狀態,否,120.477124,23.132496
2020,11,20201113,163153,A1,臺南市政府警察局,臺南市麻豆區台19甲線 18公里100.0公尺處南側,晴,日間自然光線,市區道路,50,單路部分,直路,路段,快車道,柏油,乾燥,無缺陷,無障礙物,良好,良好,無號誌,無號誌,中央分向島,寛式(50公分以上),車道線(無標記),快慢車道分隔線,有,車與車,同向擦撞,駕駛人,變換車道或方向不當,死亡1;受傷0,1,大貨車,自用,男,69,戴安全帽或繫安全帶(使用幼童安全椅),未使用,車的狀態,向右變換車道,汽車,右側車身,,,駕駛人,變換車道或方向不當,否,120.261012,23.171110
2020,11,20201113,163153,A1,臺南市政府警察局,臺南市麻豆區台19甲線 18公里100.0公尺處南側,晴,日間自然光線,市區道路,50,單路部分,直路,路段,快車道,柏油,乾燥,無缺陷,無障礙物,良好,良好,無號誌,無號誌,中央分向島,寛式(50公分以上),車道線(無標記),快慢車道分隔線,有,車與車,同向擦撞,駕駛人,變換車道或方向不當,死亡1;受傷0,3,機車,普通重型,男,61,戴安全帽或繫安全帶(使用幼童安全椅),未使用,車的狀態,向前直行中,機車,左側車身,,,無(車輛駕駛人因素),尚未發現肇事因素,否,120.261012,23.171110
2020,11,20201113,163153,A1,臺南市政府警察局,臺南市麻豆區台19甲線 18公里100.0公尺處南側,晴,日間自然光線,市區道路,50,單路部分,直路,路段,快車道,柏油,乾燥,無缺陷,無障礙物,良好,良好,無號誌,無號誌,中央分向島,寛式(50公分以上),車道線(無標記),快慢車道分隔線,有,車與車,同向擦撞,駕駛人,變換車道或方向不當,死亡1;受傷0,2,大客車,遊覽車,男,56,戴安全帽或繫安全帶(使用幼童安全椅),未使用,車的狀態,向右變換車道,汽車,左側車身,汽車,右側車身,駕駛人,變換車道或方向不當,否,120.261012,23.171110
2020,11,20201114,025300,A1,臺中市政府警察局,臺中市東區東勢里進化路 / 臺中市東區東勢里力行路,晴,夜間(或隧道、地下道、涵洞)有照明,市區道路,50,交岔路,三岔路,交叉路口,交叉口附近,柏油,乾燥,無缺陷,無障礙物,良好,良好,無號誌,無號誌,中央分向島,窄式無柵欄,禁止變換車道線(無標記),快慢車道分隔線,無,車與車,其他,駕駛人,酒醉(後)駕駛失控,死亡1;受傷1,2,機車,普通重型,男,61,戴安全帽或繫安全帶(使用幼童安全椅),未使用,車的狀態,其他,機車,後車尾,,,其他,不明原因肇事,否,120.694381,24.151283
2020,11,20201114,025300,A1,臺中市政府警察局,臺中市東區東勢里進化路 / 臺中市東區東勢里力行路,晴,夜間(或隧道、地下道、涵洞)有照明,市區道路,50,交岔路,三岔路,交叉路口,交叉口附近,柏油,乾燥,無缺陷,無障礙物,良好,良好,無號誌,無號誌,中央分向島,窄式無柵欄,禁止變換車道線(無標記),快慢車道分隔線,無,車與車,其他,駕駛人,酒醉(後)駕駛失控,死亡1;受傷1,1,小客車,自用,男,27,戴安全帽或繫安全帶(使用幼童安全椅),未使用,車的狀態,向前直行中,汽車,前車頭,,,駕駛人,酒醉(後)駕駛失控,否,120.694381,24.151283
2020,11,20201114,132300,A1,臺南市政府警察局,臺南市麻豆區港尾里謝榜寮1號(謝正宮)往東約600公尺產業道路口,晴,日間自然光線,村里道路,30,交岔路,四岔路,交叉路口,交叉路口內,柏油,乾燥,無缺陷,無障礙物,良好,良好,閃光號誌,正常,無,無分向設施,未繪設車道線,未繪設快慢車道分隔線,無,車與車,路口交岔撞,駕駛人,未依規定讓車,死亡1;受傷0,1,機車,普通重型,女,56,戴安全帽或繫安全帶(使用幼童安全椅),未使用,車的狀態,向前直行中,機車,前車頭,,,駕駛人,未依規定讓車,否,120.204595,23.197698
2020,11,20201114,132300,A1,臺南市政府警察局,臺南市麻豆區港尾里謝榜寮1號(謝正宮)往東約600公尺產業道路口,晴,日間自然光線,村里道路,30,交岔路,四岔路,交叉路口,交叉路口內,柏油,乾燥,無缺陷,無障礙物,良好,良好,閃光號誌,正常,無,無分向設施,未繪設車道線,未繪設快慢車道分隔線,無,車與車,路口交岔撞,駕駛人,未依規定讓車,死亡1;受傷0,2,小客車,自用,女,40,戴安全帽或繫安全帶(使用幼童安全椅),未使用,車的狀態,向前直行中,汽車,右前車頭(身),,,駕駛人,未依規定減速,否,120.204595,23.197698
2020,11,20201114,145000,A1,新北市政府警察局,新北市三峽區新北市三峽區正義街85號,晴,日間自然光線,市區道路,40,單路部分,直路,路段,一般車道(未劃分快慢車道),柏油,乾燥,無缺陷,無障礙物,良好,良好,無號誌,無號誌,單向禁止超車線,無標記,未繪設車道線,未繪設快慢車道分隔線,有,汽(機)車本身,撞路樹、電桿,其他,不明原因肇事,死亡1;受傷1,2,,,無或物(動物、堆置物),0,,,,,,,,,無(非車輛駕駛人因素),尚未發現肇事因素,否,121.370134,24.920191
2020,11,20201114,145000,A1,新北市政府警察局,新北市三峽區新北市三峽區正義街85號,晴,日間自然光線,市區道路,40,單路部分,直路,路段,一般車道(未劃分快慢車道),柏油,乾燥,無缺陷,無障礙物,良好,良好,無號誌,無號誌,單向禁止超車線,無標記,未繪設車道線,未繪設快慢車道分隔線,有,汽(機)車本身,撞路樹、電桿,其他,不明原因肇事,死亡1;受傷1,3,人,乘客,男,51,不明,非汽(機)車駕駛人,人的狀態,不明,其他,非汽(機)車,其他,非汽(機)車,無(非車輛駕駛人因素),尚未發現肇事因素,否,121.370134,24.920191
2020,11,20201114,145000,A1,新北市政府警察局,新北市三峽區新北市三峽區正義街85號,晴,日間自然光線,市區道路,40,單路部分,直路,路段,一般車道(未劃分快慢車道),柏油,乾燥,無缺陷,無障礙物,良好,良好,無號誌,無號誌,單向禁止超車線,無標記,未繪設車道線,未繪設快慢車道分隔線,有,汽(機)車本身,撞路樹、電桿,其他,不明原因肇事,死亡1;受傷1,1,機車,普通重型,男,66,戴安全帽或繫安全帶(使用幼童安全椅),不明,車的狀態,向前直行中,機車,前車頭,機車,前車頭,其他,不明原因肇事,否,121.370134,24.920191
2020,11,20201114,193042,A1,新竹縣政府警察局,新竹縣新埔鎮義民路三段431巷與褒忠路411巷口,陰,夜間(或隧道、地下道、涵洞)有照明,村里道路,40,交岔路,四岔路,交叉路口,交叉路口內,柏油,乾燥,無缺陷,無障礙物,良好,良好,無號誌,無號誌,無,無分向設施,未繪設車道線,未繪設快慢車道分隔線,有,車與車,路口交岔撞,駕駛人,未依規定讓車,死亡1;受傷0,2,小客車,自用,男,57,戴安全帽或繫安全帶(使用幼童安全椅),未使用,車的狀態,向前直行中,汽車,前車頭,,,駕駛人,未依規定減速,否,121.032624,24.843335
2020,11,20201114,193042,A1,新竹縣政府警察局,新竹縣新埔鎮義民路三段431巷與褒忠路411巷口,陰,夜間(或隧道、地下道、涵洞)有照明,村里道路,40,交岔路,四岔路,交叉路口,交叉路口內,柏油,乾燥,無缺陷,無障礙物,良好,良好,無號誌,無號誌,無,無分向設施,未繪設車道線,未繪設快慢車道分隔線,有,車與車,路口交岔撞,駕駛人,未依規定讓車,死亡1;受傷0,1,機車,普通重型,男,38,戴安全帽或繫安全帶(使用幼童安全椅),未使用,車的狀態,向前直行中,機車,右側車身,,,駕駛人,未依規定讓車,否,121.032624,24.843335
2020,11,20201114,232302,A1,屏東縣政府警察局,屏東縣新埤鄉中興路三號前,晴,夜間(或隧道、地下道、涵洞)有照明,村里道路,40,交岔路,三岔路,交叉路口,交叉口附近,柏油,乾燥,無缺陷,無障礙物,良好,良好,閃光號誌,正常,雙向禁止超車線,附標記,未繪設車道線,快慢車道分隔線,有,汽(機)車本身,撞護欄(樁),駕駛人,酒醉(後)駕駛失控,死亡1;受傷0,2,,,無或物(動物、堆置物),-1,,,,,,,,,無(非車輛駕駛人因素),尚未發現肇事因素,否,120.551604,22.475627
2020,11,20201114,232302,A1,屏東縣政府警察局,屏東縣新埤鄉中興路三號前,晴,夜間(或隧道、地下道、涵洞)有照明,村里道路,40,交岔路,三岔路,交叉路口,交叉口附近,柏油,乾燥,無缺陷,無障礙物,良好,良好,閃光號誌,正常,雙向禁止超車線,附標記,未繪設車道線,快慢車道分隔線,有,汽(機)車本身,撞護欄(樁),駕駛人,酒醉(後)駕駛失控,死亡1;受傷0,1,小客車,自用,男,48,不明,不明,車的狀態,右轉彎,汽車,左前車頭(身),,,駕駛人,酒醉(後)駕駛失控,否,120.551604,22.475627
2020,11,20201115,000438,A1,臺南市政府警察局,臺南市東區林森路1段368號,晴,夜間(或隧道、地下道、涵洞)有照明,市區道路,50,單路部分,直路,路段,路肩、路緣,柏油,乾燥,無缺陷,無障礙物,良好,良好,閃光號誌,正常,中央分向島,寛式(50公分以上),車道線(無標記),快慢車道分隔線,有,汽(機)車本身,衝出路外,駕駛人,未注意車前狀態,死亡1;受傷0,2,,,無或物(動物、堆置物),-1,,,,,,,,,無(非車輛駕駛人因素),尚未發現肇事因素,否,120.221223,22.984344
2020,11,20201115,000438,A1,臺南市政府警察局,臺南市東區林森路1段368號,晴,夜間(或隧道、地下道、涵洞)有照明,市區道路,50,單路部分,直路,路段,路肩、路緣,柏油,乾燥,無缺陷,無障礙物,良好,良好,閃光號誌,正常,中央分向島,寛式(50公分以上),車道線(無標記),快慢車道分隔線,有,汽(機)車本身,衝出路外,駕駛人,未注意車前狀態,死亡1;受傷0,1,機車,大型重型2(250-550C.C.),男,21,戴安全帽或繫安全帶(使用幼童安全椅),不明,車的狀態,向前直行中,其他,不明,,,駕駛人,未注意車前狀態,否,120.221223,22.984344
2020,11,20201115,113600,A1,臺南市政府警察局,臺南市安南區長和路1段1巷大豐高幹104號,晴,日間自然光線,市區道路,30,單路部分,直路,路段,一般車道(未劃分快慢車道),柏油,乾燥,無缺陷,無障礙物,良好,良好,無號誌,無號誌,雙向禁止超車線,無標記,未繪設車道線,未繪設快慢車道分隔線,無,汽(機)車本身,撞護欄(樁),駕駛人,未注意車前狀態,死亡1;受傷0,2,,,無或物(動物、堆置物),-1,,,,,,,,,無(非車輛駕駛人因素),尚未發現肇事因素,否,120.233199,23.049138
2020,11,20201115,113600,A1,臺南市政府警察局,臺南市安南區長和路1段1巷大豐高幹104號,晴,日間自然光線,市區道路,30,單路部分,直路,路段,一般車道(未劃分快慢車道),柏油,乾燥,無缺陷,無障礙物,良好,良好,無號誌,無號誌,雙向禁止超車線,無標記,未繪設車道線,未繪設快慢車道分隔線,無,汽(機)車本身,撞護欄(樁),駕駛人,未注意車前狀態,死亡1;受傷0,1,機車,普通重型,女,62,戴安全帽或繫安全帶(使用幼童安全椅),未使用,車的狀態,向前直行中,機車,右側車身,,,駕駛人,未注意車前狀態,否,120.233199,23.049138
2020,11,20201115,145200,A1,臺中市政府警察局,臺中市太平區建國里太堤西路前0.0公尺,晴,日間自然光線,市區道路,40,單路部分,直路,路段,一般車道(未劃分快慢車道),柏油,乾燥,無缺陷,無障礙物,良好,良好,無號誌,無號誌,行車分向線,附標記,車道線(無標記),未繪設快慢車道分隔線,有,汽(機)車本身,其他,駕駛人,酒醉(後)駕駛失控,死亡1;受傷0,2,,,無或物(動物、堆置物),0,,,,,,,,,無(非車輛駕駛人因素),尚未發現肇事因素,否,120.729335,24.124350
2020,11,20201115,145200,A1,臺中市政府警察局,臺中市太平區建國里太堤西路前0.0公尺,晴,日間自然光線,市區道路,40,單路部分,直路,路段,一般車道(未劃分快慢車道),柏油,乾燥,無缺陷,無障礙物,良好,良好,無號誌,無號誌,行車分向線,附標記,車道線(無標記),未繪設快慢車道分隔線,有,汽(機)車本身,其他,駕駛人,酒醉(後)駕駛失控,死亡1;受傷0,1,機車,普通重型,男,46,戴安全帽或繫安全帶(使用幼童安全椅),未使用,車的狀態,向前直行中,機車,前車頭,機車,右側車身,駕駛人,酒醉(後)駕駛失控,否,120.729335,24.124350
2020,11,20201115,173500,A1,臺東縣警察局,臺東縣池上鄉縣197線 1公里600.0公尺處,晴,晨或暮光,縣道,40,單路部分,直路,路段,路肩、路緣,柏油,乾燥,無缺陷,無障礙物,良好,良好,無號誌,無號誌,雙向禁止超車線,無標記,未繪設車道線,未繪設快慢車道分隔線,有,車與車,追撞,駕駛人,未注意車前狀態,死亡1;受傷1,1,機車,普通重型,女,17,不明,未使用,車的狀態,向前直行中,機車,前車頭,,,駕駛人,未注意車前狀態,否,121.208530,23.065543