發生年度,發生月份,發生日期,發生時間,事故類別名稱,處理單位名稱警局層,發生地點,天候名稱,光線名稱,道路類別-第1當事者-名稱,速限-第1當事者,道路型態大類別名稱,道路型態子類別名稱,事故位置大類別名稱,事故位置子類別名稱,路面狀況-路面鋪裝名稱,路面狀況-路面狀態名稱,路面狀況-路面缺陷名稱,道路障礙-障礙物名稱,道路障礙-視距品質名稱,道路障礙-視距名稱,號誌-號誌種類名稱,號誌-號誌動作名稱,車道劃分設施-分向設施大類別名稱,車道劃分設施-分向設施子類別名稱,車道劃分設施-分道設施-快車道或一般車道間名稱,車道劃分設施-分道設施-快慢車道間名稱,車道劃分設施-分道設施-路面邊線名稱,事故類型及型態大類別名稱,事故類型及型態子類別名稱,肇因研判大類別名稱-主要,肇因研判子類別名稱-主要,死亡受傷人數,當事者順位,當事者區分-類別-大類別名稱-車種,當事者區分-類別-子類別名稱-車種,當事者屬-性-別名稱,當事者事故發生時年齡,保護裝備名稱,行動電話或電腦或其他相類功能裝置名稱,當事者行動狀態大類別名稱,當事者行動狀態子類別名稱,車輛撞擊部位大類別名稱-最初,車輛撞擊部位子類別名稱-最初,車輛撞擊部位大類別名稱-其他,車輛撞擊部位子類別名稱-其他,肇因研判大類別名稱-個別,肇因研判子類別名稱-個別,肇事逃逸類別名稱-是否肇逃,經度,緯度
2020,11,20201125,201852,A1,新竹市警察局,新竹市東區東門街圓環口前0.0公尺口,晴,夜間(或隧道、地下道、涵洞)有照明,市區道路,50,圓環廣場,圓環,路段,一般車道(未劃分快慢車道),柏油,乾燥,無缺陷,無障礙物,良好,良好,無號誌,無號誌,無,無分向設施,車道線(無標記),未繪設快慢車道分隔線,有,車與車,側撞,駕駛人,變換車道或方向不當,死亡1;受傷1,5,人,乘客,女,39,戴安全帽或繫安全帶(使用幼童安全椅),未使用,人的狀態,其他,其他,非汽(機)車,其他,非汽(機)車,無(非車輛駕駛人因素),尚未發現肇事因素,否,120.971147,24.804202
2020,11,20201125,201852,A1,新竹市警察局,新竹市東區東門街圓環口前0.0公尺口,晴,夜間(或隧道、地下道、涵洞)有照明,市區道路,50,圓環廣場,圓環,路段,一般車道(未劃分快慢車道),柏油,乾燥,無缺陷,無障礙物,良好,良好,無號誌,無號誌,無,無分向設施,車道線(無標記),未繪設快慢車道分隔線,有,車與車,側撞,駕駛人,變換車道或方向不當,死亡1;受傷1,1,小客車,計程車,女,63,戴安全帽或繫安全帶(使用幼童安全椅),未使用,車的狀態,向右變換車道,汽車,右前車頭(身),汽車,前車頭,駕駛人,變換車道或方向不當,否,120.971147,24.804202
2020,11,20201126,001900,A1,基隆市警察局,基隆市信義區培德路 / 基隆市信義區培德路,陰,夜間(或隧道、地下道、涵洞)有照明,市區道路,50,交岔路,四岔路,交叉路口,交叉路口內,柏油,乾燥,無缺陷,無障礙物,不良,坡道,無號誌,無號誌,無,無分向設施,未繪設車道線,未繪設快慢車道分隔線,無,車與車,對向擦撞,駕駛人,違反特定標誌(線)禁制,死亡1;受傷2,1,機車,普通重型,男,20,不明,未使用,車的狀態,向前直行中,機車,前車頭,機車,前車頭,駕駛人,違反特定標誌(線)禁制,否,121.768876,25.128394
2020,11,20201126,001900,A1,基隆市警察局,基隆市信義區培德路 / 基隆市信義區培德路,陰,夜間(或隧道、地下道、涵洞)有照明,市區道路,50,交岔路,四岔路,交叉路口,交叉路口內,柏油,乾燥,無缺陷,無障礙物,不良,坡道,無號誌,無號誌,無,無分向設施,未繪設車道線,未繪設快慢車道分隔線,無,車與車,對向擦撞,駕駛人,違反特定標誌(線)禁制,死亡1;受傷2,5,人,乘客,男,18,不明,未使用,人的狀態,其他,其他,非汽(機)車,其他,非汽(機)車,無(非車輛駕駛人因素),尚未發現肇事因素,否,121.768876,25.128394
2020,11,20201126,001900,A1,基隆市警察局,基隆市信義區培德路 / 基隆市信義區培德路,陰,夜間(或隧道、地下道、涵洞)有照明,市區道路,50,交岔路,四岔路,交叉路口,交叉路口內,柏油,乾燥,無缺陷,無障礙物,不良,坡道,無號誌,無號誌,無,無分向設施,未繪設車道線,未繪設快慢車道分隔線,無,車與車,對向擦撞,駕駛人,違反特定標誌(線)禁制,死亡1;受傷2,2,機車,普通重型,男,20,不明,未使用,車的狀態,向前直行中,機車,前車頭,機車,前車頭,無(車輛駕駛人因素),尚未發現肇事因素,否,121.768876,25.128394
2020,11,20201126,001900,A1,基隆市警察局,基隆市信義區培德路 / 基隆市信義區培德路,陰,夜間(或隧道、地下道、涵洞)有照明,市區道路,50,交岔路,四岔路,交叉路口,交叉路口內,柏油,乾燥,無缺陷,無障礙物,不良,坡道,無號誌,無號誌,無,無分向設施,未繪設車道線,未繪設快慢車道分隔線,無,車與車,對向擦撞,駕駛人,違反特定標誌(線)禁制,死亡1;受傷2,3,小客車,自用,男,47,不明,未使用,車的狀態,靜止(引擎熄火),汽車,左側車身,汽車,左側車身,無(車輛駕駛人因素),尚未發現肇事因素,否,121.768876,25.128394
2020,11,20201126,001900,A1,基隆市警察局,基隆市信義區培德路 / 基隆市信義區培德路,陰,夜間(或隧道、地下道、涵洞)有照明,市區道路,50,交岔路,四岔路,交叉路口,交叉路口內,柏油,乾燥,無缺陷,無障礙物,不良,坡道,無號誌,無號誌,無,無分向設施,未繪設車道線,未繪設快慢車道分隔線,無,車與車,對向擦撞,駕駛人,違反特定標誌(線)禁制,死亡1;受傷2,4,小客車,計程車,男,49,不明,未使用,車的狀態,靜止(引擎熄火),汽車,左側車身,汽車,左側車身,無(車輛駕駛人因素),尚未發現肇事因素,否,121.768876,25.128394
2020,11,20201126,112200,A1,臺中市政府警察局,臺中市北屯區東山里東山路2段前0.0公尺,晴,日間自然光線,市區道路,50,單路部分,直路,路段,一般車道(未劃分快慢車道),柏油,乾燥,無缺陷,無障礙物,良好,良好,無號誌,無號誌,雙向禁止超車線,無標記,車道線(無標記),未繪設快慢車道分隔線,有,車與車,同向擦撞,駕駛人,變換車道或方向不當,死亡1;受傷0,1,大貨車,自用,男,36,戴安全帽或繫安全帶(使用幼童安全椅),未使用,車的狀態,向右變換車道,汽車,右側車身,,,駕駛人,變換車道或方向不當,否,120.737640,24.178431
2020,11,20201126,112200,A1,臺中市政府警察局,臺中市北屯區東山里東山路2段前0.0公尺,晴,日間自然光線,市區道路,50,單路部分,直路,路段,一般車道(未劃分快慢車道),柏油,乾燥,無缺陷,無障礙物,良好,良好,無號誌,無號誌,雙向禁止超車線,無標記,車道線(無標記),未繪設快慢車道分隔線,有,車與車,同向擦撞,駕駛人,變換車道或方向不當,死亡1;受傷0,2,機車,普通重型,男,67,戴安全帽或繫安全帶(使用幼童安全椅),未使用,車的狀態,向前直行中,機車,左側車身,,,無(車輛駕駛人因素),尚未發現肇事因素,否,120.737640,24.178431
2020,11,20201126,124200,A1,桃園市政府警察局,桃園市桃園區長安街口 / 桃園市桃園區大林路口,晴,日間自然光線,市區道路,50,交岔路,四岔路,其他,行人穿越道,柏油,乾燥,無缺陷,無障礙物,良好,良好,閃光號誌,正常,無,無分向設施,未繪設車道線,未繪設快慢車道分隔線,無,人與汽(機)車,穿越道路中,駕駛人,搶越行人穿越道,死亡1;受傷0,1,小客車,計程車,男,68,戴安全帽或繫安全帶(使用幼童安全椅),未使用,車的狀態,右轉彎,汽車,右前車頭(身),,,駕駛人,搶越行人穿越道,否,121.317060,24.988417
2020,11,20201126,124200,A1,桃園市政府警察局,桃園市桃園區長安街口 / 桃園市桃園區大林路口,晴,日間自然光線,市區道路,50,交岔路,四岔路,其他,行人穿越道,柏油,乾燥,無缺陷,無障礙物,良好,良好,閃光號誌,正常,無,無分向設施,未繪設車道線,未繪設快慢車道分隔線,無,人與汽(機)車,穿越道路中,駕駛人,搶越行人穿越道,死亡1;受傷0,2,人,行人,男,56,其他(行人、慢車駕駛人),非汽(機)車駕駛人,人的狀態,步行,其他,非汽(機)車,,,無(非車輛駕駛人因素),尚未發現肇事因素,否,121.317060,24.988417
2020,11,20201126,140100,A1,新北市政府警察局,新北市三重區新北市三重區信義西街與文化北路,晴,日間自然光線,市區道路,50,交岔路,四岔路,交叉路口,交叉路口內,柏油,乾燥,無缺陷,無障礙物,良好,良好,行車管制號誌(附設行人專用號誌),正常,無,無分向設施,未繪設車道線,未繪設快慢車道分隔線,有,人與汽(機)車,穿越道路中,行人(或乘客),未依標誌、標線、號誌或手勢指揮穿越道路,死亡1;受傷0,2,小客車,自用,男,43,戴安全帽或繫安全帶(使用幼童安全椅),未使用,車的狀態,左轉彎,汽車,左前車頭(身),汽車,左前車頭(身),駕駛人,未注意車前狀態,否,121.495841,25.064221
2020,11,20201126,140100,A1,新北市政府警察局,新北市三重區新北市三重區信義西街與文化北路,晴,日間自然光線,市區道路,50,交岔路,四岔路,交叉路口,交叉路口內,柏油,乾燥,無缺陷,無障礙物,良好,良好,行車管制號誌(附設行人專用號誌),正常,無,無分向設施,未繪設車道線,未繪設快慢車道分隔線,有,人與汽(機)車,穿越道路中,行人(或乘客),未依標誌、標線、號誌或手勢指揮穿越道路,死亡1;受傷0,1,人,行人,男,56,其他(行人、慢車駕駛人),非汽(機)車駕駛人,人的狀態,步行,其他,非汽(機)車,其他,非汽(機)車,行人(或乘客),未依標誌、標線、號誌或手勢指揮穿越道路,否,121.495841,25.064221
2020,11,20201126,183100,A1,屏東縣政府警察局,屏東縣內埔鄉東寧村自強路與里東路口,晴,夜間(或隧道、地下道、涵洞)有照明,鄉道,50,單路部分,直路,路段,一般車道(未劃分快慢車道),柏油,乾燥,無缺陷,無障礙物,良好,良好,無號誌,無號誌,行車分向線,無標記,未繪設車道線,未繪設快慢車道分隔線,有,車與車,其他,駕駛人,未注意車前狀態,死亡1;受傷1,1,機車,普通重型,男,23,不明,不明,車的狀態,向前直行中,機車,前車頭,,,駕駛人,未注意車前狀態,否,120.550138,22.617086
2020,11,20201126,183100,A1,屏東縣政府警察局,屏東縣內埔鄉東寧村自強路與里東路口,晴,夜間(或隧道、地下道、涵洞)有照明,鄉道,50,單路部分,直路,路段,一般車道(未劃分快慢車道),柏油,乾燥,無缺陷,無障礙物,良好,良好,無號誌,無號誌,行車分向線,無標記,未繪設車道線,未繪設快慢車道分隔線,有,車與車,其他,駕駛人,未注意車前狀態,死亡1;受傷1,2,慢車,腳踏自行車,男,54,不明,不明,人的狀態,不明,其他,非汽(機)車,,,其他,其他引起事故之違規或不當行為,否,120.550138,22.617086
2020,11,20201126,183700,A1,新北市政府警察局,新北市土城區新北市土城區擺接堡路5.5處(往三峽),晴,夜間(或隧道、地下道、涵洞)有照明,市區道路,50,單路部分,直路,路段,機車專用道,柏油,乾燥,無缺陷,無障礙物,良好,良好,無號誌,無號誌,中央分向島,寛式(50公分以上),未繪設車道線,未繪設快慢車道分隔線,有,汽(機)車本身,其他,其他,不明原因肇事,死亡1;受傷0,2,,,無或物(動物、堆置物),0,,,,,,,,,無(非車輛駕駛人因素),尚未發現肇事因素,否,121.438912,24.981379
2020,11,20201126,183700,A1,新北市政府警察局,新北市土城區新北市土城區擺接堡路5.5處(往三峽),晴,夜間(或隧道、地下道、涵洞)有照明,市區道路,50,單路部分,直路,路段,機車專用道,柏油,乾燥,無缺陷,無障礙物,良好,良好,無號誌,無號誌,中央分向島,寛式(50公分以上),未繪設車道線,未繪設快慢車道分隔線,有,汽(機)車本身,其他,其他,不明原因肇事,死亡1;受傷0,1,機車,普通重型,男,41,戴安全帽或繫安全帶(使用幼童安全椅),不明,車的狀態,向前直行中,機車,前車頭,機車,前車頭,其他,不明原因肇事,否,121.438912,24.981379
2020,11,20201126,213000,A1,臺中市政府警察局,臺中市龍井區龍津里中央路一段 / 臺中市龍井區龍津里中央路一段,晴,夜間(或隧道、地下道、涵洞)有照明,市區道路,50,交岔路,四岔路,路段,一般車道(未劃分快慢車道),柏油,乾燥,無缺陷,無障礙物,良好,良好,無號誌,無號誌,雙向禁止超車線,無標記,未繪設車道線,未繪設快慢車道分隔線,有,車與車,對向擦撞,駕駛人,逆向行駛,死亡1;受傷1,1,機車,普通重型,女,21,不明,不明,車的狀態,向前直行中,機車,前車頭,,,駕駛人,逆向行駛,否,120.523555,24.199190
2020,11,20201126,213000,A1,臺中市政府警察局,臺中市龍井區龍津里中央路一段 / 臺中市龍井區龍津里中央路一段,晴,夜間(或隧道、地下道、涵洞)有照明,市區道路,50,交岔路,四岔路,路段,一般車道(未劃分快慢車道),柏油,乾燥,無缺陷,無障礙物,良好,良好,無號誌,無號誌,雙向禁止超車線,無標記,未繪設車道線,未繪設快慢車道分隔線,有,車與車,對向擦撞,駕駛人,逆向行駛,死亡1;受傷1,2,機車,普通重型,男,25,不明,不明,車的狀態,向前直行中,機車,前車頭,,,無(車輛駕駛人因素),尚未發現肇事因素,否,120.523555,24.199190
2020,11,20201126,213000,A1,臺中市政府警察局,臺中市龍井區龍津里中央路一段 / 臺中市龍井區龍津里中央路一段,晴,夜間(或隧道、地下道、涵洞)有照明,市區道路,50,交岔路,四岔路,路段,一般車道(未劃分快慢車道),柏油,乾燥,無缺陷,無障礙物,良好,良好,無號誌,無號誌,雙向禁止超車線,無標記,未繪設車道線,未繪設快慢車道分隔線,有,車與車,對向擦撞,駕駛人,逆向行駛,死亡1;受傷1,3,機車,普通重型,男,36,不明,不明,車的狀態,靜止(引擎熄火),機車,後車尾,,,無(車輛駕駛人因素),尚未發現肇事因素,否,120.523555,24.199190
2020,11,20201126,213000,A1,臺中市政府警察局,臺中市龍井區龍津里中央路一段 / 臺中市龍井區龍津里中央路一段,晴,夜間(或隧道、地下道、涵洞)有照明,市區道路,50,交岔路,四岔路,路段,一般車道(未劃分快慢車道),柏油,乾燥,無缺陷,無障礙物,良好,良好,無號誌,無號誌,雙向禁止超車線,無標記,未繪設車道線,未繪設快慢車道分隔線,有,車與車,對向擦撞,駕駛人,逆向行駛,死亡1;受傷1,4,機車,普通重型,男,32,不明,不明,車的狀態,靜止(引擎熄火),機車,後車尾,,,無(車輛駕駛人因素),尚未發現肇事因素,否,120.523555,24.199190
2020,11,20201126,213000,A1,臺中市政府警察局,臺中市龍井區龍津里中央路一段 / 臺中市龍井區龍津里中央路一段,晴,夜間(或隧道、地下道、涵洞)有照明,市區道路,50,交岔路,四岔路,路段,一般車道(未劃分快慢車道),柏油,乾燥,無缺陷,無障礙物,良好,良好,無號誌,無號誌,雙向禁止超車線,無標記,未繪設車道線,未繪設快慢車道分隔線,有,車與車,對向擦撞,駕駛人,逆向行駛,死亡1;受傷1,5,機車,普通重型,男,22,不明,不明,車的狀態,靜止(引擎熄火),機車,後車尾,,,無(車輛駕駛人因素),尚未發現肇事因素,否,120.523555,24.199190
2020,11,20201126,213000,A1,臺中市政府警察局,臺中市龍井區龍津里中央路一段 / 臺中市龍井區龍津里中央路一段,晴,夜間(或隧道、地下道、涵洞)有照明,市區道路,50,交岔路,四岔路,路段,一般車道(未劃分快慢車道),柏油,乾燥,無缺陷,無障礙物,良好,良好,無號誌,無號誌,雙向禁止超車線,無標記,未繪設車道線,未繪設快慢車道分隔線,有,車與車,對向擦撞,駕駛人,逆向行駛,死亡1;受傷1,6,小客車,自用,女,31,不明,不明,車的狀態,靜止(引擎熄火),汽車,右前車頭(身),,,無(車輛駕駛人因素),尚未發現肇事因素,否,120.523555,24.199190
2020,11,20201127,140402,A1,屏東縣政府警察局,屏東縣萬丹鄉厦南村河堤南路口 / 屏東縣萬丹鄉厦南村安和路口,晴,日間自然光線,村里道路,50,交岔路,三岔路,交叉路口,交叉路口內,柏油,乾燥,無缺陷,道路工事(程)中,良好,良好,行車管制號誌,正常,中央分向島,寛式(50公分以上),禁止變換車道線(附標記),寛式快慢車道分隔島(50公分以上),有,車與車,側撞,駕駛人,左轉彎未依規定,死亡1;受傷0,2,大貨車,自用,男,54,戴安全帽或繫安全帶(使用幼童安全椅),未使用,車的狀態,向前直行中,汽車,前車頭,,,駕駛人,未注意車前狀態,否,120.457606,22.594764
2020,11,20201127,140402,A1,屏東縣政府警察局,屏東縣萬丹鄉厦南村河堤南路口 / 屏東縣萬丹鄉厦南村安和路口,晴,日間自然光線,村里道路,50,交岔路,三岔路,交叉路口,交叉路口內,柏油,乾燥,無缺陷,道路工事(程)中,良好,良好,行車管制號誌,正常,中央分向島,寛式(50公分以上),禁止變換車道線(附標記),寛式快慢車道分隔島(50公分以上),有,車與車,側撞,駕駛人,左轉彎未依規定,死亡1;受傷0,1,機車,普通重型,女,75,未戴案全帽或未繫安全帶(未使用幼童安全椅),未使用,車的狀態,左轉彎,機車,右側車身,,,駕駛人,左轉彎未依規定,否,120.457606,22.594764
2020,11,20201127,164900,A1,高雄市政府警察局,高雄市大社區大社路528-18號前0.0公尺,晴,日間自然光線,市區道路,50,單路部分,直路,路段,一般車道(未劃分快慢車道),柏油,乾燥,無缺陷,無障礙物,良好,良好,無號誌,無號誌,雙向禁止超車線,無標記,未繪設車道線,未繪設快慢車道分隔線,有,汽(機)車本身,路上翻車、摔倒,駕駛人,未注意車前狀態,死亡1;受傷0,2,,,無或物(動物、堆置物),109,,,,,,,,,無(非車輛駕駛人因素),尚未發現肇事因素,否,120.369141,22.739257
2020,11,20201127,164900,A1,高雄市政府警察局,高雄市大社區大社路528-18號前0.0公尺,晴,日間自然光線,市區道路,50,單路部分,直路,路段,一般車道(未劃分快慢車道),柏油,乾燥,無缺陷,無障礙物,良好,良好,無號誌,無號誌,雙向禁止超車線,無標記,未繪設車道線,未繪設快慢車道分隔線,有,汽(機)車本身,路上翻車、摔倒,駕駛人,未注意車前狀態,死亡1;受傷0,1,機車,普通重型,男,67,戴安全帽或繫安全帶(使用幼童安全椅),未使用,車的狀態,向前直行中,機車,前車頭,機車,前車頭,駕駛人,未注意車前狀態,否,120.369141,22.739257
2020,11,20201127,174100,A1,臺中市政府警察局,臺中市后里區中和里和興路 / 臺中市后里區中和里和興路,晴,夜間(或隧道、地下道、涵洞)有照明,市區道路,30,交岔路,三岔路,交叉路口,交叉路口內,柏油,乾燥,無缺陷,無障礙物,良好,良好,無號誌,無號誌,無,無分向設施,未繪設車道線,未繪設快慢車道分隔線,有,車與車,追撞,駕駛人,未注意車前狀態,死亡1;受傷1,1,機車,普通重型,男,33,戴安全帽或繫安全帶(使用幼童安全椅),未使用,車的狀態,向前直行中,機車,前車頭,,,駕駛人,未注意車前狀態,否,120.704821,24.300806
2020,11,20201127,174100,A1,臺中市政府警察局,臺中市后里區中和里和興路 / 臺中市后里區中和里和興路,晴,夜間(或隧道、地下道、涵洞)有照明,市區道路,30,交岔路,三岔路,交叉路口,交叉路口內,柏油,乾燥,無缺陷,無障礙物,良好,良好,無號誌,無號誌,無,無分向設施,未繪設車道線,未繪設快慢車道分隔線,有,車與車,追撞,駕駛人,未注意車前狀態,死亡1;受傷1,2,慢車,腳踏自行車,女,65,其他(行人、慢車駕駛人),非汽(機)車駕駛人,車的狀態,向前直行中,其他,非汽(機)車,,,無(車輛駕駛人因素),尚未發現肇事因素,否,120.704821,24.300806
2020,11,20201127,175000,A1,屏東縣政府警察局,屏東縣枋寮鄉台1線 440公里500.0公尺處向機、慢車道,晴,日間自然光線,省道,70,單路部分,直路,路段,慢車道,柏油,乾燥,無缺陷,無障礙物,良好,良好,無號誌,無號誌,行車分向線,附標記,車道線(無標記),快慢車道分隔線,有,車與車,追撞,駕駛人,未注意車前狀態,死亡1;受傷1,2,慢車,電動輔助自行車,男,50,不明,不明,車的狀態,向前直行中,其他,非汽(機)車,,,無(車輛駕駛人因素),尚未發現肇事因素,否,120.590624,22.397567
2020,11,20201127,175000,A1,屏東縣政府警察局,屏東縣枋寮鄉台1線 440公里500.0公尺處向機、慢車道,晴,日間自然光線,省道,70,單路部分,直路,路段,慢車道,柏油,乾燥,無缺陷,無障礙物,良好,良好,無號誌,無號誌,行車分向線,附標記,車道線(無標記),快慢車道分隔線,有,車與車,追撞,駕駛人,未注意車前狀態,死亡1;受傷1,1,機車,普通重型,男,18,戴安全帽或繫安全帶(使用幼童安全椅),不明,車的狀態,向前直行中,機車,前車頭,,,駕駛人,未注意車前狀態,否,120.590624,22.397567
2020,11,20201127,214905,A1,臺南市政府警察局,臺南市新市區永就里中山路口 / 臺南市新市區永就里光華街口,陰,日間自然光線,市區道路,50,交岔路,四岔路,交叉路口,交叉路口內,柏油,乾燥,無缺陷,無障礙物,良好,良好,行車管制號誌,正常,無,無分向設施,未繪設車道線,未繪設快慢車道分隔線,無,車與車,側撞,駕駛人,違反特定標誌(線)禁制,死亡1;受傷2,1,小客車,計程車,男,61,戴安全帽或繫安全帶(使用幼童安全椅),未使用,車的狀態,左轉彎,汽車,右側車身,,,駕駛人,違反特定標誌(線)禁制,否,120.298230,23.072221
2020,11,20201127,214905,A1,臺南市政府警察局,臺南市新市區永就里中山路口 / 臺南市新市區永就里光華街口,陰,日間自然光線,市區道路,50,交岔路,四岔路,交叉路口,交叉路口內,柏油,乾燥,無缺陷,無障礙物,良好,良好,行車管制號誌,正常,無,無分向設施,未繪設車道線,未繪設快慢車道分隔線,無,車與車,側撞,駕駛人,違反特定標誌(線)禁制,死亡1;受傷2,2,機車,大型重型1(550C.C.以上),男,21,戴安全帽或繫安全帶(使用幼童安全椅),未使用,車的狀態,向前直行中,機車,前車頭,,,駕駛人,未依規定減速,否,120.298230,23.072221
2020,11,20201127,214905,A1,臺南市政府警察局,臺南市新市區永就里中山路口 / 臺南市新市區永就里光華街口,陰,日間自然光線,市區道路,50,交岔路,四岔路,交叉路口,交叉路口內,柏油,乾燥,無缺陷,無障礙物,良好,良好,行車管制號誌,正常,無,無分向設施,未繪設車道線,未繪設快慢車道分隔線,無,車與車,側撞,駕駛人,違反特定標誌(線)禁制,死亡1;受傷2,3,人,乘客,女,16,未戴案全帽或未繫安全帶(未使用幼童安全椅),非汽(機)車駕駛人,人的狀態,其他,其他,非汽(機)車,,,無(非車輛駕駛人因素),尚未發現肇事因素,否,120.298230,23.072221
2020,11,20201128,032915,A1,新竹縣政府警察局,新竹縣湖口鄉中正路1段99號前0.0公尺,晴,夜間(或隧道、地下道、涵洞)有照明,市區道路,50,單路部分,直路,路段,一般車道(未劃分快慢車道),柏油,乾燥,無缺陷,無障礙物,良好,良好,無號誌,無號誌,雙向禁止超車線,附標記,車道線(附標記),未繪設快慢車道分隔線,有,車與車,其他,其他,違規停車或暫停不當而肇事,死亡1;受傷1,2,機車,普通重型,男,29,戴安全帽或繫安全帶(使用幼童安全椅),未使用,車的狀態,向前直行中,機車,前車頭,,,駕駛人,酒醉(後)駕駛失控,否,121.046393,24.901920
2020,11,20201128,032915,A1,新竹縣政府警察局,新竹縣湖口鄉中正路1段99號前0.0公尺,晴,夜間(或隧道、地下道、涵洞)有照明,市區道路,50,單路部分,直路,路段,一般車道(未劃分快慢車道),柏油,乾燥,無缺陷,無障礙物,良好,良好,無號誌,無號誌,雙向禁止超車線,附標記,車道線(附標記),未繪設快慢車道分隔線,有,車與車,其他,其他,違規停車或暫停不當而肇事,死亡1;受傷1,3,人,乘客,男,29,戴安全帽或繫安全帶(使用幼童安全椅),未使用,人的狀態,其他,其他,非汽(機)車,,,無(非車輛駕駛人因素),尚未發現肇事因素,否,121.046393,24.901920
2020,11,20201128,032915,A1,新竹縣政府警察局,新竹縣湖口鄉中正路1段99號前0.0公尺,晴,夜間(或隧道、地下道、涵洞)有照明,市區道路,50,單路部分,直路,路段,一般車道(未劃分快慢車道),柏油,乾燥,無缺陷,無障礙物,良好,良好,無號誌,無號誌,雙向禁止超車線,附標記,車道線(附標記),未繪設快慢車道分隔線,有,車與車,其他,其他,違規停車或暫停不當而肇事,死亡1;受傷1,1,小貨車(含客、貨兩用),自用,男,69,戴安全帽或繫安全帶(使用幼童安全椅),未使用,車的狀態,等待(引擎未熄火),汽車,右後車尾(身),,,其他,違規停車或暫停不當而肇事,否,121.046393,24.901920
2020,11,20201128,080200,A1,臺南市政府警察局,臺南市麻豆區興農里新生南路西側 / 臺南市麻豆區興農里自由路北側,晴,日間自然光線,市區道路,50,交岔路,三岔路,交叉路口,交叉路口內,柏油,乾燥,無缺陷,無障礙物,良好,良好,閃光號誌,正常,中央分向島,寛式(50公分以上),車道線(無標記),快慢車道分隔線,有,車與車,路口交岔撞,駕駛人,未依規定讓車,死亡1;受傷0,1,機車,普通重型,男,72,戴安全帽或繫安全帶(使用幼童安全椅),未使用,車的狀態,左轉彎,機車,前車頭,,,駕駛人,未依規定讓車,否,120.244538,23.176521
2020,11,20201128,080200,A1,臺南市政府警察局,臺南市麻豆區興農里新生南路西側 / 臺南市麻豆區興農里自由路北側,晴,日間自然光線,市區道路,50,交岔路,三岔路,交叉路口,交叉路口內,柏油,乾燥,無缺陷,無障礙物,良好,良好,閃光號誌,正常,中央分向島,寛式(50公分以上),車道線(無標記),快慢車道分隔線,有,車與車,路口交岔撞,駕駛人,未依規定讓車,死亡1;受傷0,2,曳引車,營業用,男,65,戴安全帽或繫安全帶(使用幼童安全椅),未使用,車的狀態,向前直行中,汽車,右前車頭(身),,,駕駛人,未依規定減速,否,120.244538,23.176521
2020,11,20201128,145800,A1,桃園市政府警察局,桃園市新屋區後湖里三民路一段台電41A號電桿旁,陰,日間自然光線,市區道路,50,單路部分,直路,路段,一般車道(未劃分快慢車道),柏油,乾燥,無缺陷,無障礙物,良好,良好,無號誌,無號誌,雙向禁止超車線,無標記,未繪設車道線,未繪設快慢車道分隔線,有,汽(機)車本身,撞路樹、電桿,駕駛人,酒醉(後)駕駛失控,死亡1;受傷1,2,,,無或物(動物、堆置物),-1,,,,,,,,,無(非車輛駕駛人因素),尚未發現肇事因素,否,121.088884,24.983024
2020,11,20201128,145800,A1,桃園市政府警察局,桃園市新屋區後湖里三民路一段台電41A號電桿旁,陰,日間自然光線,市區道路,50,單路部分,直路,路段,一般車道(未劃分快慢車道),柏油,乾燥,無缺陷,無障礙物,良好,良好,無號誌,無號誌,雙向禁止超車線,無標記,未繪設車道線,未繪設快慢車道分隔線,有,汽(機)車本身,撞路樹、電桿,駕駛人,酒醉(後)駕駛失控,死亡1;受傷1,1,機車,普通重型,女,45,不明,不明,車的狀態,向前直行中,機車,前車頭,,,駕駛人,酒醉(後)駕駛失控,否,121.088884,24.983024
2020,11,20201128,145800,A1,桃園市政府警察局,桃園市新屋區後湖里三民路一段台電41A號電桿旁,陰,日間自然光線,市區道路,50,單路部分,直路,路段,一般車道(未劃分快慢車道),柏油,乾燥,無缺陷,無障礙物,良好,良好,無號誌,無號誌,雙向禁止超車線,無標記,未繪設車道線,未繪設快慢車道分隔線,有,汽(機)車本身,撞路樹、電桿,駕駛人,酒醉(後)駕駛失控,死亡1;受傷1,3,人,乘客,男,5,不明,不明,人的狀態,其他,其他,非汽(機)車,,,無(非車輛駕駛人因素),尚未發現肇事因素,否,121.088884,24.983024
2020,11,20201128,150600,A1,臺中市政府警察局,臺中市潭子區聚興里旱溪東路四段666號前0.0公尺,晴,日間自然光線,市區道路,30,單路部分,彎曲路及附近,路段,一般車道(未劃分快慢車道),柏油,乾燥,無缺陷,無障礙物,良好,良好,無號誌,無號誌,無,無分向設施,未繪設車道線,未繪設快慢車道分隔線,有,車與車,同向擦撞,駕駛人,未保持行車安全間隔,死亡1;受傷0,2,機車,普通重型,男,19,戴安全帽或繫安全帶(使用幼童安全椅),未使用,車的狀態,向前直行中,機車,左側車身,,,駕駛人,未保持行車安全間隔,否,120.711988,24.193661