發生年度,發生月份,發生日期,發生時間,事故類別名稱,處理單位名稱警局層,發生地點,天候名稱,光線名稱,道路類別-第1當事者-名稱,速限-第1當事者,道路型態大類別名稱,道路型態子類別名稱,事故位置大類別名稱,事故位置子類別名稱,路面狀況-路面鋪裝名稱,路面狀況-路面狀態名稱,路面狀況-路面缺陷名稱,道路障礙-障礙物名稱,道路障礙-視距品質名稱,道路障礙-視距名稱,號誌-號誌種類名稱,號誌-號誌動作名稱,車道劃分設施-分向設施大類別名稱,車道劃分設施-分向設施子類別名稱,車道劃分設施-分道設施-快車道或一般車道間名稱,車道劃分設施-分道設施-快慢車道間名稱,車道劃分設施-分道設施-路面邊線名稱,事故類型及型態大類別名稱,事故類型及型態子類別名稱,肇因研判大類別名稱-主要,肇因研判子類別名稱-主要,死亡受傷人數,當事者順位,當事者區分-類別-大類別名稱-車種,當事者區分-類別-子類別名稱-車種,當事者屬-性-別名稱,當事者事故發生時年齡,保護裝備名稱,行動電話或電腦或其他相類功能裝置名稱,當事者行動狀態大類別名稱,當事者行動狀態子類別名稱,車輛撞擊部位大類別名稱-最初,車輛撞擊部位子類別名稱-最初,車輛撞擊部位大類別名稱-其他,車輛撞擊部位子類別名稱-其他,肇因研判大類別名稱-個別,肇因研判子類別名稱-個別,肇事逃逸類別名稱-是否肇逃,經度,緯度
2020,11,20201130,123452,A1,南投縣政府警察局,南投縣仁愛鄉奧萬大聯外道路1.5公里處,晴,日間自然光線,專用道路,25,單路部分,彎曲路及附近,路段,一般車道(未劃分快慢車道),柏油,乾燥,無缺陷,無障礙物,良好,良好,無號誌,無號誌,雙向禁止超車線,無標記,車道線(無標記),未繪設快慢車道分隔線,有,汽(機)車本身,路上翻車、摔倒,機件,煞車失靈,死亡1;受傷20,21,人,乘客,男,45,不明,非汽(機)車駕駛人,人的狀態,其他,其他,非汽(機)車,,,無(非車輛駕駛人因素),尚未發現肇事因素,否,121.123946,23.961987
2020,11,20201130,123452,A1,南投縣政府警察局,南投縣仁愛鄉奧萬大聯外道路1.5公里處,晴,日間自然光線,專用道路,25,單路部分,彎曲路及附近,路段,一般車道(未劃分快慢車道),柏油,乾燥,無缺陷,無障礙物,良好,良好,無號誌,無號誌,雙向禁止超車線,無標記,車道線(無標記),未繪設快慢車道分隔線,有,汽(機)車本身,路上翻車、摔倒,機件,煞車失靈,死亡1;受傷20,22,人,乘客,女,35,不明,非汽(機)車駕駛人,人的狀態,其他,其他,非汽(機)車,,,無(非車輛駕駛人因素),尚未發現肇事因素,否,121.123946,23.961987
2020,11,20201130,123452,A1,南投縣政府警察局,南投縣仁愛鄉奧萬大聯外道路1.5公里處,晴,日間自然光線,專用道路,25,單路部分,彎曲路及附近,路段,一般車道(未劃分快慢車道),柏油,乾燥,無缺陷,無障礙物,良好,良好,無號誌,無號誌,雙向禁止超車線,無標記,車道線(無標記),未繪設快慢車道分隔線,有,汽(機)車本身,路上翻車、摔倒,機件,煞車失靈,死亡1;受傷20,1,大客車,遊覽車,男,51,戴安全帽或繫安全帶(使用幼童安全椅),未使用,車的狀態,右轉彎,汽車,左側車身,汽車,車頂,機件,煞車失靈,否,121.123946,23.961987
2020,11,20201130,123452,A1,南投縣政府警察局,南投縣仁愛鄉奧萬大聯外道路1.5公里處,晴,日間自然光線,專用道路,25,單路部分,彎曲路及附近,路段,一般車道(未劃分快慢車道),柏油,乾燥,無缺陷,無障礙物,良好,良好,無號誌,無號誌,雙向禁止超車線,無標記,車道線(無標記),未繪設快慢車道分隔線,有,汽(機)車本身,路上翻車、摔倒,機件,煞車失靈,死亡1;受傷20,17,人,乘客,男,45,戴安全帽或繫安全帶(使用幼童安全椅),非汽(機)車駕駛人,人的狀態,其他,其他,非汽(機)車,,,無(非車輛駕駛人因素),尚未發現肇事因素,否,121.123946,23.961987
2020,11,20201130,123452,A1,南投縣政府警察局,南投縣仁愛鄉奧萬大聯外道路1.5公里處,晴,日間自然光線,專用道路,25,單路部分,彎曲路及附近,路段,一般車道(未劃分快慢車道),柏油,乾燥,無缺陷,無障礙物,良好,良好,無號誌,無號誌,雙向禁止超車線,無標記,車道線(無標記),未繪設快慢車道分隔線,有,汽(機)車本身,路上翻車、摔倒,機件,煞車失靈,死亡1;受傷20,20,人,乘客,女,48,戴安全帽或繫安全帶(使用幼童安全椅),非汽(機)車駕駛人,人的狀態,其他,其他,非汽(機)車,,,無(非車輛駕駛人因素),尚未發現肇事因素,否,121.123946,23.961987
2020,11,20201130,141100,A1,彰化縣警察局,彰化縣彰化市縣139線 20公里北側向內側,晴,日間自然光線,縣道,40,交岔路,三岔路,路段,一般車道(未劃分快慢車道),柏油,乾燥,無缺陷,無障礙物,良好,良好,無號誌,無號誌,雙向禁止超車線,附標記,未繪設車道線,未繪設快慢車道分隔線,有,汽(機)車本身,撞號誌、標誌桿,駕駛人,未依規定減速,死亡1;受傷0,2,,,無或物(動物、堆置物),0,,,,,,,,,無(非車輛駕駛人因素),尚未發現肇事因素,否,120.591855,24.041636
2020,11,20201130,141100,A1,彰化縣警察局,彰化縣彰化市縣139線 20公里北側向內側,晴,日間自然光線,縣道,40,交岔路,三岔路,路段,一般車道(未劃分快慢車道),柏油,乾燥,無缺陷,無障礙物,良好,良好,無號誌,無號誌,雙向禁止超車線,附標記,未繪設車道線,未繪設快慢車道分隔線,有,汽(機)車本身,撞號誌、標誌桿,駕駛人,未依規定減速,死亡1;受傷0,1,機車,普通重型,男,20,戴安全帽或繫安全帶(使用幼童安全椅),未使用,車的狀態,向前直行中,機車,前車頭,,,駕駛人,未依規定減速,否,120.591855,24.041636
2020,11,20201130,155800,A1,臺北市政府警察局,臺北市松山區延壽街 / 臺北市松山區塔悠路,雨,日間自然光線,市區道路,50,交岔路,三岔路,交叉路口,交叉路口內,柏油,濕潤,無缺陷,無障礙物,良好,良好,行車管制號誌,正常,中央分向島,寛式(50公分以上),車道線(無標記),快慢車道分隔線,無,人與汽(機)車,穿越道路中,駕駛人,搶越行人穿越道,死亡1;受傷0,1,小貨車(含客、貨兩用),自用,男,46,戴安全帽或繫安全帶(使用幼童安全椅),未使用,車的狀態,左轉彎,汽車,前車頭,汽車,前車頭,駕駛人,搶越行人穿越道,否,121.569382,25.057422
2020,11,20201130,155800,A1,臺北市政府警察局,臺北市松山區延壽街 / 臺北市松山區塔悠路,雨,日間自然光線,市區道路,50,交岔路,三岔路,交叉路口,交叉路口內,柏油,濕潤,無缺陷,無障礙物,良好,良好,行車管制號誌,正常,中央分向島,寛式(50公分以上),車道線(無標記),快慢車道分隔線,無,人與汽(機)車,穿越道路中,駕駛人,搶越行人穿越道,死亡1;受傷0,2,人,行人,女,77,其他(行人、慢車駕駛人),非汽(機)車駕駛人,人的狀態,步行,其他,非汽(機)車,其他,非汽(機)車,無(非車輛駕駛人因素),尚未發現肇事因素,否,121.569382,25.057422
2020,11,20201130,173000,A1,屏東縣政府警察局,屏東縣新園鄉臥龍路495-72號前,晴,夜間(或隧道、地下道、涵洞)有照明,市區道路,60,交岔路,四岔路,交叉路口,交叉口附近,柏油,乾燥,無缺陷,無障礙物,良好,良好,閃光號誌,正常,中央分向島,寛式(50公分以上),車道線(附標記),未繪設快慢車道分隔線,有,車與車,追撞,駕駛人,未注意車前狀態,死亡1;受傷1,1,機車,普通重型,男,61,戴安全帽或繫安全帶(使用幼童安全椅),不明,車的狀態,向前直行中,機車,前車頭,,,駕駛人,未注意車前狀態,否,120.447834,22.495002
2020,11,20201130,173000,A1,屏東縣政府警察局,屏東縣新園鄉臥龍路495-72號前,晴,夜間(或隧道、地下道、涵洞)有照明,市區道路,60,交岔路,四岔路,交叉路口,交叉口附近,柏油,乾燥,無缺陷,無障礙物,良好,良好,閃光號誌,正常,中央分向島,寛式(50公分以上),車道線(附標記),未繪設快慢車道分隔線,有,車與車,追撞,駕駛人,未注意車前狀態,死亡1;受傷1,2,慢車,腳踏自行車,女,59,未戴案全帽或未繫安全帶(未使用幼童安全椅),未使用,車的狀態,向左變換車道,其他,非汽(機)車,,,駕駛人,變換車道或方向不當,否,120.447834,22.495002
2020,11,20201130,220300,A1,雲林縣警察局,雲林縣古坑鄉光華路光華橋上,晴,夜間(或隧道、地下道、涵洞)有照明,其他,50,單路部分,橋樑,路段,一般車道(未劃分快慢車道),柏油,乾燥,無缺陷,無障礙物,良好,良好,無號誌,無號誌,雙向禁止超車線,無標記,未繪設車道線,未繪設快慢車道分隔線,有,車與車,追撞,駕駛人,未注意車前狀態,死亡1;受傷0,1,小客車,自用,男,31,戴安全帽或繫安全帶(使用幼童安全椅),未使用,車的狀態,向前直行中,汽車,前車頭,,,駕駛人,未注意車前狀態,是,120.573250,23.605563
2020,11,20201130,220300,A1,雲林縣警察局,雲林縣古坑鄉光華路光華橋上,晴,夜間(或隧道、地下道、涵洞)有照明,其他,50,單路部分,橋樑,路段,一般車道(未劃分快慢車道),柏油,乾燥,無缺陷,無障礙物,良好,良好,無號誌,無號誌,雙向禁止超車線,無標記,未繪設車道線,未繪設快慢車道分隔線,有,車與車,追撞,駕駛人,未注意車前狀態,死亡1;受傷0,2,機車,普通重型,男,19,戴安全帽或繫安全帶(使用幼童安全椅),未使用,車的狀態,向前直行中,機車,後車尾,,,無(車輛駕駛人因素),尚未發現肇事因素,否,120.573250,23.605563
2020,12,20201201,070100,A1,新北市政府警察局,新北市瑞芳區新北市瑞芳區臺2線道路78.9公里,陰,日間自然光線,省道,60,單路部分,彎曲路及附近,路段,一般車道(未劃分快慢車道),柏油,濕潤,無缺陷,無障礙物,良好,良好,無號誌,無號誌,雙向禁止超車線,附標記,未繪設車道線,未繪設快慢車道分隔線,有,汽(機)車本身,其他,駕駛人,未依規定減速,死亡1;受傷0,2,,,無或物(動物、堆置物),0,,,,,,,,,無(非車輛駕駛人因素),尚未發現肇事因素,否,121.842028,25.122113
2020,12,20201201,070100,A1,新北市政府警察局,新北市瑞芳區新北市瑞芳區臺2線道路78.9公里,陰,日間自然光線,省道,60,單路部分,彎曲路及附近,路段,一般車道(未劃分快慢車道),柏油,濕潤,無缺陷,無障礙物,良好,良好,無號誌,無號誌,雙向禁止超車線,附標記,未繪設車道線,未繪設快慢車道分隔線,有,汽(機)車本身,其他,駕駛人,未依規定減速,死亡1;受傷0,4,小客車,自用,男,50,不明,不明,車的狀態,向前直行中,汽車,前車頭,汽車,前車頭,無(車輛駕駛人因素),尚未發現肇事因素,否,121.842028,25.122113
2020,12,20201201,070100,A1,新北市政府警察局,新北市瑞芳區新北市瑞芳區臺2線道路78.9公里,陰,日間自然光線,省道,60,單路部分,彎曲路及附近,路段,一般車道(未劃分快慢車道),柏油,濕潤,無缺陷,無障礙物,良好,良好,無號誌,無號誌,雙向禁止超車線,附標記,未繪設車道線,未繪設快慢車道分隔線,有,汽(機)車本身,其他,駕駛人,未依規定減速,死亡1;受傷0,3,曳引車,營業用,男,46,不明,不明,車的狀態,向前直行中,汽車,左側車身,汽車,左側車身,無(車輛駕駛人因素),尚未發現肇事因素,否,121.842028,25.122113
2020,12,20201201,070100,A1,新北市政府警察局,新北市瑞芳區新北市瑞芳區臺2線道路78.9公里,陰,日間自然光線,省道,60,單路部分,彎曲路及附近,路段,一般車道(未劃分快慢車道),柏油,濕潤,無缺陷,無障礙物,良好,良好,無號誌,無號誌,雙向禁止超車線,附標記,未繪設車道線,未繪設快慢車道分隔線,有,汽(機)車本身,其他,駕駛人,未依規定減速,死亡1;受傷0,1,機車,普通重型,男,18,戴安全帽或繫安全帶(使用幼童安全椅),不明,車的狀態,右轉彎,機車,前車頭,機車,前車頭,駕駛人,未依規定減速,否,121.842028,25.122113
2020,12,20201201,075900,A1,新北市政府警察局,新北市三峽區新北市三峽區插角產業道路163號,雨,日間自然光線,其他,30,單路部分,直路,路段,一般車道(未劃分快慢車道),柏油,濕潤,無缺陷,無障礙物,良好,良好,無號誌,無號誌,無,無分向設施,車道線(無標記),未繪設快慢車道分隔線,無,汽(機)車本身,路上翻車、摔倒,其他,不明原因肇事,死亡1;受傷0,2,,,無或物(動物、堆置物),0,,,,,,,,,無(非車輛駕駛人因素),尚未發現肇事因素,否,121.418152,24.876645
2020,12,20201201,075900,A1,新北市政府警察局,新北市三峽區新北市三峽區插角產業道路163號,雨,日間自然光線,其他,30,單路部分,直路,路段,一般車道(未劃分快慢車道),柏油,濕潤,無缺陷,無障礙物,良好,良好,無號誌,無號誌,無,無分向設施,車道線(無標記),未繪設快慢車道分隔線,無,汽(機)車本身,路上翻車、摔倒,其他,不明原因肇事,死亡1;受傷0,1,小客車,自用,男,74,戴安全帽或繫安全帶(使用幼童安全椅),未使用,車的狀態,向前直行中,汽車,前車頭,汽車,前車頭,其他,不明原因肇事,否,121.418152,24.876645
2020,12,20201201,094005,A1,宜蘭縣政府警察局,宜蘭縣礁溪鄉林尾路05063號路燈旁,雨,日間自然光線,鄉道,40,單路部分,坡路,路段,一般車道(未劃分快慢車道),柏油,濕潤,無缺陷,無障礙物,良好,良好,無號誌,無號誌,無,無分向設施,未繪設車道線,未繪設快慢車道分隔線,有,車與車,同向擦撞,駕駛人,未保持行車安全間隔,死亡1;受傷0,1,機車,普通重型,女,55,戴安全帽或繫安全帶(使用幼童安全椅),未使用,車的狀態,向前直行中,機車,左側車身,,,駕駛人,未保持行車安全間隔,否,121.737137,24.816371
2020,12,20201201,094005,A1,宜蘭縣政府警察局,宜蘭縣礁溪鄉林尾路05063號路燈旁,雨,日間自然光線,鄉道,40,單路部分,坡路,路段,一般車道(未劃分快慢車道),柏油,濕潤,無缺陷,無障礙物,良好,良好,無號誌,無號誌,無,無分向設施,未繪設車道線,未繪設快慢車道分隔線,有,車與車,同向擦撞,駕駛人,未保持行車安全間隔,死亡1;受傷0,2,大貨車,自用,男,30,戴安全帽或繫安全帶(使用幼童安全椅),未使用,車的狀態,向前直行中,汽車,右前車頭(身),,,無(車輛駕駛人因素),尚未發現肇事因素,否,121.737137,24.816371
2020,12,20201201,151814,A1,屏東縣政府警察局,屏東縣里港鄉過江路與忠孝路口,晴,日間自然光線,村里道路,50,交岔路,四岔路,交叉路口,交叉路口內,柏油,乾燥,無缺陷,無障礙物,良好,良好,無號誌,無號誌,行車分向線,無標記,未繪設車道線,未繪設快慢車道分隔線,有,車與車,路口交岔撞,駕駛人,未依規定讓車,死亡1;受傷0,2,機車,普通重型,女,71,戴安全帽或繫安全帶(使用幼童安全椅),未使用,車的狀態,向前直行中,機車,前車頭,機車,前車頭,駕駛人,未注意車前狀態,否,120.496746,22.783085
2020,12,20201201,151814,A1,屏東縣政府警察局,屏東縣里港鄉過江路與忠孝路口,晴,日間自然光線,村里道路,50,交岔路,四岔路,交叉路口,交叉路口內,柏油,乾燥,無缺陷,無障礙物,良好,良好,無號誌,無號誌,行車分向線,無標記,未繪設車道線,未繪設快慢車道分隔線,有,車與車,路口交岔撞,駕駛人,未依規定讓車,死亡1;受傷0,1,小客車,自用,女,30,戴安全帽或繫安全帶(使用幼童安全椅),未使用,車的狀態,向前直行中,汽車,右前車頭(身),汽車,右前車頭(身),駕駛人,未依規定讓車,否,120.496746,22.783085
2020,12,20201201,152800,A1,桃園市政府警察局,桃園市桃園區春日路18號前0.0公尺,雨,日間自然光線,市區道路,40,交岔路,三岔路,交叉路口,交叉路口內,柏油,濕潤,無缺陷,無障礙物,良好,良好,無號誌,無號誌,無,無分向設施,未繪設車道線,未繪設快慢車道分隔線,有,汽(機)車本身,撞橋樑、建築物,駕駛人,未注意車前狀態,死亡1;受傷0,2,,,無或物(動物、堆置物),-1,,,,,,,,,無(非車輛駕駛人因素),尚未發現肇事因素,否,121.317764,24.991477
2020,12,20201201,152800,A1,桃園市政府警察局,桃園市桃園區春日路18號前0.0公尺,雨,日間自然光線,市區道路,40,交岔路,三岔路,交叉路口,交叉路口內,柏油,濕潤,無缺陷,無障礙物,良好,良好,無號誌,無號誌,無,無分向設施,未繪設車道線,未繪設快慢車道分隔線,有,汽(機)車本身,撞橋樑、建築物,駕駛人,未注意車前狀態,死亡1;受傷0,1,機車,普通重型,男,49,戴安全帽或繫安全帶(使用幼童安全椅),不明,車的狀態,向前直行中,機車,前車頭,,,駕駛人,未注意車前狀態,否,121.317764,24.991477
2020,12,20201201,155500,A1,高雄市政府警察局,高雄市路竹區東安路36巷社東579路燈號前0.0公尺,晴,日間自然光線,市區道路,50,單路部分,直路,路段,路肩、路緣,柏油,乾燥,無缺陷,無障礙物,良好,良好,無號誌,無號誌,行車分向線,無標記,未繪設車道線,未繪設快慢車道分隔線,有,人與汽(機)車,佇立路邊(外),駕駛人,未注意車前狀態,死亡1;受傷0,1,大貨車,自用,男,55,不明,不明,車的狀態,向前直行中,汽車,右後車尾(身),汽車,右後車尾(身),駕駛人,未注意車前狀態,是,120.268000,22.870010
2020,12,20201201,155500,A1,高雄市政府警察局,高雄市路竹區東安路36巷社東579路燈號前0.0公尺,晴,日間自然光線,市區道路,50,單路部分,直路,路段,路肩、路緣,柏油,乾燥,無缺陷,無障礙物,良好,良好,無號誌,無號誌,行車分向線,無標記,未繪設車道線,未繪設快慢車道分隔線,有,人與汽(機)車,佇立路邊(外),駕駛人,未注意車前狀態,死亡1;受傷0,2,人,行人,男,72,其他(無需使用保護裝備之人),非駕駛人,人的狀態,靜立(止),其他,非汽(機)車,其他,非汽(機)車,無(非車輛駕駛人因素),尚未發現肇事因素,否,120.268000,22.870010
2020,12,20201201,222000,A1,臺中市政府警察局,臺中市豐原區西湳里三豐路二段 / 臺中市豐原區西湳里豐原大道七段,晴,夜間(或隧道、地下道、涵洞)有照明,市區道路,60,交岔路,四岔路,交叉路口,交叉路口內,柏油,乾燥,無缺陷,無障礙物,良好,良好,行車管制號誌,正常,中央分向島,寛式(50公分以上),未繪設車道線,未繪設快慢車道分隔線,無,車與車,路口交岔撞,駕駛人,酒醉(後)駕駛失控,死亡1;受傷0,2,大客車,民營客運,男,40,不明,不明,車的狀態,向前直行中,汽車,左側車身,,,無(車輛駕駛人因素),尚未發現肇事因素,否,120.720080,24.263826
2020,12,20201201,222000,A1,臺中市政府警察局,臺中市豐原區西湳里三豐路二段 / 臺中市豐原區西湳里豐原大道七段,晴,夜間(或隧道、地下道、涵洞)有照明,市區道路,60,交岔路,四岔路,交叉路口,交叉路口內,柏油,乾燥,無缺陷,無障礙物,良好,良好,行車管制號誌,正常,中央分向島,寛式(50公分以上),未繪設車道線,未繪設快慢車道分隔線,無,車與車,路口交岔撞,駕駛人,酒醉(後)駕駛失控,死亡1;受傷0,1,機車,普通重型,男,41,戴安全帽或繫安全帶(使用幼童安全椅),未使用,車的狀態,向前直行中,機車,前車頭,,,駕駛人,酒醉(後)駕駛失控,否,120.720080,24.263826
2020,12,20201201,231700,A1,南投縣政府警察局,南投縣魚池鄉東池村東興巷24之7號旁,晴,夜間(或隧道、地下道、涵洞)無照明,村里道路,40,單路部分,直路,路段,路肩、路緣,柏油,乾燥,無缺陷,無障礙物,良好,良好,無號誌,無號誌,雙向禁止超車線,無標記,未繪設車道線,未繪設快慢車道分隔線,有,汽(機)車本身,撞路樹、電桿,駕駛人,酒醉(後)駕駛失控,死亡1;受傷1,2,,,無或物(動物、堆置物),-1,,,,,,,,,無(非車輛駕駛人因素),尚未發現肇事因素,否,120.945630,23.895198
2020,12,20201201,231700,A1,南投縣政府警察局,南投縣魚池鄉東池村東興巷24之7號旁,晴,夜間(或隧道、地下道、涵洞)無照明,村里道路,40,單路部分,直路,路段,路肩、路緣,柏油,乾燥,無缺陷,無障礙物,良好,良好,無號誌,無號誌,雙向禁止超車線,無標記,未繪設車道線,未繪設快慢車道分隔線,有,汽(機)車本身,撞路樹、電桿,駕駛人,酒醉(後)駕駛失控,死亡1;受傷1,1,機車,普通重型,男,19,戴安全帽或繫安全帶(使用幼童安全椅),不明,人的狀態,不明,機車,前車頭,機車,前車頭,駕駛人,酒醉(後)駕駛失控,否,120.945630,23.895198
2020,12,20201201,231700,A1,南投縣政府警察局,南投縣魚池鄉東池村東興巷24之7號旁,晴,夜間(或隧道、地下道、涵洞)無照明,村里道路,40,單路部分,直路,路段,路肩、路緣,柏油,乾燥,無缺陷,無障礙物,良好,良好,無號誌,無號誌,雙向禁止超車線,無標記,未繪設車道線,未繪設快慢車道分隔線,有,汽(機)車本身,撞路樹、電桿,駕駛人,酒醉(後)駕駛失控,死亡1;受傷1,3,人,乘客,女,18,未戴案全帽或未繫安全帶(未使用幼童安全椅),不明,人的狀態,不明,其他,非汽(機)車,其他,非汽(機)車,無(非車輛駕駛人因素),尚未發現肇事因素,否,120.945630,23.895198
2020,12,20201202,055200,A1,新北市政府警察局,新北市林口區新北市林區文化三路2段41巷與文化三路2段行人穿越道,雨,夜間(或隧道、地下道、涵洞)有照明,市區道路,50,單路部分,直路,其他,行人穿越道,柏油,濕潤,無缺陷,無障礙物,良好,良好,行車管制號誌,正常,中央分向島,寛式(50公分以上),未繪設車道線,未繪設快慢車道分隔線,有,人與汽(機)車,穿越道路中,駕駛人,搶越行人穿越道,死亡1;受傷0,1,小客車,自用,男,30,戴安全帽或繫安全帶(使用幼童安全椅),未使用,車的狀態,向前直行中,汽車,左前車頭(身),汽車,左前車頭(身),駕駛人,搶越行人穿越道,否,121.372480,25.080338
2020,12,20201202,055200,A1,新北市政府警察局,新北市林口區新北市林區文化三路2段41巷與文化三路2段行人穿越道,雨,夜間(或隧道、地下道、涵洞)有照明,市區道路,50,單路部分,直路,其他,行人穿越道,柏油,濕潤,無缺陷,無障礙物,良好,良好,行車管制號誌,正常,中央分向島,寛式(50公分以上),未繪設車道線,未繪設快慢車道分隔線,有,人與汽(機)車,穿越道路中,駕駛人,搶越行人穿越道,死亡1;受傷0,2,人,行人,男,84,其他(行人、慢車駕駛人),非汽(機)車駕駛人,人的狀態,步行,其他,非汽(機)車,其他,非汽(機)車,行人(或乘客),未依標誌、標線、號誌或手勢指揮穿越道路,否,121.372480,25.080338
2020,12,20201202,064600,A1,臺中市政府警察局,臺中市大雅區中清路3段186號前0.0公尺,晴,日間自然光線,市區道路,40,單路部分,直路,路段,慢車道,柏油,乾燥,無缺陷,無障礙物,良好,良好,無號誌,無號誌,中央分向島,寛式(50公分以上),車道線(無標記),快慢車道分隔線,有,車與車,其他,駕駛人,未注意車前狀態,死亡1;受傷0,3,,,無或物(動物、堆置物),0,,,,,,,,,無(非車輛駕駛人因素),尚未發現肇事因素,否,120.645738,24.224815
2020,12,20201202,064600,A1,臺中市政府警察局,臺中市大雅區中清路3段186號前0.0公尺,晴,日間自然光線,市區道路,40,單路部分,直路,路段,慢車道,柏油,乾燥,無缺陷,無障礙物,良好,良好,無號誌,無號誌,中央分向島,寛式(50公分以上),車道線(無標記),快慢車道分隔線,有,車與車,其他,駕駛人,未注意車前狀態,死亡1;受傷0,1,機車,普通重型,男,23,戴安全帽或繫安全帶(使用幼童安全椅),未使用,車的狀態,向前直行中,機車,右側車身,,,駕駛人,未注意車前狀態,否,120.645738,24.224815
2020,12,20201202,064600,A1,臺中市政府警察局,臺中市大雅區中清路3段186號前0.0公尺,晴,日間自然光線,市區道路,40,單路部分,直路,路段,慢車道,柏油,乾燥,無缺陷,無障礙物,良好,良好,無號誌,無號誌,中央分向島,寛式(50公分以上),車道線(無標記),快慢車道分隔線,有,車與車,其他,駕駛人,未注意車前狀態,死亡1;受傷0,2,慢車,腳踏自行車,男,81,未戴案全帽或未繫安全帶(未使用幼童安全椅),非駕駛人,車的狀態,向前直行中,其他,非汽(機)車,,,無(車輛駕駛人因素),尚未發現肇事因素,否,120.645738,24.224815
2020,12,20201202,075802,A1,桃園市政府警察局,桃園市龍潭區神龍路口 / 桃園市龍潭區新龍路口,雨,日間自然光線,市區道路,40,交岔路,四岔路,其他,行人穿越道,柏油,濕潤,無缺陷,無障礙物,良好,良好,行車管制號誌(附設行人專用號誌),正常,無,無分向設施,未繪設車道線,未繪設快慢車道分隔線,無,人與汽(機)車,穿越道路中,駕駛人,搶越行人穿越道,死亡1;受傷0,2,人,行人,男,78,其他(無需使用保護裝備之人),非駕駛人,人的狀態,步行,其他,非汽(機)車,,,無(非車輛駕駛人因素),尚未發現肇事因素,否,121.213814,24.859426
2020,12,20201202,075802,A1,桃園市政府警察局,桃園市龍潭區神龍路口 / 桃園市龍潭區新龍路口,雨,日間自然光線,市區道路,40,交岔路,四岔路,其他,行人穿越道,柏油,濕潤,無缺陷,無障礙物,良好,良好,行車管制號誌(附設行人專用號誌),正常,無,無分向設施,未繪設車道線,未繪設快慢車道分隔線,無,人與汽(機)車,穿越道路中,駕駛人,搶越行人穿越道,死亡1;受傷0,1,小客車,自用,女,34,戴安全帽或繫安全帶(使用幼童安全椅),未使用,車的狀態,左轉彎,汽車,前車頭,汽車,左前車頭(身),駕駛人,搶越行人穿越道,否,121.213814,24.859426
2020,12,20201202,091044,A1,嘉義縣警察局,嘉義縣溪口鄉美北村157線12.5公里旁水溝,晴,日間自然光線,縣道,50,單路部分,直路,路段,路肩、路緣,柏油,乾燥,無缺陷,無障礙物,良好,良好,無號誌,無號誌,行車分向線,無標記,未繪設車道線,快慢車道分隔線,有,汽(機)車本身,衝出路外,其他,不明原因肇事,死亡1;受傷0,2,,,無或物(動物、堆置物),-1,,,,,,,,,無(非車輛駕駛人因素),尚未發現肇事因素,否,120.389757,23.597818
2020,12,20201202,091044,A1,嘉義縣警察局,嘉義縣溪口鄉美北村157線12.5公里旁水溝,晴,日間自然光線,縣道,50,單路部分,直路,路段,路肩、路緣,柏油,乾燥,無缺陷,無障礙物,良好,良好,無號誌,無號誌,行車分向線,無標記,未繪設車道線,快慢車道分隔線,有,汽(機)車本身,衝出路外,其他,不明原因肇事,死亡1;受傷0,1,慢車,電動輔助自行車,男,59,未戴案全帽或未繫安全帶(未使用幼童安全椅),不明,車的狀態,向前直行中,其他,不明,,,其他,不明原因肇事,否,120.389757,23.597818
2020,12,20201202,091343,A1,嘉義縣警察局,嘉義縣大林鎮明華里忠孝路5號旁路口,晴,日間自然光線,省道,60,交岔路,四岔路,交叉路口,交叉路口內,柏油,乾燥,無缺陷,無障礙物,良好,良好,行車管制號誌,正常,無,無分向設施,未繪設車道線,未繪設快慢車道分隔線,無,車與車,路口交岔撞,駕駛人,違反號誌管制或指揮,死亡1;受傷0,1,小客車,自用,男,28,戴安全帽或繫安全帶(使用幼童安全椅),未使用,車的狀態,向前直行中,汽車,左前車頭(身),,,駕駛人,違反號誌管制或指揮,否,120.445143,23.595840
2020,12,20201202,091343,A1,嘉義縣警察局,嘉義縣大林鎮明華里忠孝路5號旁路口,晴,日間自然光線,省道,60,交岔路,四岔路,交叉路口,交叉路口內,柏油,乾燥,無缺陷,無障礙物,良好,良好,行車管制號誌,正常,無,無分向設施,未繪設車道線,未繪設快慢車道分隔線,無,車與車,路口交岔撞,駕駛人,違反號誌管制或指揮,死亡1;受傷0,2,機車,普通重型,女,51,戴安全帽或繫安全帶(使用幼童安全椅),未使用,車的狀態,向前直行中,機車,前車頭,,,無(車輛駕駛人因素),尚未發現肇事因素,否,120.445143,23.595840
2020,12,20201202,101800,A1,屏東縣政府警察局,屏東縣佳冬鄉台17線 266公里300.0公尺處口向外側,晴,日間自然光線,省道,70,交岔路,三岔路,交叉路口,交叉口附近,柏油,乾燥,無缺陷,無障礙物,良好,良好,無號誌,無號誌,中央分向島,寛式(50公分以上),禁止變換車道線(無標記),未繪設快慢車道分隔線,有,車與車,側撞,駕駛人,迴轉未依規定,死亡1;受傷0,2,機車,大型重型1(550C.C.以上),男,23,戴安全帽或繫安全帶(使用幼童安全椅),未使用,車的狀態,向前直行中,機車,前車頭,機車,前車頭,駕駛人,未注意車前狀態,否,120.536218,22.422920